{"bad": 1.2, "badmz": 0.0, "boa": 4.39, "e": 5.21, "ehm": 32.120000000000005, "emdc": 0.2, "emz": 0.0, "fb": 1.3, "hsr": -0.05, "i": 13.82, "j": 3.86, "lpg": 5.78, "lr": 4.6902664194721515, "marcaK": 1.0, "marcaR": 1.0, "mcrew": 280.0, "p": 15.36, "pmz": 0.0, "rootcK": 1.91, "rootcR": 0.52, "roottcksK": 0.17, "roottcksR": 0.17, "spanK": 1.25, "spanR": 1.42, "spl": 16.89, "sweepKdeg": 0.6108652381980153, "sweepRdeg": 15.0, "tipcK": 1.28, "tipcR": 0.33, "tiptcksK": 0.1, "tiptcksR": 0.105, "xcea": 0.581541526110291}