{"bad": 1.2, "badmz": 1.0, "boa": 4.13, "e": 4.4, "ehm": 39.16, "emdc": 0.2, "emz": 2.0, "fb": 1.3, "hsr": -0.05, "i": 17.0, "j": 4.74, "lpg": 7.11, "lr": 4.12053495687843, "marcaK": 1.0, "marcaR": 1.0, "mcrew": 280.0, "p": 18.88, "pmz": 4.0, "rootcK": 5.21, "rootcR": 0.84, "roottcksK": 0.17, "roottcksR": 0.17, "spanK": 0.7, "spanR": 1.33, "spl": 20.77, "sweepKdeg": 0.6108652381980153, "sweepRdeg": 15.0, "tipcK": 3.47, "tipcR": 0.53, "tiptcksK": 0.1, "tiptcksR": 0.105, "xcea": 0.5797171751023928}