{"alcb": 1.9007990710503193, "alcb_coefficient": 0.21933224917788663, "am": 1.9396080000000002, "awp": 26.18539, "beta_n": "0", "bmt": 0.19922019941353128, "bwl": 3.41, "cb": 0.39, "cm": 0.72, "cp": 0.5416666666666667, "cwp": 0.7, "disp": 11.525312370000004, "gmlong": -38.93265685534253, "gmt": 0.610839247032579, "itwp": 2.2960750286546396, "kb": 0.5116190476190476, "kg": 0.1, "lcb": "5.13", "lcf": 4.8, "lwl": 10.97, "scb": 7.3092198057537425, "tc": 0.79}