{"bad": 1.2, "badmz": 0.0, "boa": 3.31, "e": 5.58, "ehm": 34.34, "emdc": 0.2, "emz": 0.0, "fb": 1.3, "hsr": -0.05, "i": 14.83, "j": 4.14, "lpg": 6.2, "lr": 4.916389245065043, "marcaK": 1.0, "marcaR": 1.0, "mcrew": 280.0, "p": 16.47, "pmz": 0.0, "rootcK": 2.96, "rootcR": 0.58, "roottcksK": 0.17, "roottcksR": 0.17, "spanK": 0.93, "spanR": 1.45, "spl": 18.12, "sweepKdeg": 0.6108652381980153, "sweepRdeg": 15.0, "tipcK": 1.98, "tipcR": 0.37, "tiptcksK": 0.1, "tiptcksR": 0.105, "xcea": 0.5740213164588637}