{"alcb": 8.22763681458432, "alcb_coefficient": 1.5249072031478674, "am": 1.46124, "awp": 25.33923, "beta_n": "0", "bmt": 1.667344952147026, "bwl": 3.69, "cb": 0.39, "cm": 0.72, "cp": 0.5416666666666667, "cwp": 0.7, "disp": 7.764664050000001, "gmlong": 27.57866926010909, "gmt": 1.9235354283375021, "itwp": 12.946373408884986, "kb": 0.3561904761904762, "kg": 0.1, "lcb": "4.58", "lcf": 4.29, "lwl": 9.81, "scb": 16.01785887476686, "tc": 0.55}