{"alcb": 4.243721761480388, "alcb_coefficient": 0.7062511252630124, "am": 1.403136, "awp": 24.366719999999994, "beta_n": "0", "bmt": 1.5922965793217085, "bwl": 3.36, "cb": 0.39, "cm": 0.72, "cp": 0.5416666666666667, "cwp": 0.7, "disp": 7.873931519999999, "gmlong": 12.260839496458914, "gmt": 1.8679156269407562, "itwp": 12.53763422510938, "kb": 0.37561904761904763, "kg": 0.1, "lcb": "4.84", "lcf": 4.53, "lwl": 10.36, "scb": 16.263822888923027, "tc": 0.58}