{"alcb": 3.244746567709091, "alcb_coefficient": 0.5399990959441305, "am": 1.3641599999999998, "awp": 24.366719999999994, "beta_n": "0", "bmt": 1.6341991208828064, "bwl": 3.36, "cb": 0.38, "cm": 0.7, "cp": 0.5428571428571429, "cwp": 0.7, "disp": 7.672035839999999, "gmlong": 12.579001939348185, "gmt": 1.9125800732637588, "itwp": 12.53763422510938, "kb": 0.3783809523809524, "kg": 0.1, "lcb": "4.84", "lcf": 4.53, "lwl": 10.36, "scb": 15.872924885208121, "tc": 0.58}