{"alcb": 6.342559288881357, "alcb_coefficient": 0.7318647276094015, "am": 1.9396080000000002, "awp": 26.18539, "beta_n": "0", "bmt": 1.2031267634833667, "bwl": 3.41, "cb": 0.39, "cm": 0.72, "cp": 0.5416666666666667, "cwp": 0.7, "disp": 11.525312370000004, "gmlong": 10.15401540746999, "gmt": 1.6147458111024142, "itwp": 13.866411769852913, "kb": 0.5116190476190476, "kg": 0.1, "lcb": "5.13", "lcf": 4.8, "lwl": 10.97, "scb": 23.332435234675543, "tc": 0.79}