{"bad": 1.2, "badmz": 0.0, "boa": 4.12, "e": 5.45, "ehm": 33.56, "emdc": 0.2, "emz": 0.0, "fb": 1.3, "hsr": -0.05, "i": 14.47, "j": 4.04, "lpg": 6.06, "lr": 4.291852281044215, "marcaK": 1.0, "marcaR": 1.0, "mcrew": 280.0, "p": 16.08, "pmz": 0.0, "rootcK": 2.37, "rootcR": 0.6, "roottcksK": 0.17, "roottcksR": 0.17, "spanK": 1.11, "spanR": 1.34, "spl": 17.68, "sweepKdeg": 0.6108652381980153, "sweepRdeg": 15.0, "tipcK": 1.58, "tipcR": 0.38, "tiptcksK": 0.1, "tiptcksR": 0.1, "xcea": 0.5572496420536348}