{"bad": 1.2, "badmz": 0.0, "boa": 4.37, "e": 5.38, "ehm": 33.160000000000004, "emdc": 0.2, "emz": 0.0, "fb": 1.3, "hsr": -0.05, "i": 14.29, "j": 3.99, "lpg": 5.98, "lr": 4.472754925196635, "marcaK": 1.0, "marcaR": 1.0, "mcrew": 280.0, "p": 15.88, "pmz": 0.0, "rootcK": 2.25, "rootcR": 0.57, "roottcksK": 0.17, "roottcksR": 0.17, "spanK": 1.14, "spanR": 1.38, "spl": 17.47, "sweepKdeg": 0.6108652381980153, "sweepRdeg": 15.0, "tipcK": 1.5, "tipcR": 0.36, "tiptcksK": 0.1, "tiptcksR": 0.105, "xcea": 0.5672067134197557}