{"alcb": 10.607864429347371, "alcb_coefficient": 1.5249071975946424, "am": 1.5445440000000001, "awp": 27.17484, "beta_n": "0", "bmt": 1.5774177607600173, "bwl": 3.46, "cb": 0.39, "cm": 0.72, "cp": 0.5416666666666667, "cwp": 0.7, "disp": 9.386966160000002, "gmlong": 13.179231308992504, "gmt": 1.8789415702838268, "itwp": 14.807167140437262, "kb": 0.40152380952380956, "kg": 0.1, "lcb": "5.24", "lcf": 4.91, "lwl": 11.22, "scb": 19.217633609844995, "tc": 0.62}