{"bad": 1.2, "badmz": 0.0, "boa": 3.44, "e": 5.44, "ehm": 33.480000000000004, "emdc": 0.2, "emz": 0.0, "fb": 1.3, "hsr": -0.05, "i": 14.44, "j": 4.03, "lpg": 6.04, "lr": 4.437623244245297, "marcaK": 1.0, "marcaR": 1.0, "mcrew": "280", "p": 16.04, "pmz": 0.0, "rootcK": 3.01, "rootcR": 0.59, "roottcksK": 0.175, "roottcksR": 0.17, "spanK": 0.87, "spanR": 1.36, "spl": 17.65, "sweepKdeg": 0.6108652381980153, "sweepRdeg": 15.0, "tipcK": 2.01, "tipcR": 0.37, "tiptcksK": 0.105, "tiptcksR": 0.105, "xcea": 0.5609617336563935}