{"bad": 1.2, "badmz": 0.0, "boa": 3.72, "e": 5.15, "ehm": 31.8, "emdc": 0.2, "emz": 0.0, "fb": 1.3, "hsr": -0.05, "i": 13.68, "j": 3.82, "lpg": 5.73, "lr": 4.240016884847506, "marcaK": 1.0, "marcaR": 1.0, "mcrew": 280.0, "p": 15.2, "pmz": 0.0, "rootcK": 2.38, "rootcR": 0.55, "roottcksK": 0.17, "roottcksR": 0.17, "spanK": 0.99, "spanR": 1.32, "spl": 16.72, "sweepKdeg": 0.6108652381980153, "sweepRdeg": 15.0, "tipcK": 1.59, "tipcR": 0.35, "tiptcksK": 0.1, "tiptcksR": 0.105, "xcea": 0.5637255297349056}