{"tn_sections": [0.0, 0.2359837541760078, 0.3783114856241074, 0.47046464264219495, 0.5272925784139407, 0.5552367608906229, 0.5568400957480328, 0.5320195390548648, 0.478011868447246, 0.387915234396416, 0.24550264072667582, 0.0], "tnx": 5.300991383089418, "x_i_keel": [0.0, 0.0673600191859429, 0.1370983196972539, 0.2091648809114952, 0.28350968220622874, 0.3600827029590166, 0.43883392254742093, 0.5197133203490036, 0.6026708757413268, 0.6876565681019525, 0.7746203768084428, 0.8635122812383601, 0.9542822607692656, 1.0468802947787221, 1.1412563626442913, 1.2373604437435355, 1.3351425174540168, 1.434552563153297, 1.535540560218938, 1.6380564880285027, 1.7420503259595517, 1.8474720533896483, 1.9542716496963541, 2.0623990942572314, 2.171804366449842, 2.2824374456517478, 2.394248311240511, 2.507186942593694, 2.6212033190888584, 2.7362474201035667, 2.8522692250153807, 2.9692187132018635, 3.087045864040574, 3.2057006569090776, 3.325133071184934, 3.4452930862457074, 3.566130681468958, 3.6875958362322496, 3.8096385299131432, 3.932208741889201, 4.055256451537985, 4.178731638237056, 4.302584281363979, 4.426764360296313, 4.551221854411624, 4.675906743087469, 4.800769005701413, 4.925758621631019, 5.0508255702538465, 5.175919830947459, 5.300991383089418, 5.4259902060572855, 5.550866279228623, 5.675569581980996, 5.800050093691963, 5.924257793739087, 6.048142661499929, 6.171654676352053, 6.294743817673021, 6.417360064840394, 6.539453397231734, 6.660973794224602, 6.781871235196563, 6.902095699525177, 7.021597166588006, 7.140325615762615, 7.258231026426561, 7.37526337795741, 7.491372649732723, 7.60650882113006, 7.720621871526986, 7.833661780301064, 7.945578526829851, 8.056322090490912, 8.16584245066181, 8.274089586720107, 8.381013478043364, 8.486564104009142, 8.590691443995006, 8.693345477378514, 8.794476183537231, 8.89403354184872, 8.991967531690541, 9.088228132440257, 9.182765323475428, 9.275529084173618, 9.36646939391239, 9.455536232069303, 9.542679578021925, 9.62784941114781, 9.710995710824525, 9.79206845642963, 9.871017627340688, 9.947793202935264, 10.022345162590916, 10.094623485685204, 10.164578151595698, 10.232159139699952, 10.297316429375533, 10.36], "x_keel": [0.0, 2.1830887644207224, 8.332808760582736, 10.36], "y_i_keel": [0.0, -0.02237088501394241, -0.04428522135413089, -0.06574300902056544, -0.08674424801324607, -0.10728893833217278, -0.12737707997734557, -0.14700867294876438, -0.16618371724642933, -0.1849022128703403, -0.20316415982049732, -0.22096955809690055, -0.23831840769954968, -0.25521070862844497, -0.27164646088358635, -0.2876256644649738, -0.30314831937260733, -0.31821442560648683, -0.33282398316661255, -0.34697699205298427, -0.3606734522656021, -0.37391336380446594, -0.38669672666957583, -0.39902354086093184, -0.41089380637853395, -0.42230752322238213, -0.43326469139247625, -0.44376531088881666, -0.45380938171140306, -0.46339690386023547, -0.4725278773353141, -0.4812023021366387, -0.48942017826420936, -0.4971815057180261, -0.504486284498089, -0.5113345146043978, -0.5177261960369528, -0.5236613287957539, -0.529139912880801, -0.5341619482920942, -0.5387274350296335, -0.5428363730934188, -0.5464887624834502, -0.5496846031997277, -0.5524238952422512, -0.5547066386110209, -0.5565328333060365, -0.5579024793272984, -0.5588155766748062, -0.5592721253485602, -0.5592721253485602, -0.5588155766748062, -0.5579024793272984, -0.5565328333060364, -0.5547066386110209, -0.5524238952422513, -0.5496846031997277, -0.5464887624834502, -0.5428363730934188, -0.5387274350296335, -0.5341619482920942, -0.529139912880801, -0.5236613287957539, -0.5177261960369528, -0.5113345146043978, -0.504486284498089, -0.4971815057180261, -0.48942017826420936, -0.4812023021366387, -0.4725278773353141, -0.46339690386023547, -0.45380938171140317, -0.4437653108888168, -0.4332646913924763, -0.4223075232223821, -0.4108938063785339, -0.39902354086093184, -0.3866967266695758, -0.3739133638044659, -0.36067345226560193, -0.34697699205298416, -0.33282398316661255, -0.31821442560648683, -0.30314831937260733, -0.2876256644649738, -0.2716464608835864, -0.255210708628445, -0.23831840769954973, -0.22096955809690033, -0.2031641598204972, -0.18490221287034017, -0.16618371724642914, -0.14700867294876424, -0.12737707997734543, -0.10728893833217266, -0.086744248013246, -0.06574300902056539, -0.044285221354130856, -0.022370885013942386, 0.0], "y_keel": [0.0, -0.7457722585770392, -0.7457722585770392, 0.0]}