{"tn_sections": [0.0, 0.34602820137293044, 0.541130619056671, 0.6656311062538061, 0.7427886162867988, 0.7821279906942975, 0.7873091583230735, 0.7581809453293753, 0.69064812752059, 0.5741210432185657, 0.3814704661012307, 0.0], "tnx": 5.708342052049859, "x_i_keel": [0.0, 0.06391427774423565, 0.13095146041662922, 0.20104456177370342, 0.2741265955719809, 0.35013057556798427, 0.42898951551823644, 0.5106364291792599, 0.5950043303075774, 0.6820262326597115, 0.771635149992185, 0.8637640960615208, 0.9583460846242411, 1.0553141294368689, 1.154601244255927, 1.256140442837938, 1.3598647389394247, 1.465707146316909, 1.5736006787269141, 1.6834783499259638, 1.7952731736705787, 1.9089181637172827, 2.024346333822599, 2.141490697743049, 2.2602842692351555, 2.3806600620554423, 2.5025510899604315, 2.6258903667066456, 2.750610906050608, 2.8766457217488397, 3.003927827557866, 3.1323902372342074, 3.261965964534386, 3.392588023214927, 3.524189427032352, 3.6567031897431828, 3.7900623251039427, 3.9241998468711556, 4.059048768801342, 4.194542104651027, 4.330612868176731, 4.467194073134977, 4.6042187332822895, 4.741619862375189, 4.879330474170201, 5.017283582423845, 5.155412200892645, 5.293649343333124, 5.431928023501804, 5.570181255155208, 5.708342052049859, 5.84634342794228, 5.984118396588992, 6.12159997174652, 6.258721167171386, 6.3954149966201115, 6.53161447384922, 6.667252612615233, 6.802262426674675, 6.936576929784069, 7.070129135699936, 7.202852058178798, 7.334678710977181, 7.465542107851604, 7.595375262558592, 7.724111188854668, 7.851682900496353, 7.978023411240169, 8.103065734842643, 8.226742885060291, 8.348987875649643, 8.469733720367218, 8.588913432969537, 8.706460027213126, 8.822306516854507, 8.936385915650199, 9.04863123735673, 9.158975495730619, 9.26735170452839, 9.373692877506567, 9.47793202842167, 9.580002171030223, 9.67983631908875, 9.777367486353771, 9.872528686581811, 9.96525293352939, 10.055473240953035, 10.143122622609264, 10.228134092254606, 10.310440663645576, 10.3899753505387, 10.466671166690501, 10.5404611258575, 10.611278241796224, 10.679055528263195, 10.743725999014927, 10.805222667807955, 10.863478548398795, 10.918426654543968, 10.97], "x_keel": [0.0, 2.05690638556692, 9.3245, 10.97], "y_i_keel": [0.0, -0.031569453805752885, -0.06249463304404141, -0.09277553771486562, -0.12241216781822545, -0.15140452335412094, -0.1797526043225521, -0.2074564107235189, -0.2345159425570214, -0.2609311998230595, -0.2867021825216332, -0.3118288906527427, -0.3363113242163877, -0.36014948321256846, -0.38334336764128485, -0.40589297750253694, -0.42779831279632474, -0.449059373522648, -0.46967615968150705, -0.4896486712729018, -0.5089769082968321, -0.527660870753298, -0.5457005586422996, -0.5630959719638369, -0.5798471107179098, -0.5959539749045184, -0.6114165645236627, -0.6262348795753426, -0.6404089200595583, -0.6539386859763094, -0.6668241773255964, -0.679065394107419, -0.6906623363217771, -0.701615003968671, -0.7119233970481005, -0.7215875155600657, -0.7306073595045666, -0.738982928881603, -0.7467142236911751, -0.7538012439332828, -0.7602439896079263, -0.7660424607151055, -0.7711966572548201, -0.7757065792270705, -0.7795722266318567, -0.7827935994691784, -0.7853706977390358, -0.7873035214414288, -0.7885920705763576, -0.7892363451438218, -0.7892363451438218, -0.7885920705763576, -0.7873035214414288, -0.7853706977390357, -0.7827935994691784, -0.7795722266318568, -0.7757065792270705, -0.7711966572548201, -0.7660424607151055, -0.7602439896079263, -0.7538012439332828, -0.746714223691175, -0.738982928881603, -0.7306073595045666, -0.7215875155600657, -0.7119233970481005, -0.701615003968671, -0.6906623363217771, -0.679065394107419, -0.6668241773255964, -0.6539386859763094, -0.6404089200595584, -0.626234879575343, -0.6114165645236627, -0.5959539749045184, -0.5798471107179097, -0.5630959719638369, -0.5457005586422996, -0.5276608707532979, -0.508976908296832, -0.4896486712729016, -0.46967615968150705, -0.449059373522648, -0.42779831279632474, -0.40589297750253694, -0.38334336764128496, -0.36014948321256857, -0.33631132421638776, -0.3118288906527424, -0.28670218252163304, -0.2609311998230593, -0.23451594255702113, -0.2074564107235187, -0.17975260432255197, -0.15140452335412077, -0.12241216781822532, -0.09277553771486552, -0.06249463304404136, -0.03156945380575285, 0.0], "y_keel": [0.0, -1.0524225059530066, -1.0524225059530066, 0.0]}