{"tn_sections": [0.0, 0.23213775546435558, 0.36328985585725626, 0.44704942271205445, 0.49899655816180427, 0.5255190409389499, 0.5290715690177707, 0.5095497328618701, 0.464198541322996, 0.3858970992535095, 0.2564063769337413, 0.0], "tnx": 5.1073921540400455, "x_i_keel": [0.0, 0.05736915010098148, 0.11752231603143752, 0.1803997281616684, 0.2459416168619743, 0.3140882125026555, 0.3847797454540123, 0.4579564460863446, 0.5335585447699531, 0.6115262718751378, 0.6917998577721987, 0.7743195328314367, 0.8590255274231513, 0.9458580719176432, 1.0347573966852124, 1.1256637320961596, 1.2185173085207845, 1.3132583563293871, 1.4098271058922685, 1.5081637875797285, 1.608208631762067, 1.7099018688095846, 1.8131837290925816, 1.9179944429813582, 2.024274240846214, 2.1319633530574507, 2.241002009985367, 2.351330442000264, 2.462888879472442, 2.5756175527722, 2.689456692269841, 2.804346528335662, 2.9202272913399643, 3.037039211653049, 3.1547225196452158, 3.2732174456867646, 3.3924642201479966, 3.512403073399212, 3.6329742358107096, 3.7541179377527905, 3.8757744095957545, 3.997883881709903, 4.120386584465535, 4.243222748232951, 4.366332603382453, 4.489656380284339, 4.613134309308909, 4.736706620826466, 4.8603135452073065, 4.983895312821733, 5.1073921540400455, 5.230744299232546, 5.35389197876953, 5.476775423021302, 5.599334862358161, 5.721510527150407, 5.84324264776834, 5.96447145458226, 6.085137177962469, 6.205180048279265, 6.324540295902951, 6.443158151203823, 6.560973844552187, 6.6779276063183355, 6.793959666872576, 6.909010256585206, 7.023019605826525, 7.1359279449668325, 7.247675504376433, 7.358202514425622, 7.4674492054847015, 7.575355807923973, 7.681862552113736, 7.78690966842429, 7.8904373872259335, 7.992385938888971, 8.092695553783699, 8.19130646228042, 8.288158894749433, 8.38319308156104, 8.476349253085539, 8.56756763969323, 8.656788471754417, 8.743951979639396, 8.82899839371847, 8.911867944361937, 8.9925008619401, 9.070837376823254, 9.146817719381708, 9.220382119985754, 9.291470809005697, 9.360024016811833, 9.425981973774466, 9.489284910263896, 9.549873056650421, 9.607686643304342, 9.662665900595963, 9.714751058895578, 9.76388234857349, 9.81], "x_keel": [0.0, 1.846588226219361, 8.3385, 9.81], "y_i_keel": [0.0, -0.021213770271841945, -0.04199460645650344, -0.062342508553984495, -0.0822574765642851, -0.10173951048740525, -0.12078861032334497, -0.1394047760721042, -0.15758800773368303, -0.17533830530808137, -0.19265566879529925, -0.20954009819533675, -0.22599159350819373, -0.24201015473387028, -0.2575957818723664, -0.27274847492368215, -0.2874682338878174, -0.3017550587647721, -0.31560894955454644, -0.32902990625714035, -0.3420179288725538, -0.3545730174007868, -0.36669517184183925, -0.3783843921957113, -0.38964067846240297, -0.4004640306419142, -0.4108544487342449, -0.4208119327393952, -0.4303364826573651, -0.43942809848815445, -0.44808678023176346, -0.456312527888192, -0.46410534145744, -0.47146522093950766, -0.47839216633439485, -0.4848861776421015, -0.4909472548626278, -0.4965753979959736, -0.5017706070421389, -0.5065328820011239, -0.5108622228729285, -0.5147586296575524, -0.518222102354996, -0.5212526409652591, -0.5238502454883418, -0.526014915924244, -0.5277466522729658, -0.5290454545345071, -0.5299113227088681, -0.5303442567960486, -0.5303442567960486, -0.5299113227088681, -0.5290454545345071, -0.5277466522729658, -0.5260149159242441, -0.5238502454883418, -0.5212526409652591, -0.518222102354996, -0.5147586296575524, -0.5108622228729285, -0.5065328820011239, -0.5017706070421389, -0.4965753979959736, -0.4909472548626278, -0.4848861776421015, -0.47839216633439485, -0.47146522093950766, -0.46410534145744, -0.456312527888192, -0.44808678023176346, -0.43942809848815445, -0.4303364826573652, -0.4208119327393954, -0.4108544487342449, -0.40046403064191416, -0.38964067846240297, -0.37838439219571135, -0.36669517184183925, -0.35457301740078667, -0.34201792887255367, -0.32902990625714024, -0.31560894955454644, -0.3017550587647721, -0.2874682338878174, -0.27274847492368215, -0.2575957818723665, -0.24201015473387036, -0.22599159350819378, -0.20954009819533656, -0.1926556687952991, -0.17533830530808123, -0.15758800773368284, -0.13940477607210408, -0.12078861032334484, -0.10173951048740514, -0.082257476564285, -0.06234250855398444, -0.04199460645650341, -0.021213770271841924, 0.0], "y_keel": [0.0, -0.7071978314092615, -0.7071978314092615, 0.0]}