{"tn_sections": [0.0, 0.25128883476943403, 0.3908173241468069, 0.4784038998492125, 0.5312073992525944, 0.5562504448747101, 0.5562679315062836, 0.5312592167369095, 0.4784876156472895, 0.39092638364518595, 0.2514026945348486, 0.0], "tnx": 5.244941823024083, "x_i_keel": [0.0, 0.058323821362560285, 0.1194848214220674, 0.18342449032398747, 0.2500843182137867, 0.3194057952369311, 0.3913304115388868, 0.46579965726512, 0.5427550225610971, 0.6221379975722836, 0.703890072444146, 0.7879527373221509, 0.8742674823517633, 0.9627757976784502, 1.0534191734476777, 1.1461390998049117, 1.2408770668956186, 1.337574564865264, 1.4361730838593143, 1.5366141140232363, 1.6388391455024949, 1.742789668442557, 1.8484071729888887, 1.9556331492869559, 2.0644090874822245, 2.1746764777201615, 2.286376810146232, 2.3994515749059038, 2.513842262144641, 2.6294903620079104, 2.746337364641179, 2.8643247601899127, 2.9833940387995757, 3.103486690615636, 3.22454420578356, 3.3465080744488125, 3.469319786756861, 3.5929208328531717, 3.7172527028832087, 3.8422568869924403, 3.9678748753263307, 4.094048158030348, 4.220718225249957, 4.347826567130624, 4.475314673817818, 4.603124035456999, 4.731196142193638, 4.859472484173201, 4.987894551541151, 5.116403834442957, 5.244941823024083, 5.373450007429999, 5.5018698778061665, 5.630142924298054, 5.7582106370511275, 5.886014506210853, 6.0134960219226965, 6.140596674332122, 6.2672579535846005, 6.393421349825594, 6.5190283532005715, 6.644020453854995, 6.768339141934337, 6.891925907584056, 7.014722240949624, 7.136669632176506, 7.257709571410166, 7.377783548796071, 7.496833054479689, 7.614799578606483, 7.731624611321922, 7.847249642771473, 7.961616163100597, 8.074665662454766, 8.18633963097944, 8.296579558820092, 8.405326936122183, 8.51252325303118, 8.61810999969255, 8.72202866625176, 8.824220742854274, 8.92462771964556, 9.023191086771085, 9.119852334376313, 9.21455295260671, 9.30723443160774, 9.397838261524875, 9.486305932503578, 9.572578934689318, 9.656598758227556, 9.73830689326376, 9.817644829943395, 9.894554058411929, 9.96897606881483, 10.040852351297564, 10.11012439600559, 10.176733693084383, 10.240621732679406, 10.301730004936122, 10.36], "x_keel": [0.0, 1.8772290480649938, 8.48456534497371, 10.36], "y_i_keel": [0.0, -0.02237088501394242, -0.04428522135413091, -0.06574300902056547, -0.08674424801324611, -0.10728893833217282, -0.12737707997734563, -0.14700867294876446, -0.16618371724642939, -0.1849022128703404, -0.20316415982049743, -0.22096955809690064, -0.2383184076995498, -0.2552107086284451, -0.27164646088358646, -0.2876256644649739, -0.3031483193726075, -0.31821442560648705, -0.33282398316661266, -0.3469769920529845, -0.3606734522656022, -0.3739133638044661, -0.38669672666957605, -0.39902354086093206, -0.4108938063785341, -0.4223075232223823, -0.4332646913924765, -0.4437653108888169, -0.4538093817114033, -0.46339690386023563, -0.4725278773353143, -0.48120230213663895, -0.4894201782642096, -0.49718150571802633, -0.5044862844980892, -0.511334514604398, -0.517726196036953, -0.5236613287957541, -0.5291399128808012, -0.5341619482920944, -0.5387274350296336, -0.542836373093419, -0.5464887624834505, -0.5496846031997279, -0.5524238952422514, -0.5547066386110211, -0.5565328333060369, -0.5579024793272986, -0.5588155766748065, -0.5592721253485604, -0.5592721253485604, -0.5588155766748065, -0.5579024793272986, -0.5565328333060368, -0.5547066386110211, -0.5524238952422516, -0.5496846031997279, -0.5464887624834505, -0.542836373093419, -0.5387274350296336, -0.5341619482920944, -0.5291399128808012, -0.5236613287957541, -0.517726196036953, -0.511334514604398, -0.5044862844980892, -0.49718150571802633, -0.4894201782642096, -0.48120230213663895, -0.4725278773353143, -0.46339690386023574, -0.4538093817114034, -0.44376531088881704, -0.43326469139247653, -0.4223075232223822, -0.41089380637853407, -0.399023540860932, -0.386696726669576, -0.37391336380446605, -0.36067345226560216, -0.3469769920529843, -0.33282398316661266, -0.31821442560648705, -0.3031483193726075, -0.2876256644649739, -0.27164646088358657, -0.25521070862844514, -0.23831840769954984, -0.22096955809690041, -0.20316415982049726, -0.18490221287034023, -0.16618371724642925, -0.1470086729487643, -0.1273770799773455, -0.1072889383321727, -0.08674424801324603, -0.06574300902056542, -0.04428522135413088, -0.022370885013942396, 0.0], "y_keel": [0.0, -0.7457722585770395, -0.7457722585770395, 0.0]}