{"tn_sections": [0.0, 0.24479981460667533, 0.3831056659613384, 0.4714339365263093, 0.5262145521555648, 0.5541837158678666, 0.557930018251246, 0.5373433547018542, 0.48951846182497427, 0.4069460320071765, 0.27039217935648424, 0.0], "tnx": 5.393739320359538, "x_i_keel": [0.0, 0.06058556538184958, 0.12411123310198098, 0.1905138825321734, 0.259730393044206, 0.3316976440098579, 0.4063525148009084, 0.4836318847891365, 0.5634726333463216, 0.6458116398442426, 0.7305857836546789, 0.8177319441494099, 0.9071870007002139, 0.9988878326788708, 1.0927713194571598, 1.18877434040686, 1.2868337748997503, 1.38688650230761, 1.4888694020022184, 1.592719353355355, 1.698373235738798, 1.805767928524327, 1.9148403110837215, 2.0255272627887604, 2.1377656630112236, 2.251492391122889, 2.3666443264955364, 2.4831583485009454, 2.6009713365108946, 2.7200201698971633, 2.8402417280315313, 2.961572890285777, 3.083950536031679, 3.2073115446410174, 3.3315927954855713, 3.4567311679371193, 3.5826635413674417, 3.7093267951483186, 3.836657808651526, 3.9645934612488443, 4.093070632312053, 4.222026201212931, 4.3513970473232595, 4.481120050014815, 4.611132088659379, 4.741370042628727, 4.871770791294642, 5.002271214028902, 5.132808190203285, 5.263318599189571, 5.393739320359538, 5.524007233084969, 5.654059216737638, 5.783832150689329, 5.913262914311818, 6.042288386976885, 6.170845448056308, 6.29887097692187, 6.426301852945347, 6.553074955498517, 6.679127163953163, 6.80439535768106, 6.9288164160539925, 7.052327218443733, 7.174864644222065, 7.296365572760768, 7.416766883431619, 7.536005455606398, 7.654018168656886, 7.7707419019548585, 7.886113534872097, 8.000069946780382, 8.112548017051491, 8.223484625057203, 8.332816650169296, 8.44048097175955, 8.546414469199746, 8.650554021861662, 8.752836509117076, 8.85319881033777, 8.951577804895521, 9.047910372162107, 9.142133391509311, 9.234183742308911, 9.323998303932681, 9.411513955752406, 9.496667577139863, 9.579396047466833, 9.659636246105096, 9.737325052426426, 9.812399345802607, 9.884796005605413, 9.954451911206627, 10.021303941978031, 10.085288977291402, 10.146343896518513, 10.204405579031151, 10.259410904201092, 10.311296751400114, 10.36], "x_keel": [0.0, 1.9501176421089566, 8.806, 10.36], "y_i_keel": [0.0, -0.022370885013942413, -0.0442852213541309, -0.06574300902056546, -0.08674424801324608, -0.10728893833217279, -0.12737707997734557, -0.1470086729487644, -0.16618371724642936, -0.18490221287034034, -0.20316415982049735, -0.22096955809690058, -0.2383184076995497, -0.25521070862844497, -0.27164646088358635, -0.28762566446497384, -0.3031483193726074, -0.31821442560648694, -0.3328239831666126, -0.3469769920529844, -0.36067345226560216, -0.37391336380446605, -0.3866967266695759, -0.3990235408609319, -0.410893806378534, -0.4223075232223822, -0.43326469139247636, -0.4437653108888167, -0.45380938171140317, -0.46339690386023547, -0.4725278773353141, -0.48120230213663884, -0.4894201782642094, -0.49718150571802616, -0.5044862844980891, -0.5113345146043979, -0.5177261960369529, -0.5236613287957539, -0.5291399128808011, -0.5341619482920943, -0.5387274350296336, -0.5428363730934189, -0.5464887624834502, -0.5496846031997278, -0.5524238952422513, -0.5547066386110209, -0.5565328333060366, -0.5579024793272984, -0.5588155766748064, -0.5592721253485602, -0.5592721253485602, -0.5588155766748064, -0.5579024793272984, -0.5565328333060366, -0.5547066386110209, -0.5524238952422513, -0.5496846031997278, -0.5464887624834502, -0.5428363730934189, -0.5387274350296336, -0.5341619482920943, -0.529139912880801, -0.523661328795754, -0.5177261960369529, -0.5113345146043979, -0.5044862844980891, -0.49718150571802616, -0.4894201782642094, -0.48120230213663884, -0.4725278773353141, -0.4633969038602356, -0.4538093817114032, -0.4437653108888169, -0.43326469139247636, -0.42230752322238213, -0.41089380637853395, -0.3990235408609319, -0.3866967266695759, -0.3739133638044659, -0.360673452265602, -0.34697699205298427, -0.3328239831666126, -0.31821442560648694, -0.3031483193726074, -0.28762566446497384, -0.27164646088358646, -0.2552107086284451, -0.2383184076995498, -0.22096955809690036, -0.20316415982049724, -0.1849022128703402, -0.16618371724642916, -0.14700867294876427, -0.12737707997734546, -0.10728893833217268, -0.086744248013246, -0.06574300902056539, -0.04428522135413086, -0.02237088501394239, 0.0], "y_keel": [0.0, -0.7457722585770393, -0.7457722585770393, 0.0]}