{"tn_sections": [0.0, 0.24117002367969553, 0.37742513301512653, 0.46444370854012257, 0.5184120599070029, 0.5459665084858648, 0.5496572623080037, 0.529375849352624, 0.48226008426834427, 0.40091200435027396, 0.266382915817459, 0.0], "tnx": 5.512859743361215, "x_i_keel": [0.0, 0.061923594283712004, 0.12685222288748058, 0.19472137116779087, 0.26546652448112773, 0.3390231681839762, 0.4153267876328215, 0.49431286818414827, 0.5759168951944419, 0.660074354020187, 0.7467207300178691, 0.835791508543973, 0.9272221749549833, 1.0209482146073854, 1.1169051128576644, 1.2150283550623053, 1.315253426577793, 1.4175158127606124, 1.5217509989672484, 1.627894470554187, 1.7358817128779118, 1.8456482112949084, 1.957129451161662, 2.0702609178346574, 2.1849780966703802, 2.301216473025314, 2.4189115322559456, 2.537998759718759, 2.6584136407702395, 2.7800916607668715, 2.902968305065141, 3.0269790590215333, 3.1520594079925304, 3.278144837334621, 3.405170832404288, 3.533072878558017, 3.6617864611522934, 3.791247065543603, 3.9213901770884285, 4.0521512811432565, 4.183465863064571, 4.315269408208858, 4.447497401932602, 4.580085329592288, 4.712968676544403, 4.846082928145429, 4.979363569751851, 5.112746086720157, 5.2461659644068295, 5.379558688168354, 5.512859743361215, 5.646004615341899, 5.77892878946689, 5.911567751092674, 6.0438569855757365, 6.175731978272561, 6.30712821453963, 6.437981179733432, 6.568226359210454, 6.6977992383271765, 6.826635302440088, 6.954670036905668, 7.08183892708041, 7.208077458320792, 7.333321115983302, 7.457505385424424, 7.580565752000645, 7.702437701068446, 7.823056717984317, 7.942358288104739, 8.060277896786198, 8.176751029385182, 8.291713171258174, 8.405099807761655, 8.516846424252115, 8.626888506086036, 8.735161538619908, 8.841601007210212, 8.946142397213432, 9.048721193986054, 9.149272882884565, 9.247732949265451, 9.344036878485191, 9.438120155900275, 9.529918266867186, 9.61936669674241, 9.706400930882433, 9.790956454643737, 9.872968753382814, 9.952373312456139, 10.029105617220203, 10.103101153031488, 10.17429540524648, 10.242623859221668, 10.308022000313535, 10.37042531387856, 10.429769285273238, 10.485989399854047, 10.539021142977472, 10.5888], "x_keel": [0.0, 1.9931858840028966, 9.000480000000001, 10.5888], "y_i_keel": [0.0, -0.022039178767015645, -0.04362857837552076, -0.06476819882551536, -0.08545804011699944, -0.10569810224997297, -0.12548838522443603, -0.1448288890403885, -0.1637196136978305, -0.18216055919676194, -0.20015172553718283, -0.21769311271909328, -0.23478472074249312, -0.2514265496073825, -0.2676185993137613, -0.28336086986162967, -0.2986533612509875, -0.3134960734818347, -0.32788900655417147, -0.3418321604679977, -0.35532553522331345, -0.36836913082011863, -0.38096294725841323, -0.39310698453819726, -0.4048012426594709, -0.41604572162223397, -0.4268404214264865, -0.4371853420722286, -0.4470804835594601, -0.456525845888181, -0.46552142905839156, -0.4740672330700916, -0.48216325792328096, -0.48980950361795983, -0.49700597015412823, -0.503752657531786, -0.5100495657509334, -0.5158966948115702, -0.5212940447136964, -0.5262416154573122, -0.5307394070424174, -0.5347874194690122, -0.5383856527370964, -0.5415341068466699, -0.5442327817977332, -0.5464816775902857, -0.5482807942243278, -0.5496301316998594, -0.5505296900168806, -0.5509794691753911, -0.5509794691753911, -0.5505296900168806, -0.5496301316998594, -0.5482807942243277, -0.5464816775902858, -0.5442327817977332, -0.5415341068466699, -0.5383856527370964, -0.5347874194690122, -0.5307394070424174, -0.5262416154573122, -0.5212940447136964, -0.5158966948115702, -0.5100495657509334, -0.503752657531786, -0.49700597015412823, -0.48980950361795983, -0.48216325792328096, -0.4740672330700916, -0.46552142905839156, -0.4565258458881811, -0.4470804835594602, -0.43718534207222876, -0.42684042142648654, -0.4160457216222339, -0.4048012426594708, -0.3931069845381973, -0.3809629472584132, -0.36836913082011846, -0.35532553522331334, -0.34183216046799764, -0.32788900655417147, -0.3134960734818347, -0.2986533612509875, -0.28336086986162967, -0.2676185993137614, -0.25142654960738253, -0.23478472074249318, -0.21769311271909308, -0.20015172553718272, -0.1821605591967618, -0.1637196136978303, -0.14482888904038838, -0.12548838522443592, -0.10569810224997286, -0.08545804011699934, -0.0647681988255153, -0.043628578375520734, -0.02203917876701562, 0.0], "y_keel": [0.0, -0.7347142554269398, -0.7347142554269398, 0.0]}