{"tn_sections": [0.0, 0.26168255972654036, 0.4095267457479598, 0.5039466213637187, 0.5625052106703853, 0.5924032823884385, 0.5964079505859645, 0.5744015172328529, 0.5232783559358041, 0.43501127578845145, 0.2890399159929569, 0.0], "tnx": 5.841482164746287, "x_i_keel": [0.0, 0.06561486947599926, 0.13441390382318538, 0.2063287426703208, 0.2812910256461678, 0.3592323923794888, 0.4400844824990462, 0.5237789356336022, 0.6102473914119194, 0.69942148946276, 0.7912328694148862, 0.885613170897061, 0.982494033538046, 1.0818070969666038, 1.183484000811497, 1.2874563847014884, 1.3936558882653394, 1.5020141511318128, 1.612462812929671, 1.7249335132876766, 1.8393578918345912, 1.9556675881991779, 2.0737942420101985, 2.1936694928964156, 2.315224980486592, 2.4383923444094897, 2.5631032242938714, 2.6892892597684988, 2.816882090462135, 2.945813356003541, 3.0760146960214816, 3.2074177501447174, 3.33995415800201, 3.473555559222124, 3.60815359343382, 3.7436799002658607, 3.880066119347009, 4.017243890306029, 4.155144852771678, 4.293700646372723, 4.432842910737924, 4.572503285496046, 4.712613410275848, 4.853104924706093, 4.993909468415548, 5.134958681032968, 5.27618420218712, 5.417517671506766, 5.558890728620669, 5.700235013157587, 5.841482164746287, 5.98256382301553, 6.123411627594078, 6.2639572181106935, 6.40413223419414, 6.543868315473179, 6.683097101576571, 6.821750232133081, 6.95975934677147, 7.097056085120501, 7.2335720868089375, 7.369238991465537, 7.5039884387190705, 7.637752068198292, 7.770461519531967, 7.902048432348859, 8.03244444627773, 8.161581200947339, 8.289390335986454, 8.415803491023832, 8.540752305688239, 8.664168419608437, 8.785983472413186, 8.906129103731253, 9.024536953191395, 9.141138660422378, 9.25586586505296, 9.368650206711909, 9.479423325027984, 9.588116859629949, 9.694662450146563, 9.798991736206593, 9.9010363574388, 10.000727953471944, 10.09799816393479, 10.192778628456098, 10.285000986664633, 10.374596878189154, 10.461497942658431, 10.545635819701216, 10.626942148946277, 10.705348570022375, 10.780786722558272, 10.853188246182734, 10.922484780524522, 10.988607965212392, 11.051489439875116, 11.11106084414145, 11.167253817640157, 11.22], "x_keel": [0.0, 2.112000008249778, 9.537, 11.22], "y_i_keel": [0.0, -0.023913704670076374, -0.04733937455096751, -0.07027700964267343, -0.0927266099451941, -0.11468817545852955, -0.13616170618267975, -0.1571472021176447, -0.1776446632634245, -0.19765408962001899, -0.21717548118742824, -0.23620883796565234, -0.2547541599546911, -0.27281144715454464, -0.290380699565213, -0.3074619171866962, -0.32405510001899407, -0.3401602480621067, -0.35577736131603416, -0.3709064397807764, -0.3855474834563334, -0.3997004923427051, -0.41336546643989147, -0.4265424057478927, -0.4392313102667088, -0.45143217999633956, -0.4631450149367851, -0.4743698150880455, -0.4851065804501206, -0.4953553110230104, -0.5051160068067151, -0.5143886678012346, -0.5231732940065688, -0.5314698854227177, -0.5392784420496815, -0.5465989638874598, -0.5534314509360532, -0.5597759031954611, -0.5656323206656839, -0.5710007033467215, -0.5758810512385738, -0.5802733643412409, -0.5841776426547227, -0.5875938861790193, -0.5905220949141308, -0.5929622688600569, -0.5949144080167978, -0.5963785123843536, -0.5973545819627241, -0.5978426167519093, -0.5978426167519093, -0.5973545819627241, -0.5963785123843536, -0.5949144080167978, -0.5929622688600569, -0.5905220949141308, -0.5875938861790193, -0.5841776426547227, -0.5802733643412409, -0.5758810512385738, -0.5710007033467215, -0.5656323206656838, -0.5597759031954612, -0.5534314509360532, -0.5465989638874598, -0.5392784420496815, -0.5314698854227177, -0.5231732940065688, -0.5143886678012346, -0.5051160068067151, -0.49535531102301045, -0.48510658045012073, -0.4743698150880457, -0.46314501493678517, -0.4514321799963395, -0.43923131026670875, -0.4265424057478927, -0.41336546643989147, -0.39970049234270494, -0.3855474834563332, -0.3709064397807763, -0.35577736131603416, -0.3401602480621067, -0.32405510001899407, -0.3074619171866962, -0.2903806995652131, -0.27281144715454475, -0.25475415995469114, -0.23620883796565212, -0.2171754811874281, -0.19765408962001882, -0.1776446632634243, -0.15714720211764457, -0.13616170618267964, -0.11468817545852943, -0.09272660994519401, -0.07027700964267336, -0.04733937455096748, -0.02391370467007635, 0.0], "y_keel": [0.0, -0.7972048281340766, -0.7972048281340766, 0.0]}