{"tn_sections": [0.0, 0.4405946428486199, 0.689016822626841, 0.8475421898765257, 0.945786163775849, 0.9958766406615026, 1.0024737755054536, 0.965385079991547, 0.8793961414398255, 0.7310232374623886, 0.4857229645551224, 0.0], "tnx": 5.908055970173808, "x_i_keel": [0.0, 0.06615040353983066, 0.1355329709781146, 0.2080783724688099, 0.28371727816587444, 0.36238035822326636, 0.44399828279494363, 0.5285017220348641, 0.6158213460969862, 0.7058878251352675, 0.7986318293036659, 0.8939840287561404, 0.9918750936466475, 1.0922356941291462, 1.1949965003575944, 1.3000881824859505, 1.4074414106681719, 1.516986855058216, 1.628655185810042, 1.742377073077608, 1.8580831870148706, 1.9757041977757888, 2.095170775514321, 2.2164135903844246, 2.339363312540057, 2.4639506121351773, 2.5901061593237436, 2.717760624259713, 2.846844677097044, 2.977288987989694, 3.1090242270916235, 3.2419810645567875, 3.3760901705391437, 3.5112822151926526, 3.6474878686712717, 3.784637801128957, 3.922662682719669, 4.061493183597364, 4.201059973916001, 4.341293723829538, 4.482125103491932, 4.623484783057142, 4.765303432679126, 4.907511722511841, 5.050040322709247, 5.192819903425299, 5.335781134813958, 5.47885468702918, 5.621971230224924, 5.765061434555148, 5.908055970173808, 6.050885507234866, 6.193480715892276, 6.335772266299999, 6.477690828611991, 6.619167072982212, 6.760131669564618, 6.9005152885131675, 7.04024859998182, 7.1792622741245316, 7.317486981095261, 7.454853391047965, 7.591292174136607, 7.726734000515136, 7.861109540337516, 7.994349463757704, 8.126384440929659, 8.257145142007337, 8.386562237144698, 8.514566396495697, 8.641088290214295, 8.766058588454452, 8.889407961370118, 9.01106707911526, 9.130966611843828, 9.249037229709788, 9.365209602867091, 9.4794144014697, 9.59158229567157, 9.70164395562666, 9.809530051488927, 9.915171253412332, 10.01849823155083, 10.119441656058381, 10.21793219708894, 10.313900524796468, 10.407277309334923, 10.49799322085826, 10.585978929520444, 10.671165105475424, 10.753482418877162, 10.832861539879616, 10.909233138636747, 10.98252788530251, 11.052676450030862, 11.119609502975758, 11.183257714291168, 11.243551754131037, 11.300422292649328, 11.3538], "x_keel": [0.0, 2.1288699841834697, 9.65073, 11.3538], "y_i_keel": [0.0, -0.04019710581624238, -0.07957386253419409, -0.11813027015385517, -0.15586632867522557, -0.19278203809830527, -0.22887739842309437, -0.26415240964959275, -0.29860707177780055, -0.33224138480771764, -0.365055348739344, -0.3970489635726798, -0.42822222930772486, -0.4585751459444793, -0.488107713482943, -0.5168199319231163, -0.5447118012649987, -0.5717833215085906, -0.5980344926538916, -0.6234653147009023, -0.648075787649622, -0.6718659115000511, -0.6948356862521896, -0.7169851119060373, -0.7383141884615946, -0.7588229159188611, -0.7785112942778369, -0.797379323538522, -0.8154270037009167, -0.8326543347650205, -0.8490613167308338, -0.8646479495983563, -0.8794142333675883, -0.8933601680385295, -0.9064857536111801, -0.91879099008554, -0.9302758774616091, -0.9409404157393878, -0.9507846049188757, -0.959808445000073, -0.9680119359829796, -0.9753950778675955, -0.9819578706539208, -0.9877003143419554, -0.9926224089316994, -0.9967241544231527, -1.0000055508163153, -1.0024665981111873, -1.0041072963077688, -1.0049276454060594, -1.0049276454060594, -1.0041072963077688, -1.0024665981111873, -1.0000055508163153, -0.9967241544231528, -0.9926224089316995, -0.9877003143419554, -0.9819578706539208, -0.9753950778675955, -0.9680119359829796, -0.959808445000073, -0.9507846049188756, -0.9409404157393879, -0.9302758774616091, -0.91879099008554, -0.9064857536111801, -0.8933601680385295, -0.8794142333675883, -0.8646479495983563, -0.8490613167308338, -0.8326543347650206, -0.8154270037009169, -0.7973793235385225, -0.7785112942778369, -0.758822915918861, -0.7383141884615945, -0.7169851119060374, -0.6948356862521895, -0.6718659115000509, -0.6480757876496218, -0.6234653147009019, -0.5980344926538916, -0.5717833215085906, -0.5447118012649987, -0.5168199319231163, -0.48810771348294324, -0.45857514594447935, -0.4282222293077249, -0.3970489635726795, -0.3650553487393437, -0.33224138480771737, -0.2986070717778002, -0.2641524096495925, -0.22887739842309415, -0.19278203809830508, -0.15586632867522537, -0.11813027015385505, -0.07957386253419403, -0.04019710581624234, 0.0], "y_keel": [0.0, -1.3400402520577943, -1.3400402520577943, 0.0]}