{"tn_sections": [0.0, 0.331880465987341, 0.5190059113888442, 0.6384160622065185, 0.7124189044246605, 0.7501498461854536, 0.7551191762061503, 0.7271819015480502, 0.6624102356660581, 0.5506474865943035, 0.36587363562047404, 0.0], "tnx": 5.293303435911611, "x_i_keel": [0.0, 0.059267237835891856, 0.12143032235234351, 0.18642713770039743, 0.25419556803109594, 0.3246734974954815, 0.39779881024459657, 0.47350939042948337, 0.5517431222011846, 0.6324378897107424, 0.7155315771091992, 0.8009620685475979, 0.8886672481769801, 0.9785850001483888, 1.0706532086128662, 1.164809757721455, 1.2609925316251973, 1.3591394144751352, 1.4591882904223117, 1.5610770436177692, 1.6647435582125496, 1.7701257183576957, 1.8771614082042498, 1.985788511903254, 2.0959449136057517, 2.2075684974627845, 2.3205971476253944, 2.4349687482446254, 2.550621183471518, 2.667492337457116, 2.7855200943524614, 2.9046423383085966, 3.024796953476563, 3.1459218240074045, 3.267954834052163, 3.390833867761881, 3.5144968092876003, 3.6388815427803642, 3.7639259523912147, 3.889567922271194, 4.015745336571344, 4.142396079442709, 4.2694580350363305, 4.396869087503249, 4.524567120994511, 4.652490019661155, 4.780575667654224, 4.908761949124763, 5.036986748223812, 5.165187949102414, 5.293303435911611, 5.421271092802446, 5.549028803925962, 5.676514453433201, 5.8036659254752045, 5.930421104203016, 6.056717873767677, 6.182494118320231, 6.307687722011719, 6.432236568993185, 6.556078543415671, 6.679151529430217, 6.80139341118787, 6.922742072839667, 7.043135398536655, 7.1625112724298745, 7.280807578670369, 7.397962201409179, 7.513913024797347, 7.628597932985917, 7.741954810125931, 7.853921540368433, 7.964436007864462, 8.073436096765061, 8.180859691221276, 8.286644675384142, 8.390728933404711, 8.493050349434018, 8.593546807623108, 8.692156192123024, 8.788816387084808, 8.883465276659503, 8.97604074499815, 9.066480676251793, 9.15472295457147, 9.24070546410823, 9.324366089013111, 9.405642713437157, 9.484473221531413, 9.560795497446916, 9.634547425334711, 9.705666889345839, 9.774091773631344, 9.83975996234227, 9.90260933962966, 9.962577789644548, 10.019603196537988, 10.073623444461012, 10.124576417564668, 10.1724], "x_keel": [0.0, 1.9073541040166604, 8.64654, 10.1724], "y_i_keel": [0.0, -0.030278702716728875, -0.05993947272495307, -0.08898231002467262, -0.11740721461588746, -0.14521418649859766, -0.17240322567280317, -0.19897433213850402, -0.2249275058957002, -0.2502627469443917, -0.2749800552845785, -0.2990794309162607, -0.3225608738394381, -0.3454243840541109, -0.3676699615602791, -0.3892976063579426, -0.41030731844710144, -0.4306990978277555, -0.450472944499905, -0.46962885846354985, -0.48816683971868996, -0.5060868882653253, -0.5233890041034561, -0.5400731872330822, -0.5561394376542037, -0.5715877553668204, -0.5864181403709325, -0.60063059266654, -0.6142251122536427, -0.6272016991322407, -0.6395603533023343, -0.6513010747639231, -0.662423863517007, -0.6729287195615865, -0.6828156428976613, -0.6920846335252313, -0.7007356914442967, -0.7087688166548574, -0.7161840091569134, -0.7229812689504649, -0.7291605960355115, -0.7347219904120537, -0.7396654520800909, -0.7439909810396236, -0.7476985772906517, -0.750788240833175, -0.7532599716671937, -0.7551137697927077, -0.756349635209717, -0.7569675679182217, -0.7569675679182217, -0.756349635209717, -0.7551137697927077, -0.7532599716671935, -0.750788240833175, -0.7476985772906517, -0.7439909810396236, -0.7396654520800909, -0.7347219904120537, -0.7291605960355115, -0.7229812689504649, -0.7161840091569134, -0.7087688166548574, -0.7007356914442967, -0.6920846335252313, -0.6828156428976613, -0.6729287195615865, -0.662423863517007, -0.6513010747639231, -0.6395603533023343, -0.6272016991322409, -0.6142251122536428, -0.6006305926665402, -0.5864181403709325, -0.5715877553668203, -0.5561394376542036, -0.5400731872330822, -0.5233890041034561, -0.5060868882653252, -0.4881668397186898, -0.4696288584635497, -0.450472944499905, -0.4306990978277555, -0.41030731844710144, -0.3892976063579426, -0.3676699615602792, -0.34542438405411097, -0.3225608738394382, -0.29907943091626044, -0.27498005528457825, -0.2502627469443915, -0.22492750589569996, -0.19897433213850382, -0.172403225672803, -0.1452141864985975, -0.11740721461588734, -0.08898231002467252, -0.05993947272495303, -0.030278702716728844, 0.0], "y_keel": [0.0, -1.0093930793423798, -1.0093930793423798, 0.0]}