{"tn_sections": [0.0, 0.2736693092384415, 0.4282857128128664, 0.5270306278918391, 0.5882715783856216, 0.6195391746787247, 0.6237272825159241, 0.6007128125380021, 0.5472478806265616, 0.4549375987434197, 0.30227980891875206, 0.0], "tnx": 5.865379137225903, "x_i_keel": [0.0, 0.06588329394103531, 0.13496377888231667, 0.20717281479654173, 0.282441761656408, 0.36070197943461313, 0.44188482810385465, 0.5259216676368301, 0.6127438580062373, 0.7022827591847736, 0.7944697311451365, 0.8892361338600241, 0.9865133273021333, 1.0862326714441621, 1.188325526258808, 1.292723251718769, 1.3993572077967418, 1.5081587544654242, 1.6190592516975149, 1.7319900594657105, 1.8468825377427085, 1.9636680465012062, 2.0822779457139022, 2.2026435953534933, 2.324696355392678, 2.448367585804153, 2.5735886465606157, 2.700290897634765, 2.828405698999297, 2.9578644106269096, 3.088598392490302, 3.2205390045621702, 3.353617606815211, 3.4877655592221237, 3.622914221755605, 3.7589949543883527, 3.895939117093065, 4.0336780698424395, 4.172143172609172, 4.311265785365961, 4.450977268085505, 4.5912089807405, 4.731892283303646, 4.872958535747638, 5.014339098045177, 5.155965330168955, 5.297768592091675, 5.439680243786032, 5.581631645224725, 5.723554156380449, 5.865379137225903, 6.007037947733787, 6.148461947876794, 6.289582497627626, 6.430330956958979, 6.570638685843549, 6.710437044254034, 6.849657392163133, 6.988231089543544, 7.126089496367962, 7.263163972609087, 7.399385878239615, 7.534686573232246, 7.668997417559673, 7.802249771194598, 7.934374994109717, 8.065304446277727, 8.194969487671328, 8.323301478263215, 8.450231778026085, 8.57569174693264, 8.699612744955573, 8.821926132067581, 8.942563268241368, 9.061455513449625, 9.17853422766505, 9.293730770860346, 9.406976503008206, 9.518202784081327, 9.627340974052409, 9.73432243289415, 9.839078520579246, 9.941540597080394, 10.041640022370293, 10.139308156421642, 10.234476359207134, 10.32707599069947, 10.417038410871347, 10.504294979695468, 10.588777057144519, 10.670416003191207, 10.749143177808222, 10.824889940968268, 10.897587652644042, 10.96716767280824, 11.033561361433556, 11.096700078492697, 11.156515183958351, 11.21293803780322, 11.2659], "x_keel": [0.0, 2.1206400082497785, 9.576015, 11.2659], "y_i_keel": [0.0, -0.025009106625931487, -0.049507823320721504, -0.07349615008437008, -0.09697408691687717, -0.11994163381824283, -0.14239879078846704, -0.16434555782754973, -0.18578193493549103, -0.20670792211229083, -0.22712351935794914, -0.2470287266724661, -0.26642354405584145, -0.2853079715080754, -0.3036820090291679, -0.32154565661911905, -0.3388989142779287, -0.3557417820055968, -0.37207425980212344, -0.38789634766750875, -0.4032080456017525, -0.4180093536048548, -0.43230027167681556, -0.4460807998176349, -0.45935093802731286, -0.4721106863058493, -0.4843600446532442, -0.4960990130694979, -0.50732759155461, -0.5180457801085805, -0.5282535787314098, -0.5379509874230975, -0.5471380061836437, -0.5558146350130486, -0.5639808739113119, -0.5716367228784338, -0.5787821819144142, -0.5854172510192532, -0.5915419301929506, -0.5971562194355068, -0.6022601187469214, -0.6068536281271945, -0.6109367475763261, -0.6145094770943162, -0.617571816681165, -0.6201237663368724, -0.6221653260614382, -0.6236964958548625, -0.6247172757171455, -0.625227665648287, -0.625227665648287, -0.6247172757171455, -0.6236964958548625, -0.6221653260614382, -0.6201237663368724, -0.6175718166811652, -0.6145094770943162, -0.6109367475763261, -0.6068536281271945, -0.6022601187469214, -0.5971562194355068, -0.5915419301929506, -0.5854172510192532, -0.5787821819144142, -0.5716367228784338, -0.5639808739113119, -0.5558146350130486, -0.5471380061836437, -0.5379509874230975, -0.5282535787314098, -0.5180457801085806, -0.50732759155461, -0.4960990130694981, -0.4843600446532443, -0.47211068630584924, -0.4593509380273128, -0.44608079981763493, -0.4323002716768155, -0.41800935360485464, -0.40320804560175233, -0.3878963476675086, -0.37207425980212344, -0.3557417820055968, -0.3388989142779287, -0.32154565661911905, -0.30368200902916803, -0.28530797150807546, -0.2664235440558415, -0.24702872667246584, -0.22712351935794897, -0.20670792211229064, -0.1857819349354908, -0.16434555782754956, -0.14239879078846687, -0.11994163381824269, -0.09697408691687708, -0.07349615008437, -0.04950782332072147, -0.02500910662593146, 0.0], "y_keel": [0.0, -0.8337219525195729, -0.8337219525195729, 0.0]}