{"tn_sections": [0.0, 0.3581610889134324, 0.5601044394898423, 0.6889703235377285, 0.768833229826673, 0.8095519721862539, 0.814914808613587, 0.7847652646120521, 0.7148645239502109, 0.5942516165580756, 0.3948460761496811, 0.0], "tnx": 5.759285232512734, "x_i_keel": [0.0, 0.06448467045287068, 0.1321201156956521, 0.20283875167692741, 0.27657299434527965, 0.35325525964929194, 0.4328179635375473, 0.5151935219586289, 0.6003143508611198, 0.6881128661936029, 0.7785214839046616, 0.8714726199428791, 0.9668986902568378, 1.0647321107951213, 1.1649052975063128, 1.2673506663389953, 1.3720006332417518, 1.478787614163165, 1.5876440250518185, 1.6985022818562956, 1.8112948005251788, 1.9259539970070512, 2.042412287250496, 2.1606020872040967, 2.280455812816436, 2.401905880036097, 2.524884704811663, 2.6493247030917173, 2.7751582908248422, 2.902317883959621, 3.030735898444638, 3.160344750228475, 3.2910768552597145, 3.4228646294869414, 3.5556404888587374, 3.689336849323686, 3.82388612683037, 3.959220737327374, 4.095273096763279, 4.2319756210866695, 4.369260726246128, 4.507060828190237, 4.6453083428675805, 4.783935686226742, 4.922875274216304, 5.062059522784849, 5.201420847880961, 5.340891665453222, 5.480404391450216, 5.619891441820526, 5.759285232512734, 5.898518179475426, 6.037522698657182, 6.176231206006587, 6.314576117472223, 6.4524898490026725, 6.58990481654652, 6.726753436052348, 6.8629681234687405, 6.998481294744279, 7.133225365827547, 7.267132752667127, 7.4001358712116065, 7.532167137409562, 7.663158967209581, 7.793043776560246, 7.921753981410137, 8.049221997707841, 8.175380241401939, 8.300161128441014, 8.42349707477365, 8.545320496348431, 8.66556380911394, 8.784159429018757, 8.901039772011465, 9.016137254040654, 9.129384291054897, 9.240713299002788, 9.3500566938329, 9.45734689149382, 9.562516307934136, 9.665497359102424, 9.76622246094727, 9.864624029417257, 9.960634480460968, 10.054186230026984, 10.145211694063892, 10.233643288520273, 10.319413429344714, 10.40245453248579, 10.482699013892088, 10.560079289512192, 10.634527775294686, 10.70597688718815, 10.774359041141171, 10.839606653102328, 10.901652139020209, 10.96042791484339, 11.01586639652046, 11.0679], "x_keel": [0.0, 2.0752629163456184, 9.407715, 11.0679], "y_i_keel": [0.0, -0.03267638275776525, -0.06468590056129037, -0.09602855341057541, -0.12670434130562033, -0.15671326424642515, -0.18605532223298987, -0.21473051526531445, -0.24273884334339899, -0.27008030646724335, -0.29675490463684756, -0.3227626378522118, -0.3481035061133358, -0.3727775094202197, -0.39678464777286354, -0.4201249211712674, -0.4427983296154311, -0.4648048731053545, -0.486144551641038, -0.5068173652224813, -0.5268233138496845, -0.5461623975226476, -0.5648346162413705, -0.5828399700058534, -0.6001784588160961, -0.6168500826720988, -0.6328548415738613, -0.6481927355213839, -0.6628637645146662, -0.6768679285537084, -0.6902052276385107, -0.7028756617690728, -0.7148792309453946, -0.7262159351674764, -0.7368857744353181, -0.7468887487489198, -0.7562248581082813, -0.7648941025134026, -0.7728964819642838, -0.7802319964609251, -0.7869006460033262, -0.7929024305914871, -0.798237350225408, -0.8029054049050888, -0.8069065946305294, -0.8102409194017298, -0.8129083792186902, -0.8149089740814106, -0.816242703989891, -0.816909568944131, -0.816909568944131, -0.816242703989891, -0.8149089740814106, -0.8129083792186902, -0.8102409194017299, -0.8069065946305294, -0.8029054049050888, -0.798237350225408, -0.7929024305914871, -0.7869006460033262, -0.7802319964609251, -0.7728964819642838, -0.7648941025134026, -0.7562248581082813, -0.7468887487489198, -0.7368857744353181, -0.7262159351674764, -0.7148792309453946, -0.7028756617690728, -0.6902052276385107, -0.6768679285537085, -0.6628637645146663, -0.6481927355213841, -0.6328548415738613, -0.6168500826720987, -0.6001784588160961, -0.5828399700058534, -0.5648346162413704, -0.5461623975226475, -0.5268233138496843, -0.5068173652224811, -0.486144551641038, -0.4648048731053545, -0.4427983296154311, -0.4201249211712674, -0.3967846477728637, -0.3727775094202198, -0.34810350611333585, -0.3227626378522115, -0.29675490463684734, -0.2700803064672431, -0.2427388433433987, -0.21473051526531423, -0.1860553222329897, -0.15671326424642498, -0.1267043413056202, -0.09602855341057533, -0.06468590056129032, -0.032676382757765216, 0.0], "y_keel": [0.0, -1.0893239027512147, -1.0893239027512147, 0.0]}