{"tn_sections": [0.0, 0.18837137978108595, 0.2988309372878527, 0.36932226477268787, 0.4121320241185054, 0.4324986522919534, 0.4324986522919536, 0.41213202411850547, 0.36932226477268787, 0.29883093728785265, 0.18837137978108562, 0.0], "tnx": 5.24278681107576, "x_i_keel": [0.0, 0.0640477790866527, 0.13058119198308973, 0.19954898850766623, 0.270899918478737, 0.3445827317146571, 0.42054617803378136, 0.4987390072544649, 0.5791099691950626, 0.6616078136739294, 0.7461812905094203, 0.8327791495198904, 0.9213501405236941, 1.0118430133391871, 1.1042065177847238, 1.19838940367866, 1.2943404208393496, 1.3920083190851478, 1.49134184823441, 1.5922897581054913, 1.694800798516746, 1.798823719286529, 1.9043072702331962, 2.0112002011751016, 2.1194512619306005, 2.229009202318048, 2.3398227721557987, 2.4518407212622084, 2.5650117994556316, 2.6792847565544227, 2.7946083423769377, 2.9109313067415306, 3.028202399466556, 3.14637037037037, 3.265383969271327, 3.3851919459877826, 3.505743050338091, 3.626986032140608, 3.7488696412136875, 3.8713426273756855, 3.9943537404449554, 4.117851730239853, 4.241785346578735, 4.366103339279953, 4.490754458161867, 4.615687453042825, 4.740851073741187, 4.8661940700753075, 4.9916651918635395, 5.117213188924239, 5.24278681107576, 5.368334808136462, 5.493805929924693, 5.619148926258813, 5.744312546957175, 5.8692455418381355, 5.993896660720045, 6.118214653421265, 6.242148269760147, 6.365646259555044, 6.488657372624315, 6.611130358786312, 6.733013967859392, 6.854256949661908, 6.974808054012216, 7.094616030728671, 7.213629629629629, 7.331797600533443, 7.44906869325847, 7.565391657623062, 7.680715243445576, 7.794988200544369, 7.9081592787377915, 8.0201772278442, 8.130990797681951, 8.2405487380694, 8.3487997988249, 8.455692729766804, 8.56117628071347, 8.665199201483253, 8.767710241894509, 8.868658151765588, 8.967991680914851, 9.06565957916065, 9.161610596321339, 9.255793482215275, 9.348156986660811, 9.438649859476303, 9.52722085048011, 9.61381870949058, 9.698392186326071, 9.780890030804937, 9.861260992745533, 9.939453821966218, 10.015417268285344, 10.089100081521263, 10.160451011492334, 10.229418808016911, 10.295952220913348, 10.36], "x_keel": [0.0, 2.072, 8.288, 10.36], "y_i_keel": [0.0, -0.017398224670951944, -0.03444138353229262, -0.051129476584022046, -0.06746250382614019, -0.08344046525864708, -0.0990633608815427, -0.11433119069482706, -0.12924395469850017, -0.14380165289256197, -0.1580042852770125, -0.17185185185185187, -0.18534435261707985, -0.19848178757269663, -0.2112641567187021, -0.22369146005509638, -0.2357636975818794, -0.2474808692990511, -0.25884297520661154, -0.26985001530456076, -0.2805019895928987, -0.29079889807162534, -0.3007407407407407, -0.3103275176002448, -0.31955922865013764, -0.3284358738904193, -0.33695745332108956, -0.34512396694214864, -0.3529354147535965, -0.360391796755433, -0.36749311294765835, -0.3742393633302724, -0.3806305479032751, -0.38666666666666666, -0.39234771962044684, -0.3976737067646158, -0.40264462809917356, -0.40726048362411993, -0.4115212733394551, -0.415426997245179, -0.41897765534129167, -0.42217324762779307, -0.4250137741046831, -0.42749923477196194, -0.4296296296296296, -0.43140495867768586, -0.43282522191613093, -0.43389041934496475, -0.4346005509641873, -0.43495561677379857, -0.43495561677379857, -0.4346005509641873, -0.43389041934496475, -0.43282522191613093, -0.4314049586776859, -0.4296296296296296, -0.42749923477196194, -0.4250137741046831, -0.42217324762779307, -0.41897765534129167, -0.41542699724517906, -0.41152127333945504, -0.40726048362411993, -0.40264462809917356, -0.3976737067646158, -0.39234771962044684, -0.38666666666666666, -0.3806305479032751, -0.3742393633302724, -0.36749311294765835, -0.3603917967554331, -0.3529354147535966, -0.3451239669421488, -0.33695745332108956, -0.3284358738904192, -0.31955922865013764, -0.3103275176002448, -0.30074074074074064, -0.29079889807162523, -0.28050198959289857, -0.26985001530456065, -0.25884297520661154, -0.2474808692990511, -0.2357636975818794, -0.22369146005509638, -0.2112641567187022, -0.19848178757269666, -0.18534435261707988, -0.1718518518518517, -0.15800428527701244, -0.14380165289256186, -0.12924395469850003, -0.11433119069482695, -0.0990633608815426, -0.08344046525864698, -0.06746250382614012, -0.05112947658402199, -0.0344413835322926, -0.017398224670951926, 0.0], "y_keel": [0.0, -0.58, -0.58, 0.0]}