{"tn_sections": [0.0, 0.23598375418076692, 0.3783114856284096, 0.4704646426452078, 0.5272925784156175, 0.5552367608911503, 0.5568400957476899, 0.5320195390539811, 0.47801186844619137, 0.3879152343955945, 0.2455026407264679, 0.0], "tnx": 5.30099138305876, "x_i_keel": [0.0, 0.06736001918320735, 0.13709831969189962, 0.2091648809036371, 0.28350968219597983, 0.3600827029464881, 0.43883392253272197, 0.5197133203322417, 0.6026708757226074, 0.6876565680813791, 0.7746203767861171, 0.863512281214382, 0.9542822607437331, 1.0468802947517313, 1.1412563626159362, 1.2373604437139085, 1.3351425174232083, 1.4345525631213953, 1.5355405601860301, 1.638056487994673, 1.7420503259248834, 1.8474720533542222, 1.9542716496602492, 2.062399094220525, 2.1718043664126094, 2.2824374456140624, 2.3942483112024444, 2.507186942555316, 2.621203319050237, 2.7362474200647666, 2.852269224976467, 2.9692187131628973, 3.0870458640016167, 3.205700656870187, 3.325133071146167, 3.4452930862071174, 3.5661306814305993, 3.6875958361941725, 3.8096385298753956, 3.9322087418518303, 4.0552564515010365, 4.178731638200574, 4.302584281328003, 4.426764360260884, 4.551221854376778, 4.675906743053244, 4.800769005667842, 4.925758621598132, 5.050825570221676, 5.1759198309160315, 5.30099138305876, 5.425990206027423, 5.550866279199578, 5.6755695819527885, 5.800050093664612, 5.924257793712609, 6.048142661474339, 6.171654676327364, 6.294743817649245, 6.417360064817538, 6.539453397209808, 6.660973794203611, 6.781871235176512, 6.902095699506065, 7.021597166569834, 7.140325615745379, 7.258231026410261, 7.375263377942037, 7.491372649718271, 7.6065088211165195, 7.7206218715143455, 7.83366178028931, 7.945578526818968, 8.056322090480885, 8.165842450652617, 8.274089586711728, 8.381013478035776, 8.486564104002321, 8.590691443988923, 8.693345477373144, 8.794476183532545, 8.894033541844681, 8.991967531687118, 9.088228132437415, 9.182765323473127, 9.275529084171819, 9.36646939391105, 9.455536232068381, 9.542679578021374, 9.627849411147583, 9.710995710824573, 9.792068456429902, 9.87101762734113, 9.947793202935822, 10.022345162591535, 10.094623485685824, 10.164578151596258, 10.232159139700391, 10.297316429375785, 10.36], "x_keel": [0.0, 2.1830887643285015, 8.33280876059217, 10.36], "y_i_keel": [0.0, -0.022370885013942417, -0.044285221354130905, -0.06574300902056547, -0.0867442480132461, -0.1072889383321728, -0.1273770799773456, -0.14700867294876444, -0.16618371724642939, -0.18490221287034037, -0.2031641598204974, -0.2209695580969006, -0.23831840769954976, -0.2552107086284451, -0.2716464608835864, -0.2876256644649739, -0.30314831937260744, -0.318214425606487, -0.33282398316661266, -0.3469769920529844, -0.36067345226560216, -0.37391336380446605, -0.386696726669576, -0.39902354086093195, -0.410893806378534, -0.4223075232223822, -0.4332646913924764, -0.44376531088881677, -0.45380938171140317, -0.4633969038602356, -0.4725278773353142, -0.4812023021366389, -0.48942017826420947, -0.4971815057180262, -0.5044862844980891, -0.5113345146043979, -0.517726196036953, -0.523661328795754, -0.5291399128808012, -0.5341619482920943, -0.5387274350296336, -0.5428363730934189, -0.5464887624834504, -0.5496846031997278, -0.5524238952422513, -0.5547066386110211, -0.5565328333060366, -0.5579024793272984, -0.5588155766748064, -0.5592721253485603, -0.5592721253485603, -0.5588155766748064, -0.5579024793272984, -0.5565328333060366, -0.5547066386110211, -0.5524238952422514, -0.5496846031997278, -0.5464887624834504, -0.5428363730934189, -0.5387274350296336, -0.5341619482920943, -0.5291399128808011, -0.523661328795754, -0.517726196036953, -0.5113345146043979, -0.5044862844980891, -0.4971815057180262, -0.48942017826420947, -0.4812023021366389, -0.4725278773353142, -0.4633969038602357, -0.4538093817114033, -0.443765310888817, -0.4332646913924765, -0.42230752322238213, -0.410893806378534, -0.39902354086093195, -0.38669672666957594, -0.37391336380446594, -0.3606734522656021, -0.34697699205298427, -0.33282398316661266, -0.318214425606487, -0.30314831937260744, -0.2876256644649739, -0.27164646088358646, -0.2552107086284451, -0.23831840769954982, -0.2209695580969004, -0.20316415982049726, -0.18490221287034023, -0.16618371724642922, -0.14700867294876427, -0.1273770799773455, -0.10728893833217269, -0.08674424801324601, -0.0657430090205654, -0.04428522135413087, -0.022370885013942392, 0.0], "y_keel": [0.0, -0.7457722585770394, -0.7457722585770394, 0.0]}