{"tn_sections": [0.0, 0.2512888347607262, 0.39081732413913145, 0.4784038998437662, 0.5312073992494788, 0.5562504448737406, 0.5562679315071681, 0.5312592167392872, 0.47848761565071857, 0.39092638364907184, 0.2514026945382096, 0.0], "tnx": 5.244941823094978, "x_i_keel": [0.0, 0.05832382136708302, 0.11948482143095242, 0.18342449033707645, 0.2500843182309233, 0.31940579525796126, 0.39133041156365855, 0.46579965729348344, 0.5427550225929042, 0.6221379976073889, 0.7038900724824059, 0.7879527373634237, 0.8742674823959099, 0.9627757977253332, 1.0534191734971619, 1.1461390998568644, 1.240877066949908, 1.3375745649217619, 1.4361730839178941, 1.536614114083773, 1.638839145564866, 1.7427896685066422, 1.8484071730545697, 1.9556331493541164, 2.064409087550751, 2.1746764777899417, 2.2863768102171558, 2.399451574977863, 2.5138422622175307, 2.629490362081627, 2.7463373647156213, 2.8643247602649806, 2.9833940388751725, 3.1034866906916667, 3.224544205859931, 3.3465080745254334, 3.469319786833643, 3.5929208329300275, 3.717252702960055, 3.842256887069193, 3.967874875402911, 4.094048158106677, 4.2207182253259585, 4.347826567206224, 4.475314673892943, 4.603124035531582, 4.73119614226761, 4.859472484246496, 4.987894551613707, 5.116403834514712, 5.244941823094978, 5.373450007499974, 5.501869877875169, 5.630142924366031, 5.758210637118027, 5.886014506276627, 6.013496021987297, 6.140596674395508, 6.267257953646727, 6.393421349886421, 6.519028353260061, 6.644020453913111, 6.768339141991044, 6.891925907639325, 7.014722241003423, 7.1366696322288075, 7.257709571460945, 7.377783548845306, 7.4968330545273565, 7.614799578652564, 7.7316246113663984, 7.847249642814331, 7.961616163141825, 8.07466566249435, 8.186339631017374, 8.296579558856367, 8.405326936156797, 8.51252325306413, 8.618109999723835, 8.722028666281382, 8.824220742882238, 8.924627719671872, 9.02319108679575, 9.119852334399344, 9.214552952628118, 9.307234431627542, 9.397838261543086, 9.486305932520217, 9.572578934704405, 9.656598758241113, 9.738306893275816, 9.817644829953974, 9.894554058421061, 9.968976068822547, 10.040852351303899, 10.110124396010578, 10.176733693088064, 10.240621732681815, 10.301730004937305, 10.36], "x_keel": [0.0, 1.877229048216915, 8.484565345012005, 10.36], "y_i_keel": [0.0, -0.022370885013942413, -0.0442852213541309, -0.06574300902056546, -0.08674424801324608, -0.10728893833217279, -0.12737707997734557, -0.1470086729487644, -0.16618371724642936, -0.18490221287034034, -0.20316415982049735, -0.22096955809690058, -0.2383184076995497, -0.25521070862844497, -0.27164646088358635, -0.28762566446497384, -0.3031483193726074, -0.31821442560648694, -0.3328239831666126, -0.3469769920529844, -0.36067345226560216, -0.37391336380446605, -0.3866967266695759, -0.3990235408609319, -0.410893806378534, -0.4223075232223822, -0.43326469139247636, -0.4437653108888167, -0.45380938171140317, -0.46339690386023547, -0.4725278773353141, -0.48120230213663884, -0.4894201782642094, -0.49718150571802616, -0.5044862844980891, -0.5113345146043979, -0.5177261960369529, -0.5236613287957539, -0.5291399128808011, -0.5341619482920943, -0.5387274350296336, -0.5428363730934189, -0.5464887624834502, -0.5496846031997278, -0.5524238952422513, -0.5547066386110209, -0.5565328333060366, -0.5579024793272984, -0.5588155766748064, -0.5592721253485602, -0.5592721253485602, -0.5588155766748064, -0.5579024793272984, -0.5565328333060366, -0.5547066386110209, -0.5524238952422513, -0.5496846031997278, -0.5464887624834502, -0.5428363730934189, -0.5387274350296336, -0.5341619482920943, -0.529139912880801, -0.523661328795754, -0.5177261960369529, -0.5113345146043979, -0.5044862844980891, -0.49718150571802616, -0.4894201782642094, -0.48120230213663884, -0.4725278773353141, -0.4633969038602356, -0.4538093817114032, -0.4437653108888169, -0.43326469139247636, -0.42230752322238213, -0.41089380637853395, -0.3990235408609319, -0.3866967266695759, -0.3739133638044659, -0.360673452265602, -0.34697699205298427, -0.3328239831666126, -0.31821442560648694, -0.3031483193726074, -0.28762566446497384, -0.27164646088358646, -0.2552107086284451, -0.2383184076995498, -0.22096955809690036, -0.20316415982049724, -0.1849022128703402, -0.16618371724642916, -0.14700867294876427, -0.12737707997734546, -0.10728893833217268, -0.086744248013246, -0.06574300902056539, -0.04428522135413086, -0.02237088501394239, 0.0], "y_keel": [0.0, -0.7457722585770393, -0.7457722585770393, 0.0]}