{"tn_sections": [0.0, 0.46231995773678985, 0.7229916057175251, 0.8893337123794055, 0.9924220058689244, 1.0449823978895554, 1.0519048313506956, 1.0129873265154425, 0.9227583528316868, 0.7670693180165511, 0.5096735152491679, 0.0], "tnx": 5.4663229191328275, "x_i_keel": [0.0, 0.06120447550593493, 0.12539945274193398, 0.19252078551026802, 0.26250432761320774, 0.33528593285302405, 0.4108014550319877, 0.4889867479523693, 0.5697776654164399, 0.6531100612264701, 0.7389197891847307, 0.8271427030934929, 0.9177146567550268, 1.0105715039716037, 1.105649098545494, 1.2028832942789693, 1.3022099449742996, 1.4035649044337555, 1.5068840264596086, 1.6121031648541297, 1.7191581734195884, 1.8279849059582565, 1.9385192162724048, 2.0506969581643033, 2.1644539854362237, 2.2797261518904364, 2.3964493113292122, 2.5145593175548218, 2.6339920243695367, 2.7546832855756263, 2.8765689549753635, 2.999584886371017, 3.123666933564858, 3.2487509503591574, 3.374772790556187, 3.5016683079582167, 3.629373356367517, 3.75782378958636, 3.8869554614170148, 4.016704225661753, 4.147005936122847, 4.277796446602563, 4.409011610903177, 4.540587282826957, 4.672459316176175, 4.8045635647531, 4.936835882360005, 5.06921212279916, 5.201628139872834, 5.3340197873833, 5.4663229191328275, 5.598473388923689, 5.730407050558153, 5.862059757838493, 5.993367364566978, 6.124265724545879, 6.254690691577466, 6.38457811946401, 6.513863862007783, 6.642483773011056, 6.7703737062761, 6.897469515605182, 7.023707054800578, 7.1490221776645555, 7.273350737999386, 7.3966285896073405, 7.518791586290689, 7.639775581851703, 7.759516430092656, 7.877949984815813, 7.995012099823448, 8.110638628917835, 8.22476542590124, 8.337328344575933, 8.44826323874419, 8.557505962208278, 8.664992368770468, 8.770658312233031, 8.87443964639824, 8.976272225068364, 9.076091902045672, 9.173834531132437, 9.26943596613093, 9.362832060843422, 9.45395866907218, 9.54275164461948, 9.629146841287591, 9.713080112878782, 9.79448731319533, 9.873304296039496, 9.949466915213556, 10.022911024519779, 10.093572477760441, 10.161387128737807, 10.226290831254152, 10.288219439111742, 10.347108806112853, 10.40289478605975, 10.45551323275471, 10.5049], "x_keel": [0.0, 1.9696988049747723, 8.929165, 10.5049], "y_i_keel": [0.0, -0.04217918797247527, -0.08349757619041022, -0.12395516465380486, -0.16355195336265918, -0.20228794231697322, -0.24016313151674692, -0.27717752096198034, -0.31333111065267344, -0.3486239005888262, -0.3830558907704385, -0.4166270811975108, -0.4493374718700425, -0.481187062788034, -0.5121758539514852, -0.5423038453603962, -0.5715710370147669, -0.599977428914597, -0.627523021059887, -0.6542078134506368, -0.680031806086846, -0.7049949989685151, -0.7290973920956437, -0.7523389854682321, -0.7747197790862802, -0.796239772949788, -0.8168989670587554, -0.8366973614131826, -0.8556349560130696, -0.8737117508584159, -0.8909277459492223, -0.9072829412854884, -0.9227773368672137, -0.9374109326943991, -0.9511837287670442, -0.9640957250851487, -0.9761469216487132, -0.9873373184577372, -0.9976669155122209, -1.0071357128121643, -1.0157437103575675, -1.0234909081484302, -1.0303773061847528, -1.036402904466535, -1.0415677029937767, -1.0458717017664783, -1.0493149007846396, -1.0518973000482605, -1.0536188995573412, -1.0544796993118815, -1.0544796993118815, -1.0536188995573412, -1.0518973000482605, -1.0493149007846394, -1.0458717017664783, -1.0415677029937769, -1.036402904466535, -1.0303773061847528, -1.0234909081484302, -1.0157437103575675, -1.0071357128121643, -0.9976669155122209, -0.9873373184577372, -0.9761469216487132, -0.9640957250851487, -0.9511837287670442, -0.9374109326943991, -0.9227773368672137, -0.9072829412854884, -0.8909277459492223, -0.873711750858416, -0.8556349560130696, -0.836697361413183, -0.8168989670587554, -0.7962397729497879, -0.7747197790862801, -0.7523389854682321, -0.7290973920956436, -0.7049949989685149, -0.6800318060868459, -0.6542078134506365, -0.627523021059887, -0.599977428914597, -0.5715710370147669, -0.5423038453603962, -0.5121758539514855, -0.48118706278803414, -0.44933747187004264, -0.4166270811975104, -0.3830558907704383, -0.3486239005888259, -0.31333111065267305, -0.27717752096198, -0.2401631315167467, -0.202287942316973, -0.16355195336265904, -0.12395516465380475, -0.08349757619041016, -0.042179187972475225, 0.0], "y_keel": [0.0, -1.4061163990415988, -1.4061163990415988, 0.0]}