{"maxsac": 1.2591412254799268, "maxsac_x": 4.613106828681653, "sn_sections": [0.0, 0.3982433637348125, 0.7552335122002509, 1.031282105092931, 1.2040720501006525, 1.2591048955758468, 1.190619761060303, 1.0069195417348227, 0.7372840049508294, 0.4347459792525031, 0.16755939673790096, 0.0], "x_i_sac": [0.0, 0.07960680627651796, 0.16098897651909413, 0.24407247952395314, 0.32878473940311687, 0.41505463558440475, 0.5028125028114336, 0.5919901311436175, 0.6825207659561686, 0.7743391079400952, 0.8673813131022047, 0.9615849927651003, 1.0568892135671837, 1.1532344974626543, 1.2505628217215075, 1.348817618929537, 1.4479437769883339, 1.5478876391152874, 1.6485970038435824, 1.7500211250222033, 1.8521107118159306, 1.954817928705341, 2.058096395486813, 2.161901187272517, 2.2661888344904257, 2.3709173228843046, 2.476046093513722, 2.581536042754039, 2.6873495222964148, 2.7934503391478067, 2.899803755630974, 3.006376489384465, 3.113136713362632, 3.22005405583562, 3.327099600389376, 3.43424588592564, 3.5414669066619537, 3.6487381121316536, 3.756036407183873, 3.863340151983545, 3.970629162011399, 4.077884708063962, 4.185089516253555, 4.2922277680083045, 4.399285100072127, 4.506248604504738, 4.613106828681653, 4.719849775294183, 4.826468902349437, 4.932957123170318, 5.039308806395537, 5.145519775979588, 5.251587311192771, 5.357510146621181, 5.463288472166717, 5.568923933047062, 5.674419629795711, 5.779780118261943, 5.885011409610847, 5.9901209703233, 6.095117722195981, 6.200012042341364, 6.304815763187723, 6.409542172479129, 6.514206013275446, 6.618823483952342, 6.723412238201281, 6.827991385029518, 6.932581488760114, 7.037204569031923, 7.1418841007995955, 7.246645014333582, 7.35151369522013, 7.456517984361286, 7.5616871779748855, 7.6670520275945755, 7.7726447400697865, 7.878498977565756, 7.984649857563513, 8.091133952859888, 8.197989291567511, 8.305255357114797, 8.412973088245977, 8.521184879021064, 8.629934578815874, 8.739267492322021, 8.849230379546917, 8.959871455813772, 9.071240391761588, 9.183388313345171, 9.296367801835121, 9.410232893817835, 9.525039081195509, 9.640843311186137, 9.757703986323508, 9.875680964457212, 9.994835558752628, 10.115230537690948, 10.236930125069145, 10.36], "x_sac": [0.0, 1.9476785640662042, 5.406940209840175, 7.296512429550307, 10.36], "y_i_sac": [0.0, 0.03343459699131012, 0.06790990964202438, 0.10330737281789387, 0.139511141167703, 0.1764080891232695, 0.21388781089944447, 0.2518426204941124, 0.2901675516881908, 0.3287603580456309, 0.3675215129134174, 0.40635420942156775, 0.445164360483133, 0.4838605987941979, 0.52235427683388, 0.5605594668643303, 0.5983929609307336, 0.6357742708613076, 0.6726256282673031, 0.708871984543005, 0.744441010865731, 0.7792630981958315, 0.8132713572766923, 0.8464016186347302, 0.8785924325793968, 0.9097850692031763, 0.9399235183815872, 0.9689544897731798, 0.9968274128195388, 1.0234944367452818, 1.0489104305580612, 1.07303298304856, 1.095822402790497, 1.1172417181406231, 1.137256677238723, 1.1558357480076136, 1.1729501181531474, 1.188573695164208, 1.202683106312714, 1.2152576986536159, 1.2262795390248988, 1.2357334140475806, 1.2436068301257117, 1.2498900134463775, 1.254575909979696, 1.2576601854788174, 1.2591412254799268, 1.2590201353022425, 1.2573007400480156, 1.25398958460253, 1.2490959336341048, 1.24263177159409, 1.2346118027168709, 1.2250534510198654, 1.2139768603035241, 1.2014048941513324, 1.1873631359298082, 1.1718798887885025, 1.1549861756599995, 1.1367157392599179, 1.1171050420869084, 1.096193266422656, 1.0740223143318783, 1.0506368076623267, 1.0260840880447861, 1.0004142168930745, 0.9736799754040426, 0.9459368645575758, 0.9172431051165911, 0.8876596376270413, 0.8572501224179092, 0.8260809396012144, 0.7942211890720074, 0.7617426905083728, 0.7287199833714292, 0.6952303269053272, 0.661353700137252, 0.6271728018774216, 0.5927730507190868, 0.558242585038533, 0.5236722629950775, 0.48915566253107234, 0.45478908137190166, 0.42067153702598403, 0.38690476678477054, 0.35359322772274543, 0.32084409669742764, 0.28876727034936767, 0.257475365102151, 0.22708371716239506, 0.1977103825197518, 0.16947613694690566, 0.1425044759995744, 0.11692161501651002, 0.09285648911949668, 0.07044075321335297, 0.049808781985930056, 0.031097669908112476, 0.014447231233818726, 0.0], "y_sac": [0.0, 0.8136324282347265, 2.576143712245378, 0.32911154649876845, 0.0]}