{"maxsac": 1.1216283998156764, "maxsac_x": 4.926155137919791, "sn_sections": [0.0, 0.3716978281292089, 0.7104246532124238, 0.9530194573333199, 1.0881795750096468, 1.1201740852207798, 1.0586199202191224, 0.9156687467140423, 0.7061811306592246, 0.45057703332095056, 0.18427437905992314, 0.0], "x_i_sac": [0.0, 0.078798719272745, 0.15896364267943375, 0.2404976926956743, 0.3234028298801889, 0.4076800528748144, 0.4933293984045017, 0.5803499412773159, 0.668739794384437, 0.7584961087001586, 0.8496150732818896, 0.942091915270152, 1.035920899888583, 1.1310953304439344, 1.2276075483260713, 1.325448933007974, 1.4246099020457363, 1.5250799110785676, 1.6268474538287898, 1.7299000621018417, 1.8342243057862742, 1.939805792853752, 2.046629169359058, 2.154678119440085, 2.263935365317842, 2.3743826672964534, 2.4860008237631566, 2.598769671188303, 2.712668084125359, 2.827673975210904, 2.9437642951646357, 3.060915032789362, 3.1791012149710056, 3.2982969066786065, 3.418475210964316, 3.5396082689634003, 3.66166725989424, 3.784622401058332, 3.908442947840285, 4.033097193707821, 4.1585524702117835, 4.284775146986122, 4.411730631747901, 4.539383370297306, 4.6676968465176305, 4.796633582375284, 4.926155137919791, 5.056222111283792, 5.186794138683039, 5.3178298944163975, 5.4492870908658535, 5.581122478496498, 5.713291845856543, 5.845750019577313, 5.978450864373249, 6.111347283041902, 6.244391216463942, 6.3775336436031465, 6.510724581506416, 6.643913085303761, 6.7770472482083015, 6.910074201516283, 7.042940114607056, 7.17559019494309, 7.307968688069964, 7.440018877616378, 7.5716830852941435, 7.702902670898183, 7.8336180323065365, 7.963768605480359, 8.093292864463917, 8.222128321384595, 8.350211526452892, 8.477478067962416, 8.603862572289891, 8.72929870389516, 8.853719165321177, 8.977055697194013, 9.099239078222844, 9.220199125199972, 9.339864693000813, 9.458163674583881, 9.575023000990829, 9.690368641346403, 9.804125602858473, 9.916217930818027, 10.026568708599157, 10.135100057659079, 10.241733137538116, 10.346388145859713, 10.44898431833042, 10.54943992873991, 10.647672288960965, 10.743597748949481, 10.837131696744475, 10.92818855846807, 11.016681798325507, 11.102523918605144, 11.185626459678446, 11.2659], "x_sac": [0.0, 1.9333915881273795, 4.979523295552186, 9.314882440954813, 11.2659], "y_i_sac": [0.0, 0.02615071138025413, 0.05365202049787016, 0.08237470946827227, 0.11219251628215504, 0.14298213480548363, 0.17462321477949366, 0.20699836182069126, 0.23999313742085304, 0.27349605894702606, 0.30739859964152805, 0.34159518862194704, 0.37598321088114156, 0.41046300728724106, 0.4449378745836447, 0.4793140653890228, 0.5135007881973158, 0.547410207377735, 0.580957443174762, 0.6140605717081487, 0.6466406249729179, 0.6786215908393621, 0.709930413053046, 0.7404969912348025, 0.7702541808807368, 0.7991377933622237, 0.8270865959259094, 0.8540423116937091, 0.8799496196628096, 0.904756154705668, 0.9284125075700123, 0.9508722248788399, 0.9720918091304196, 0.9920307186982907, 1.0106513678312625, 1.0279191266534144, 1.0438023211640983, 1.0582722332379342, 1.071303100624814, 1.0828721169498992, 1.0929594317136235, 1.1015481502916888, 1.1086243339350688, 1.1141769997700082, 1.118198120798021, 1.1206826258958917, 1.1216283998156764, 1.1210362831847014, 1.1189100725055625, 1.1152565201561269, 1.1100853343895327, 1.1034091793341871, 1.095243674993769, 1.085607397247227, 1.0745218778487808, 1.0620116044279206, 1.0481040204894068, 1.03282952541327, 1.0162214744548121, 0.9983161787446047, 0.9791529052884906, 0.9587738769675823, 0.9372242725382637, 0.9145522266321883, 0.890808829756281, 0.8660481282927368, 0.8403271244990206, 0.813705776507869, 0.7862469983272876, 0.7580166598405544, 0.7290835868062155, 0.6995195608580903, 0.6693993195052662, 0.6388005561321023, 0.6078039199982284, 0.5764930162385438, 0.5449544058632194, 0.5132776057576961, 0.4815550886826848, 0.44988228327416807, 0.41835757404339774, 0.38708230137689714, 0.35616076153645926, 0.3257002066591485, 0.29581084475729896, 0.26660583971851515, 0.23820131130567307, 0.21071633515691812, 0.18427294278566714, 0.15899612158060644, 0.13501381480569397, 0.11245692160015733, 0.09145929697849463, 0.07215775183047515, 0.054692052921137865, 0.039204922890793, 0.025842040255020696, 0.014752039404671683, 0.006086510605867553, 0.0], "y_sac": [0.0, 0.6294321226354488, 2.469716681355161, 0.11743249221291344, 0.0]}