{"maxsac": 1.8397501234269602, "maxsac_x": 4.542669994516581, "sn_sections": [0.0, 0.4628061937254757, 1.0232891679625258, 1.4831316290636671, 1.7590211650568663, 1.8393599382736228, 1.7437079616703073, 1.5029338921849806, 1.1529189075388704, 0.7361900647157054, 0.312702843663373, 0.0], "x_i_sac": [0.0, 0.08628874339350685, 0.17238085419883858, 0.25832955785079365, 0.3441865484076199, 0.43000198855101507, 0.515824509586126, 0.6017012114415495, 0.687677662669332, 0.7737979004449687, 0.8601044305674057, 0.9466382274590373, 1.0334387341657083, 1.120543862356713, 1.2079899923247943, 1.295811972986146, 1.3840431218804108, 1.4727152251706812, 1.5618585376434981, 1.6515017827088543, 1.7416721524001906, 1.8323953073743964, 1.9236953769118135, 2.01559495891623, 2.1081151199148866, 2.2012753950584707, 2.2950937881211235, 2.3895867715004306, 2.4847692862174293, 2.580654741916607, 2.6772550168659026, 2.7745804579566995, 2.8726398807038347, 2.9714405692455945, 3.070988276343713, 3.171287223383374, 3.272340100373212, 3.3741480659453122, 3.4767107473552055, 3.5800262404818763, 3.6840911098277576, 3.7889003885187296, 3.8944475783041232, 4.000724649556722, 4.107722041272757, 4.215428661071904, 4.323831885197295, 4.432917558515513, 4.542669994516581, 4.65307197531398, 4.764104751644641, 4.875748042868939, 4.9879800369707, 5.1007773905572, 5.2141152288591694, 5.3279671457307805, 5.442305203649662, 5.557099933716885, 5.672320335656975, 5.78793387781791, 5.90390649717111, 6.020202599311448, 6.136785058457248, 6.2536152174502835, 6.370652887755774, 6.487856349462393, 6.605182351282261, 6.722586110550951, 6.840021313227478, 6.957440113894316, 7.074793135757382, 7.192029470646047, 7.309096679013127, 7.425940789934895, 7.542506301111063, 7.6587361788648005, 7.774571858142724, 7.889953242514901, 8.004818704174847, 8.119105083939523, 8.232747691249354, 8.345680304168194, 8.457835169383365, 8.569143002205628, 8.679532986569193, 8.788932775031729, 8.89726848877434, 9.004464717601598, 9.110444519941506, 9.215129422845534, 9.318439421988582, 9.420292981669022, 9.520607034808654, 9.619296982952742, 9.716276696269993, 9.81145851355257, 9.904753242216072, 9.996070158299567, 10.085317006465557, 10.1724], "x_sac": [0.0, 2.1385283124974537, 4.071838562250207, 8.044656826871206, 10.1724], "y_i_sac": [0.0, 0.031619043204083874, 0.06623935851990946, 0.1036270629747615, 0.1435533195461954, 0.1857943371620373, 0.23013137070038395, 0.2763507209896028, 0.324243734808332, 0.3736068048854803, 0.4242413699002275, 0.47595391448202345, 0.5285559692105892, 0.5818641106159164, 0.6356999611782672, 0.6898901893281743, 0.7442665094464417, 0.7986656818641436, 0.8529295128626246, 0.9069048546735012, 0.9604436054786591, 1.013402709410255, 1.0656441565507175, 1.1170349829327446, 1.167447270539305, 1.216758147303639, 1.2648497871092577, 1.3116094097899405, 1.35692928112974, 1.4007067128629784, 1.4428440626742507, 1.4832487341984184, 1.521833177020617, 1.5585148866762522, 1.5932164046509996, 1.6258653183808045, 1.6563942612518863, 1.684740912600732, 1.7108479977140998, 1.7346632878290194, 1.7561396001327911, 1.775234797762986, 1.791911789807444, 1.8061385313042784, 1.8178880232418717, 1.8271383125588767, 1.8338724921442178, 1.838078700837091, 1.8397501234269602, 1.8388849906535618, 1.8354865792069042, 1.8295632117272627, 1.8211282568051868, 1.8102001289814953, 1.7968022887472777, 1.780963242543894, 1.7627165427629754, 1.7421007877464234, 1.7191596217864107, 1.6939417351253794, 1.6665008639560444, 1.6368957904213888, 1.6051903426146688, 1.571453394579409, 1.5357588663094066, 1.498185723748729, 1.4588179787917128, 1.4177446892829682, 1.375059959017372, 1.3308629377400765, 1.2852578211465, 1.2383538508823355, 1.1902653145435442, 1.1411115456763579, 1.091016923777281, 1.0401108742930867, 0.9885278686208204, 0.9364074241077968, 0.8838941040516014, 0.8311375177000919, 0.7782923202513949, 0.7255182128539088, 0.672979942606302, 0.6208473025575145, 0.5692951317067562, 0.5185033150035069, 0.46865678334751937, 0.4199455135888147, 0.3725645285276866, 0.32671389691469777, 0.28259873345068315, 0.24042919878674723, 0.2004204995242651, 0.16279288821488386, 0.12777166336051957, 0.09558716941336065, 0.06647479677586494, 0.04067498180076116, 0.018433206791049504, 0.0], "y_sac": [0.0, 0.743469820576071, 4.133030396275672, 0.40699275646575284, 0.0]}