{"maxsac": 1.2591412276406977, "maxsac_x": 4.61310682505389, "sn_sections": [0.0, 0.398243363597556, 0.7552335147787801, 1.0312821101293324, 1.204072055041522, 1.259104897312375, 1.1906197576971136, 1.0069195339942136, 0.7372839962098013, 0.43474597337228416, 0.16755939495386774, 0.0], "x_i_sac": [0.0, 0.07960681025239615, 0.16098898413440663, 0.24407249045514448, 0.32878475333931206, 0.41505465222720134, 0.5028125218746935, 0.591990152353259, 0.6825207890499582, 0.7743391326674399, 0.867381339223944, 0.9615850200532982, 1.0568892418049196, 1.1532345264438169, 1.2505628512505849, 1.34881764882141, 1.4479438070680677, 1.547887669217923, 1.648597033813929, 1.7500211547146305, 1.8521107410941597, 1.954817957442238, 2.0580964235641797, 2.161901214580883, 2.2661888609288408, 2.3709173483601313, 2.476046117942426, 2.5815360660589817, 2.687349544408646, 2.793450360005857, 2.899803775180645, 3.006376507578622, 3.1131367301609956, 3.220054071204561, 3.327099614301704, 3.434245898360395, 3.541466917604201, 3.648738121572274, 3.7560364151193544, 3.8633401584157747, 3.9706291669474596, 4.077884711515915, 4.18508951823824, 4.292227768547128, 4.399285099190856, 4.506248602233291, 4.61310682505389, 4.719849770347703, 4.8264688961253635, 4.932957115713098, 5.039308797752723, 5.145519766201641, 5.251587300332846, 5.357510134734921, 5.463288459312042, 5.568923919283966, 5.674419615186051, 5.779780102869232, 5.88501139350004, 5.9901209535606, 6.095117704848615, 6.200012024477387, 6.304815744875803, 6.409542153788341, 6.514205994275066, 6.618823464711635, 6.723412218789296, 6.827991365514882, 6.932581469210817, 7.037204549515115, 7.141884081381377, 7.246644995078801, 7.351513676192166, 7.456517965621844, 7.561687159583794, 7.66705200960957, 7.772644722546307, 7.878498960556737, 7.984649841119177, 8.091133937027536, 8.197989276391315, 8.305255342635592, 8.41297307450105, 8.521184866043953, 8.629934566636154, 8.739267480965099, 8.849230369033819, 8.959871446160944, 9.071240382980678, 9.18338830544283, 9.296367794812785, 9.410232887671528, 9.525039075915629, 9.640843306757246, 9.757703982724129, 9.875680961659617, 9.994835556722634, 10.115230536387703, 10.236930124444925, 10.36], "x_sac": [0.0, 1.9476786667402997, 5.406940129715402, 7.296512414838779, 10.36], "y_i_sac": [0.0, 0.03343459855899698, 0.06790991265123159, 0.10330737714732638, 0.13951114670085563, 0.1764080957483453, 0.213887818509273, 0.2518426289860682, 0.290167560964112, 0.32876036801173714, 0.3675215234802284, 0.40635422050382175, 0.4451643719997054, 0.48386061066801905, 0.5223542889918539, 0.5605594792372532, 0.5983929734532117, 0.6357742834716762, 0.6726256409075447, 0.7088719971586677, 0.7444410234058463, 0.7792631106128338, 0.8132713695263363, 0.8464016306760095, 0.8785924443744629, 0.9097850807172562, 0.9399235295829023, 0.9689545006328636, 0.9968274233115563, 1.023494446846347, 1.0489104402475558, 1.0730329923084523, 1.0958224116052588, 1.1172417264971497, 1.1372566851262507, 1.1558357554176386, 1.1729501250793435, 1.1885737016023459, 1.202683112260578, 1.2152577041109245, 1.226279543993222, 1.2357334185302575, 1.2436068341277704, 1.249890016974452, 1.2545759130419458, 1.2576601880848457, 1.2591412276406977, 1.2590201370300014, 1.257300741356205, 1.2539895855057104, 1.2490959341478716, 1.2426317717349924, 1.2346118025023303, 1.225053450468093, 1.2139768594334406, 1.2014048929824852, 1.1873631344822901, 1.171879887082871, 1.154986173717194, 1.1367157371011782, 1.1171050397336941, 1.0961932638965632, 1.0740223116545602, 1.0506368048554096, 1.0260840851297892, 1.0004142138913281, 0.9736799723366064, 0.9459368614451571, 0.9172431019794633, 0.8876596344849624, 0.85725011929004, 0.8260809365060372, 0.7942211860272437, 0.7617426875309025, 0.728719980477208, 0.6952303241093063, 0.6613536974532954, 0.6271727993182249, 0.5927730482960953, 0.5582425827618605, 0.5236722608734243, 0.48915566057164417, 0.45478907958032705, 0.4206715354062339, 0.3869047653390757, 0.35359322645151525, 0.32084409559916843, 0.28876726942060116, 0.2574753643373326, 0.22708371655383214, 0.19771038205752225, 0.1694761366187763, 0.14250447579091913, 0.11692161491022843, 0.09285648909593225, 0.07044075325021162, 0.04980878205819837, 0.03109766998797618, 0.01444723129058104, 0.0], "y_sac": [0.0, 0.8136324686369811, 2.576143685963522, 0.32911154834514866, 0.0]}