{"maxsac": 1.8657266751991877, "maxsac_x": 4.927826195575243, "sn_sections": [0.0, 0.5176889421707813, 1.0604926147119746, 1.4998161139642499, 1.7753098133875653, 1.8659113559949392, 1.7754275699903235, 1.5257373291076948, 1.1546633017883718, 0.717627913405547, 0.2938106526897453, 0.0], "x_i_sac": [0.0, 0.0913727319798738, 0.18342423803067004, 0.2761504651643538, 0.36954716569226415, 0.46360989722511414, 0.5583340226729906, 0.6537147102453547, 0.7497469334510412, 0.8464254710982592, 0.9437449072945918, 1.0416996314469957, 1.1402838382618017, 1.2394915277447152, 1.3393165052008142, 1.4397523812345523, 1.540792571749756, 1.642430297949627, 1.744658586336738, 1.8474702687130404, 1.950857982179856, 2.054814169137879, 2.1593310772871854, 2.2644007596272155, 2.3700150744567896, 2.4761656853741, 2.5828440612767154, 2.6900414763615736, 2.79774901012499, 2.9059575473626533, 3.0146577781696284, 3.1238401979403485, 3.233495107368626, 3.3436126124476457, 3.454182624469966, 3.5651948600275176, 3.6766388410116098, 3.7885038946129215, 3.9007791533215075, 4.013453554926795, 4.126515842517591, 4.239954564482066, 4.353758074507774, 4.467914531581639, 4.5824118999899595, 4.697237949318406, 4.812380254452027, 4.927826195575243, 5.043562958171846, 5.159577533025005, 5.275856716217266, 5.392387109130543, 5.509155118446122, 5.626146956144673, 5.743348639506232, 5.860745991110211, 5.978324638835398, 6.096070015859951, 6.213967360661403, 6.332001717016669, 6.450157934002022, 6.568420665993126, 6.686774372665006, 6.805203318992068, 6.923691575248088, 7.04222301700622, 7.160781325138994, 7.279349985818304, 7.397912290515426, 7.5164513360010075, 7.63495002434507, 7.753391062917013, 7.871756964385602, 7.990030046718985, 8.108192433184676, 8.22622605234957, 8.344112638079931, 8.461833729541404, 8.579370671198992, 8.69670461281709, 8.813816509459466, 8.930687121489242, 9.047297014568938, 9.163626559660436, 9.279655933024989, 9.395365116223234, 9.510733896115173, 9.625741864860192, 9.740368419917036, 9.85459276404384, 9.9683939052981, 10.081750657036697, 10.194641637915877, 10.307045271891266, 10.418939788217859, 10.53030322145003, 10.64111341144152, 10.751348003345456, 10.860984447614326, 10.97], "x_sac": [0.0, 2.2530430549330456, 5.063639340344628, 8.279737460266343, 10.97], "y_i_sac": [0.0, 0.0409097371241069, 0.08409054166668399, 0.12933768645642124, 0.1764509720950234, 0.22523472695721009, 0.27549780719071576, 0.32705359671628964, 0.37972000722769605, 0.4333194781917137, 0.4876789768481368, 0.5426299982097736, 0.5980085650624479, 0.6536552279649984, 0.7094150652492776, 0.7651376830201538, 0.8206772151555103, 0.8758923233062443, 0.9306461968962686, 0.9848065531225111, 1.0382456369549133, 1.0908402211364325, 1.1424716061830416, 1.1930256203837257, 1.242392619800488, 1.2904674882683442, 1.3371496373953264, 1.38234300656248, 1.4259560629238661, 1.4679018014065601, 1.5080977447106547, 1.5464659433092538, 1.5829329754484778, 1.617429947147463, 1.6498924921983589, 1.6802607721663296, 1.7084794763895563, 1.7344978219792333, 1.7582695538195692, 1.7797529445677887, 1.7989107946541325, 1.815710432281853, 1.8301237134272188, 1.8421270218395145, 1.8517012690410388, 1.8588318943271043, 1.863508864766039, 1.8657266751991877, 1.8654843482409067, 1.8627854342785688, 1.8576380114725635, 1.850054685756291, 1.84005259083617, 1.8276533881916317, 1.8128832670751236, 1.7957729445121073, 1.77635766530106, 1.7546772020134733, 1.7307758549938526, 1.7047024523597198, 1.6765103500016112, 1.6462574315830771, 1.6140061085406834, 1.5798233200840108, 1.5437805331956547, 1.5059537426312262, 1.466423470919349, 1.4252747683616644, 1.3825972130328257, 1.3384849107805046, 1.2930364952253832, 1.2463551277611633, 1.1985484975545577, 1.1497288215452952, 1.1000128444461206, 1.0495218387427918, 0.9983816046940832, 0.946722470331783, 0.8946792914606936, 0.8423914516586343, 0.7900028622764372, 0.7376619624379506, 0.6855217190400367, 0.6337396267525739, 0.5824777080184538, 0.531902513053583, 0.48218511984688506, 0.43350113416029545, 0.38603068952876685, 0.3399584472602649, 0.29547359643577203, 0.252769853909284, 0.21204546430781146, 0.17350320003138114, 0.13735036125303307, 0.10379877591882364, 0.0730647997478229, 0.045369316232115875, 0.02093773663680336, 0.0], "y_sac": [0.0, 0.982694519759239, 3.990884157780583, 0.47304766248935615, 0.0]}