{"maxsac": 2.2105938241293277, "maxsac_x": 4.910801748410734, "sn_sections": [0.0, 0.596013272280927, 1.2556873516521372, 1.7632880481566469, 2.082415922267379, 2.208179050875673, 2.1459641007691435, 1.9071439504975887, 1.5103451221329718, 0.9885257620386068, 0.4124429794775495, 0.0], "x_i_sac": [0.0, 0.053738314837531505, 0.11015192731771305, 0.16919603704282535, 0.23082564008488227, 0.2949955289856309, 0.36166029275655165, 0.430774316878858, 0.5022917833034967, 0.5761666704511477, 0.6523527532122245, 0.7308036029468733, 0.8114725874849738, 0.894312871126139, 0.979277414639715, 1.066318975264781, 1.1553901067101493, 1.2464431591543665, 1.3394302792457105, 1.434303410102195, 1.5310142913115643, 1.6295144589312966, 1.7297552454886056, 1.8316877799804345, 1.9352629878734628, 2.0404315911041015, 2.1471441080784968, 2.2553508536725246, 2.3650019392317967, 2.4760472725716576, 2.588436557977187, 2.702119296203193, 2.817044784474221, 2.933162116484547, 3.0504201823981845, 3.168767668848874, 3.2881530589400945, 3.408524632245056, 3.529830464806701, 3.6520184291377062, 3.775036194220484, 3.898831225507176, 4.023350784919655, 4.148541930849536, 4.27435151815816, 4.400726198176601, 4.52761241870567, 4.654956424015911, 4.782704254847594, 4.910801748410734, 5.039194538385073, 5.167828054920084, 5.296647524634972, 5.425597970618684, 5.554624212429895, 5.683670866097011, 5.8126823441181745, 5.941602855461259, 6.070376405563874, 6.198946796333361, 6.327257626146792, 6.455252289850977, 6.5828739787624535, 6.7100656806675, 6.8367701798221185, 6.962930056952054, 7.088487689252779, 7.2133852503895, 7.337564710497157, 7.460967836180423, 7.583536190513704, 7.705211133041142, 7.825933819776607, 7.945645203203709, 8.064286032275785, 8.181796852415907, 8.298118005516883, 8.413189629941252, 8.526951660521284, 8.639343828558985, 8.750305661826097, 8.85977648456409, 8.967695417484169, 9.07400137776727, 9.17863307906407, 9.281529031494971, 9.382627541650109, 9.48186671258936, 9.579184443842323, 9.674518431408343, 9.767806167756483, 9.858984941825554, 9.94799183902409, 10.03476374123036, 10.119237326792373, 10.201349070527865, 10.281035243724299, 10.358231914138889, 10.432874945998563, 10.5049], "x_sac": [0.0, 1.296548139963451, 4.814583973832001, 8.755209448056233, 10.5049], "y_i_sac": [0.0, 0.016896850909817487, 0.039319292115547064, 0.06690126802115101, 0.09928441036772728, 0.13611803823350946, 0.1770591580338668, 0.22177246352130417, 0.26993033578546216, 0.32121284325311705, 0.37530774168818065, 0.4319104741917005, 0.4907241712018598, 0.5514596504939776, 0.6138354171805082, 0.6775776637110417, 0.742420269872304, 0.8081048027881569, 0.8743805169195967, 0.9410043540647574, 1.0077409433589068, 1.0743626012744485, 1.1406493316209236, 1.206388825545006, 1.271376461530508, 1.3354153053983762, 1.3983161103066928, 1.4598973167506752, 1.5199850525626777, 1.5784131329121895, 1.6350230603058367, 1.6896640245873786, 1.7421929029377123, 1.7924742598748693, 1.8403803472540183, 1.8857911042674609, 1.9285941574446377, 1.9686848206521226, 2.005966095093626, 2.0403486693099935, 2.071750919179208, 2.100098907916386, 2.1253263860737794, 2.1473747915407784, 2.1661932495439062, 2.1817385726468235, 2.193975260750324, 2.2028755010923424, 2.2084191682479424, 2.2105938241293277, 2.2093947179858375, 2.204824786403943, 2.196894653307257, 2.185622629956522, 2.1710347149496205, 2.153164594221568, 2.132053641044517, 2.107750916027755, 2.080313167117706, 2.049804829597929, 2.016298026089119, 1.9798725665491055, 1.9406159482728553, 1.8986233558924697, 1.8539976613771867, 1.8068494240333797, 1.757296890504556, 1.7054659947713613, 1.6514903581515743, 1.595511289300113, 1.537677784209026, 1.4781465262075022, 1.417081885961864, 1.3546559214755687, 1.2910483780892112, 1.226446688480521, 1.1610459726643634, 1.0950490379927398, 1.0286663791547854, 0.962116178176774, 0.8956243044221124, 0.8294243145913452, 0.7637574527221506, 0.698872650189345, 0.6350265257048777, 0.5724833853178347, 0.511515222414439, 0.45240171771804716, 0.39543023928915333, 0.34089584252538524, 0.28910127016150855, 0.24035695226942289, 0.19498100625816356, 0.1532992368739031, 0.1156451361999476, 0.08235988365674084, 0.05379234600186075, 0.03029907733002125, 0.012244319073072621, 0.0], "y_sac": [0.0, 0.3467503560402324, 5.511257907552232, 0.22802673441542606, 0.0]}