{"maxsac": 1.76926784207905, "maxsac_x": 5.012212251106693, "sn_sections": [0.0, 0.49523745466319397, 1.0003534702207282, 1.410331643478239, 1.67413011678356, 1.7691147190826364, 1.6924163470877267, 1.4588254966410004, 1.1020756202558428, 0.6783790548645984, 0.2716747929706531, 0.0], "x_i_sac": [0.0, 0.0904717825206975, 0.1819997702963178, 0.2745572822408745, 0.36811792271900945, 0.46265558154599284, 0.5581444339877232, 0.654558940760728, 0.7518738480321621, 0.8500641874198096, 0.9491052759920829, 1.0489727162680225, 1.1496423962172975, 1.2510904892602053, 1.3532934542676713, 1.4562280355612505, 1.5598712629131248, 1.6642004515461062, 1.7691932021336323, 1.8748274007997734, 1.9810812191192242, 2.0879331141173076, 2.1953618282699807, 2.3033463895038215, 2.411866111196042, 2.5209005921744785, 2.6304297167176, 2.7404336545544985, 2.850892860864899, 2.961788076279152, 3.073100326878241, 3.184810924193772, 3.296901465207981, 3.4093538323537356, 3.5221501935145296, 3.6352730020244826, 3.7487049966683474, 3.8624292016815036, 3.9764289267499553, 4.090687767010341, 4.205189603049926, 4.3199186009066, 4.434859212068884, 4.549996173475929, 4.665314507517513, 4.780799522034039, 4.896436810316544, 5.012212251106693, 5.128112008596774, 5.244122532429706, 5.360230557699042, 5.476423104948954, 5.592687480174247, 5.709011274820355, 5.825382365783343, 5.941788915409897, 6.058219371497337, 6.17466246729361, 6.29110722149729, 6.407542938257586, 6.523959207174321, 6.6403459032979635, 6.756693187129597, 6.872991504620944, 6.989231587174344, 7.105404451642777, 7.221501400329842, 7.337514020989771, 7.453434186827423, 7.569254056498286, 7.684966074108473, 7.8005629692147345, 7.916037756824439, 8.03138373739559, 8.146594496836814, 8.261663906507373, 8.37658612321715, 8.49135558922666, 8.605967032247051, 8.720415465440087, 8.834696187418178, 8.948804782244343, 9.062737119432246, 9.176489353946167, 9.290057926201019, 9.40343956206235, 9.516631272846322, 9.629630355319744, 9.742434391700034, 9.855041249655255, 9.967449082304086, 10.07965632821584, 10.19166171141046, 10.303464241358512, 10.415063212981199, 10.526458206650341, 10.637649088188395, 10.748636008868445, 10.859419405414199, 10.97], "x_sac": [0.0, 2.225884192172439, 5.336429516600007, 8.235632234091796, 10.97], "y_i_sac": [0.0, 0.03983121104409817, 0.08174636228748103, 0.12555307360845863, 0.17106324770562967, 0.2180930700978814, 0.26646300912438975, 0.31599781594461934, 0.36652652453832335, 0.4178824517055435, 0.4699031970666106, 0.5224306430621434, 0.5753109549530498, 0.6283945808205263, 0.6815362515660579, 0.734594980911418, 0.787434065398669, 0.8399210843901621, 0.8919279000685364, 0.9433306574367208, 0.9940097843179315, 1.0438499913556738, 1.092740272013743, 1.1405739025762205, 1.1872484421474785, 1.2326657326521764, 1.276731898835264, 1.3193573482619774, 1.3604567713178426, 1.3999491412086742, 1.4377577139605766, 1.4738100284199402, 1.5080379062534461, 1.5403774519480637, 1.5707690528110503, 1.5991573789699518, 1.625491383372604, 1.6497243017871306, 1.6718136528019434, 1.691721237825743, 1.7094131410875204, 1.724859729636553, 1.7380356533424066, 1.7489198448949383, 1.7574955198042916, 1.7637501764008987, 1.767675595835481, 1.76926784207905, 1.7685272619229029, 1.7654584849786268, 1.760070423678099, 1.752376273273483, 1.7423935118372322, 1.7301439002620886, 1.7156534822610823, 1.6989525843675328, 1.6800758159350477, 1.6590620691375235, 1.6359545189691451, 1.6108006232443859, 1.5836521225980087, 1.5545650404850637, 1.5235996831808913, 1.4908206397811188, 1.4562967822016635, 1.4201012651787315, 1.3823115262688157, 1.3430092858486997, 1.302280547115454, 1.2602155960864403, 1.216909001599305, 1.1724596153119875, 1.126970571702712, 1.080549288069994, 1.0333074645326366, 0.9853610840297312, 0.9368304123206589, 0.8878399979850884, 0.8385186724229772, 0.7889995498545721, 0.7394200273204079, 0.6899217846813085, 0.6406507846183854, 0.5917572726330409, 0.5433957770469635, 0.4957251090021312, 0.44890836246081167, 0.4031129142055595, 0.35851042383921966, 0.31527683378492405, 0.27359236928609476, 0.23364153840644156, 0.19561313202996256, 0.15970022386094584, 0.12610017042396654, 0.09501461106388999, 0.06664946794586893, 0.04121494605534494, 0.018925533198049037, 0.0], "y_sac": [0.0, 0.9584200774208028, 3.77923127101253, 0.4249475782533422, 0.0]}