{"maxsac": 1.289165270947546, "maxsac_x": 4.815836935388666, "sn_sections": [0.0, 0.32047937376188657, 0.6864170209291551, 1.001231533931126, 1.2099623587209638, 1.2886943984941281, 1.2357809307774126, 1.0659343007931659, 0.8071977921171742, 0.5007757419226146, 0.20421469592371988, 0.0], "x_i_sac": [0.0, 0.09343178417014365, 0.18709561721259227, 0.28099913443267294, 0.3751496489028332, 0.4695541514626413, 0.564219310718786, 0.6591514730450765, 0.7543566625824429, 0.8498405812389357, 0.9456086086897265, 1.0416658023771068, 1.1380168975104885, 1.234666307066406, 1.331618121788511, 1.4288761101875787, 1.5264437185415036, 1.6243240708953017, 1.722519969061108, 1.82103389261818, 1.9198679989128946, 2.0190241230587485, 2.118503777936362, 2.2183081541934717, 2.31843812024494, 2.4188942222727445, 2.519676684225988, 2.6207854078208905, 2.722219972540794, 2.823979635636161, 2.926063332124576, 3.028469674790741, 3.131196954186481, 3.234243138630742, 3.3376058742095895, 3.4412824847762065, 3.545269971950903, 3.649565015121106, 3.7541639714413613, 3.85906287583334, 3.9642574409858313, 4.069743057354744, 4.175514793163106, 4.281567394401072, 4.387895284825913, 4.494492565962019, 4.601353017100903, 4.708470095301202, 4.815836935388666, 4.923446349956169, 5.031290829363711, 5.139362541738404, 5.247653332974484, 5.356154726733308, 5.464857924443357, 5.573753805300225, 5.682832926266633, 5.792085522072419, 5.901501505214542, 6.011070465957088, 6.120781672331251, 6.230624070135358, 6.340586282934848, 6.450656612062286, 6.560823036617353, 6.671073213466855, 6.781394477244719, 6.891773840351987, 7.002197992956825, 7.11265330299452, 7.223125816167478, 7.333601255945231, 7.444065023564422, 7.554502198028825, 7.664897536109324, 7.775235472343933, 7.885500119037782, 7.995675266263121, 8.105744381859324, 8.21569061143288, 8.325496778357408, 8.435145383773635, 8.54461860658942, 8.653898303479737, 8.762966008886679, 8.871802935019465, 8.980389971854429, 9.088707687135033, 9.196736326371848, 9.304455812842578, 9.41184574759204, 9.518885409432174, 9.625553754942041, 9.731829418467822, 9.837690712122814, 9.943115625787447, 10.048081827109256, 10.15256666150291, 10.256547152150189, 10.36], "x_sac": [0.0, 2.309630038501169, 4.8023086061027485, 7.806265806323339, 10.36], "y_i_sac": [0.0, 0.026014880506678294, 0.05378403741612321, 0.08315887556174094, 0.11399404640673366, 0.14614744804409963, 0.17948022519663312, 0.2138567692169244, 0.24914471808735986, 0.2852149564201218, 0.32194161545718886, 0.35920207307033525, 0.39687695376113163, 0.4348501286609447, 0.47300871553093665, 0.5112430787620664, 0.5494468293750886, 0.587516825020554, 0.625353169978809, 0.6628592151599969, 0.6999415581040562, 0.7365100429807215, 0.7724777605895247, 0.8077610483597913, 0.8422794903506456, 0.875955917251006, 0.908716406379588, 0.9404902816849019, 0.9712101137452552, 1.0008117197687512, 1.0292341635932896, 1.0564197556865647, 1.082314053146068, 1.1068658596990877, 1.1300272257027064, 1.1517534481438034, 1.172003070639055, 1.1907378834349318, 1.2079229234077014, 1.2235264740634277, 1.2375200655379708, 1.2498784745969858, 1.2605797246359238, 1.2696050856800336, 1.276939074384359, 1.2825694540337385, 1.2864872345428087, 1.2886866724560022, 1.289165270947546, 1.2879237798214642, 1.2849661955115779, 1.2802997610815015, 1.2739349662246477, 1.2658855472642252, 1.2561684871532375, 1.244804015474485, 1.2318156084405643, 1.2172299888938674, 1.2010771263065823, 1.1833902367806934, 1.164205783047982, 1.1435634744700234, 1.121506267038191, 1.0980803633736524, 1.073335212727373, 1.0473235109801133, 1.0201012006424293, 0.9917274708546745, 0.9622647573869968, 0.931778742639342, 0.9003383556414495, 0.8680157720528578, 0.8348864141628984, 0.8010289508907007, 0.76652529778519, 0.7314606170250866, 0.6959233174189082, 0.6600050544049677, 0.6238007300513737, 0.587408493056032, 0.5509297387466434, 0.5144691090807056, 0.47813449264551117, 0.44203702465815026, 0.40629108696550775, 0.37101430804426466, 0.3363275630008992, 0.30235497357168417, 0.26922390812268965, 0.23706498164978063, 0.20601205577861925, 0.17620223876466296, 0.14777588549316498, 0.12087659747917572, 0.09565122286754027, 0.07224985643290104, 0.05082583957969551, 0.03153576034215738, 0.014539453384316977, 0.0], "y_sac": [0.0, 0.620913123409788, 2.798427312240181, 0.32808239909356707, 0.0]}