{"maxsac": 1.7564479353439637, "maxsac_x": 4.702162384032798, "sn_sections": [0.0, 0.5719314728300602, 1.114942205560346, 1.5046374159187619, 1.713671851444984, 1.7508801488050565, 1.6375053248964968, 1.3993746387757278, 1.0659126416678741, 0.6737769521161849, 0.2787540341121703, 0.0], "x_i_sac": [0.0, 0.0821892137009455, 0.16506934092293915, 0.248667180341135, 0.33300830232643497, 0.4181170489454895, 0.5040165339606968, 0.5907286428302038, 0.6782740327079052, 0.7666721324434437, 0.8559411425822112, 0.9460980353653464, 1.0371585547297375, 1.1291372163080202, 1.2220473074285776, 1.315900887115543, 1.410708786088796, 1.506480606763966, 1.6032247232524286, 1.7009482813613097, 1.7996571985934824, 1.8993561641475663, 2.000048638917934, 2.1017368554947002, 2.2044218181637323, 2.3081033029066442, 2.412779857400799, 2.5184488010193053, 2.6251062248310224, 2.732746991600557, 2.841364735788266, 2.95095186355025, 3.0614995527383617, 3.172997752900201, 3.285435185279115, 3.3987993428141996, 3.5130764901402993, 3.6282516635880073, 3.7443086711836613, 3.861230092649353, 3.97899727940292, 4.097590354557944, 4.216988212923759, 4.33716852100545, 4.458107717003845, 4.579781010815517, 4.702162384032798, 4.825224589943763, 4.948939153532229, 5.073276371477769, 5.1982053121557055, 5.3236938156371005, 5.449708493688772, 5.57621472977328, 5.703176679048942, 5.830557268369812, 5.958318196285703, 6.086419933042166, 6.214821720580508, 6.343481572537785, 6.47235627424679, 6.6014013827360785, 6.7305712267299445, 6.859818906648435, 6.98909629460734, 7.118354034418205, 7.24754154158832, 7.3766070033207205, 7.505497378514194, 7.634158397763276, 7.762534563358246, 7.890569149285138, 8.018204201225728, 8.14538053655755, 8.27203774435387, 8.39811418538372, 8.523546992111864, 8.648272068698828, 8.772224091000878, 8.895336506570029, 9.01754153465405, 9.138770166196448, 9.258952163836488, 9.378016061909179, 9.495889166445274, 9.612497555171284, 9.727766077509457, 9.841618354577802, 9.95397677919006, 10.064762515855742, 10.17389550078008, 10.28129444186408, 10.38687681870448, 10.49055888259377, 10.59225565652019, 10.691880935167731, 10.789347284916122, 10.88456604384085, 10.97744732171315, 11.0679], "x_sac": [0.0, 2.0258616734780057, 4.593219531300701, 8.860009460300406, 11.0679], "y_i_sac": [0.0, 0.04161279578257813, 0.08521081965296874, 0.13060119918937807, 0.1775954456549178, 0.22600945399760491, 0.2756635028503619, 0.3263822545310166, 0.3779947550423022, 0.4303344340718574, 0.4832391049922265, 0.5365509648608587, 0.590116594420109, 0.6437869580972378, 0.6974174040044107, 0.7508676639386989, 0.8040018533820785, 0.8566884715014322, 0.9088004011485464, 0.960214908860115, 1.0108136448577354, 1.0604826430479106, 1.1091123210220513, 1.1565974800564702, 1.2028373051123877, 1.2477353648359288, 1.2911996115581252, 1.3331423812949115, 1.3734803937471292, 1.4121347523005254, 1.4490309440257534, 1.4840988396783692, 1.5172726936988368, 1.548491144212524, 1.5776972130297058, 1.6048383056455595, 1.629866211240172, 1.652737102678532, 1.673411536510535, 1.691854452970982, 1.7080351759795807, 1.7219274131409412, 1.7335092557445806, 1.7427631787649223, 1.749676040861294, 1.7542390843779279, 1.7564479353439637, 1.7563026034734466, 1.7538074821653247, 1.7489713485034526, 1.7418073632565925, 1.7323330708784084, 1.7205703995074724, 1.706545660967261, 1.6902895507661557, 1.6718371480974445, 1.6512279158393206, 1.6285057005548809, 1.60371873249213, 1.576919625583977, 1.548165377448236, 1.5175173693876265, 1.4850413663897746, 1.4508075171272101, 1.4148903539573696, 1.377368792922595, 1.3383261337501324, 1.2978500598521348, 1.2560326383256586, 1.212970319952669, 1.1687639392000322, 1.1235187142195242, 1.0773442468478232, 1.0303545226065138, 0.9826679107020867, 0.9344071640259372, 0.8856994191543666, 0.836676196348581, 0.7874733995546916, 0.7382313164037166, 0.689094618211578, 0.6402123599791043, 0.591737980392028, 0.5438293018209892, 0.4966485303215313, 0.4503622556341034, 0.40514145118406186, 0.36116147408166593, 0.31860206512208245, 0.2776473487853818, 0.23848583323654138, 0.20131041032544306, 0.16631835558687375, 0.13371132824052726, 0.10369537119100102, 0.0764809110277995, 0.05228275802533142, 0.03132010614291111, 0.013816533024758942, 0.0], "y_sac": [0.0, 1.0037311765019779, 3.789707954317495, 0.2944242661914077, 0.0]}