{"maxsac": 1.4564603516555825, "maxsac_x": 4.861106001713114, "sn_sections": [0.0, 0.4679087005313787, 0.9151654480702806, 1.240044815338297, 1.4176017209034997, 1.4528781315267851, 1.3620175902007985, 1.1657480022396978, 0.8884271128944019, 0.5610221139168181, 0.23113180922949228, 0.0], "x_i_sac": [0.0, 0.08552418923769008, 0.17177565625592875, 0.2587785106162537, 0.34655568700291445, 0.43512894522287276, 0.5245188702058026, 0.6147448720040896, 0.7058251857928318, 0.7977768718698394, 0.8906158156556345, 0.9843567276934513, 1.0790131436492358, 1.1745974243116475, 1.2711207555920554, 1.3685931485245428, 1.467023439265904, 1.566419289095647, 1.6667871844159885, 1.7681324367518614, 1.8704591827509078, 1.9737703841834815, 2.078067827942653, 2.1833521260441975, 2.289622715626609, 2.39687785895109, 2.505114643401558, 2.614328981484637, 2.7245156108296684, 2.835668094188703, 2.9477788194365075, 3.060838999570555, 3.174838672711034, 3.2897667021008457, 3.4056107761056014, 3.5223574082136238, 3.639991937035952, 3.758498526306333, 3.8778601648812274, 3.9980586667398073, 4.119074670983959, 4.240887641838279, 4.363475868650072, 4.4868164658893654, 4.610885373148888, 4.735657355144085, 4.861106001713114, 4.987203727816845, 5.11392177353886, 5.24123020408545, 5.369097909785624, 5.497492606091097, 5.626380833576297, 5.755727957938369, 5.885498169997165, 6.0156544856952525, 6.146158746097909, 6.276971617393122, 6.408052590891597, 6.539359983026748, 6.670850935354698, 6.80248141455429, 6.934206212427072, 7.065978945897307, 7.197752057011966, 7.329476812940742, 7.461103305976032, 7.592580453532944, 7.723855998149306, 7.854876507485646, 7.985587374325217, 8.115932816573975, 8.245855877260595, 8.375298424536458, 8.504201151675659, 8.632503577075006, 8.76014404425402, 8.887059721854932, 9.013186603642684, 9.138459508504932, 9.26281208045205, 9.38617678861711, 9.508484927255909, 9.629666615746949, 9.749650798591448, 9.868365245413333, 9.985736550959246, 10.101690135098538, 10.216150242823273, 10.329039944248233, 10.440281134610899, 10.549794534271479, 10.657499688712882, 10.763314968540733, 10.867157569483371, 10.968943512391846, 11.068587643239914, 11.166003633124054, 11.26110397826345, 11.3538], "x_sac": [0.0, 2.107929794534443, 4.789292616006696, 9.090065832613195, 11.3538], "y_i_sac": [0.0, 0.03456163375548355, 0.07076786302589866, 0.10845863251067067, 0.1474775276133563, 0.18767177444164362, 0.2288922398073519, 0.2709934312264319, 0.3138334969189657, 0.35727422580916657, 0.40118104752537936, 0.44542303240008013, 0.48987289146987606, 0.5344069764755063, 0.5789052798618403, 0.62325143477788, 0.6673327150767577, 0.7110400353157382, 0.7542679507562159, 0.7969146573637185, 0.8388819918079037, 0.8800754314625604, 0.9204040944056104, 0.9597807394191048, 0.9981217659892277, 1.0353472143062938, 1.0713807652647493, 1.106149740463171, 1.1395851022042685, 1.1716214534948808, 1.202197038045981, 1.2312537402726704, 1.258737085294184, 1.284596238933887, 1.3087840077192765, 1.3312568388819797, 1.351974820357757, 1.3709016807864989, 1.3880047895122276, 1.4032551565830962, 1.4166274327513908, 1.4280999094735265, 1.4376545189100505, 1.4452768339256425, 1.4509560680891127, 1.4546850756734016, 1.4564603516555825, 1.4562820317168605, 1.45415389224257, 1.4500833503221782, 1.4440814637492838, 1.4361629310216155, 1.4263460913410348, 1.4146529246135338, 1.4011090514492357, 1.3857437331623954, 1.3685898717714, 1.3496840099987661, 1.3290663312711428, 1.3067806597193106, 1.2828744601781807, 1.2573988381867967, 1.230408539988332, 1.2019619525300922, 1.1721211034635148, 1.1409516611441686, 1.1085229346317516, 1.0749078736900959, 1.040183068787163, 1.0044287510950476, 0.9677287924899731, 0.9301707055522976, 0.8918456435665075, 0.8528484005212217, 0.8132774111091912, 0.7732347507272967, 0.7328261354765523, 0.6921609221621017, 0.6513521082932201, 0.6105163320833152, 0.5697738724499251, 0.5292486490147192, 0.4890682221034986, 0.4493637927461961, 0.410270202676875, 0.37192593433372967, 0.33447311085908754, 0.29805749609940546, 0.262828494605273, 0.2289391516314101, 0.19654615313666884, 0.16580982578403203, 0.1368941369406137, 0.10996669467766018, 0.0851987477705479, 0.06276518569878577, 0.0428445386460132, 0.025618977500001097, 0.011274313852652193, 0.0], "y_sac": [0.0, 0.8337055828643862, 3.144085468967793, 0.23945818084468024, 0.0]}