{"maxsac": 1.1040727356702038, "maxsac_x": 4.697513116053837, "sn_sections": [0.0, 0.3396668743336867, 0.6754702987334721, 0.9256537463892371, 1.067780719333736, 1.1029339154283289, 1.0413494128880936, 0.8973238834621046, 0.6883543193943552, 0.4373839220533095, 0.18083866253414133, 0.0], "x_i_sac": [0.0, 0.08014624530138145, 0.1610374987059406, 0.24269320195794897, 0.32513173178300264, 0.40837039988802254, 0.4924254529612545, 0.5773120726722688, 0.6630443756719607, 0.7496354135925504, 0.8370971730475826, 0.9254405756319269, 1.0146754779217777, 1.1048106714746542, 1.1958538828293999, 1.2878117735061838, 1.3806899400064991, 1.4744929138131646, 1.569224161390322, 1.664886084183441, 1.761480018619313, 1.859006236106054, 1.957463943033109, 2.0568512807712427, 2.157165325672547, 2.258402089070439, 2.36055651727966, 2.463622491596275, 2.567592828297675, 2.6724592786425747, 2.778212528871017, 2.8848422002043645, 2.992336848845308, 3.100683965977862, 3.209869977767366, 3.3198802453604834, 3.430699064885203, 3.5423096674508403, 3.654694219148032, 3.767833821048741, 3.8817085092062578, 3.9962972546551936, 4.1115779634114835, 4.227527476472394, 4.344121569816511, 4.461334954403745, 4.579141276175332, 4.697513116053837, 4.816421989943143, 4.935838348728462, 5.05573157827633, 5.176069999434609, 5.296820868032479, 5.417950374880455, 5.539423645770371, 5.661204741475384, 5.783256657749983, 5.905541325329973, 6.028019609932489, 6.1506513122559925, 6.273395167980262, 6.3962088477664105, 6.519048957256867, 6.6418710370753935, 6.764629562827067, 6.887277945098299, 7.009768529456823, 7.132052596451693, 7.2540803616132905, 7.375800975453321, 7.497162523464818, 7.618112026122138, 7.738595438880959, 7.858557652178289, 7.977942491432458, 8.09669271704312, 8.214750024391256, 8.33205504383917, 8.448547340730489, 8.564165415390171, 8.678846703124496, 8.79252757422106, 8.9051433339488, 9.016628222557966, 9.126915415280134, 9.23593702232821, 9.34362408889642, 9.449906595160316, 9.554713456276774, 9.657972522384002, 9.75961057860152, 9.859553345030182, 9.957725476752163, 10.054050563830966, 10.148451131311417, 10.240848639219665, 10.331163482563182, 10.419314991330776, 10.505221430492565, 10.5888], "x_sac": [0.0, 1.9745670801256574, 4.540943117718691, 8.549727481867148, 10.5888], "y_i_sac": [0.0, 0.024454728391846564, 0.05030727715741236, 0.07743009052942772, 0.10569848311005385, 0.1349906398708829, 0.16518761615293778, 0.19617333766667241, 0.22783460049197157, 0.2600610710781509, 0.29274528624395707, 0.3257826531775673, 0.35907144943659014, 0.3925128229480648, 0.42601079200846126, 0.45947224528368064, 0.49280694180905465, 0.5259275109893463, 0.5587494525987491, 0.5911911367808879, 0.623173804048818, 0.6546215652850251, 0.6854614017414278, 0.715623165039373, 0.7450395771696404, 0.7736462304924395, 0.8013815877374116, 0.8281869820036281, 0.8540066167595911, 0.8787875658432345, 0.9024797734619232, 0.9250360541924515, 0.9464120929810461, 0.9665664451433641, 0.9854605363644932, 1.0030586626989517, 1.0193279905706902, 1.034238556773089, 1.0477632684689593, 1.0598779031905434, 1.0705611088395155, 1.079794403686979, 1.0875621763734686, 1.0938516859089509, 1.0986530616728225, 1.1019593034139108, 1.1037662812504745, 1.1040727356702038, 1.1028802775302184, 1.1001933880570696, 1.0960194188467398, 1.090368591864642, 1.08325399944562, 1.074691604293949, 1.064700239483334, 1.0533016084569122, 1.040520285027251, 1.0263837133763487, 1.0109222080556348, 0.9941689539859692, 0.976160006457643, 0.9569342911303783, 0.9365336040333279, 0.9150026115650752, 0.8923888504936354, 0.8687427279564539, 0.8441175214604068, 0.8185693788818016, 0.7921573184663762, 0.7649432288293004, 0.736991868955173, 0.7083708681980261, 0.6791507262813208, 0.6494048132979497, 0.6192093697102365, 0.5886435063499353, 0.5577892044182322, 0.5267313154857427, 0.49555756149251373, 0.46435853474802385, 0.43322769793118154, 0.4022613840903269, 0.37155879664323, 0.34122200937709324, 0.31135596644854846, 0.2820684823836587, 0.2534702420779189, 0.22567480079625357, 0.19879858417301918, 0.17296088821200212, 0.14828387928642062, 0.12489259413892317, 0.10291493988158902, 0.08248169399592913, 0.06372650433288432, 0.0467858891128273, 0.03179923692556091, 0.018908806730319035, 0.00825972785576686, 0.0], "y_sac": [0.0, 0.5868864050825983, 2.421772783031183, 0.17362128765261842, 0.0]}