{"maxsac": 1.2581213197800414, "maxsac_x": 4.812922302617186, "sn_sections": [0.0, 0.31483099950335686, 0.6720830388509182, 0.978917558470694, 1.1819952195540941, 1.2577983717355914, 1.2046193228397517, 1.0370869484746943, 0.78325728970244, 0.48424660096573513, 0.19676356275141807, 0.0], "x_i_sac": [0.0, 0.09362496260546817, 0.18748185779422857, 0.2815771132063836, 0.37591687963796305, 0.47050703104092456, 0.5653531645231531, 0.6604606003484611, 0.7558343819365894, 0.851479275863205, 0.9473997718599044, 1.04360008281421, 1.1400841447695726, 1.236855616925371, 1.3339178816369102, 1.431274044415424, 1.5289269339280733, 1.6268791019979472, 1.725132823604061, 1.82369009688136, 1.922552643120715, 2.021721906768924, 2.121199055428715, 2.2209849798587413, 2.3210802939735853, 2.4214853348437564, 2.5222001626956922, 2.623224560911756, 2.7245580360302406, 2.8261998177453656, 2.928148858907279, 3.030403835522055, 3.132963146751697, 3.2358249149141347, 3.3389869854832273, 3.4424469270887568, 3.5462020315164398, 3.650249313707915, 3.75458551176075, 3.859207086928442, 3.9641102236204158, 4.06929082940202, 4.174744534994531, 4.28046669427516, 4.386452384277039, 4.4926964051892275, 4.599193280356715, 4.7059372562804205, 4.812922302617186, 4.920142112179782, 5.027590100936913, 5.1352594080132015, 5.243142895689201, 5.351233149401397, 5.459522477742198, 5.56800291245994, 5.676666208458892, 5.7855038437992405, 5.89450701969711, 6.003666660524548, 6.112973413809527, 6.222417650235954, 6.331989463643656, 6.441678671028393, 6.551474812541849, 6.661367151491639, 6.771344674341304, 6.881396090710312, 6.991509833374058, 7.101674058263867, 7.211876644466988, 7.322105194226603, 7.432347032941818, 7.542589209167668, 7.65281849461511, 7.7630213841510365, 7.873184095798265, 7.983292570735538, 8.09333247329753, 8.203289190974838, 8.313147834413993, 8.422893237417444, 8.532509956943581, 8.641982273106708, 8.751294189177063, 8.860429431580815, 8.969371449900052, 9.078103416872802, 9.186608228393002, 9.29486850351054, 9.402866584431207, 9.510584536516742, 9.618004148284804, 9.725106931408973, 9.831874120718766, 9.938286674199626, 10.044325272992916, 10.14997032139594, 10.255201946861916, 10.36], "x_sac": [0.0, 2.3144023997706364, 4.812778692195246, 7.771781587837331, 10.36], "y_i_sac": [0.0, 0.02580347362002545, 0.05328424398129637, 0.0822986734570348, 0.11270626924652212, 0.14436968337509926, 0.17715471269416652, 0.21093029888118367, 0.24556852843966992, 0.2809446326992039, 0.3169369878154238, 0.3534271147700269, 0.3902996793707705, 0.4274424922514709, 0.4647465088720038, 0.5021058295183046, 0.5394176993023682, 0.5765825081622488, 0.6135037908620595, 0.6500882269919741, 0.6862456409682248, 0.7218890020331031, 0.7569344242549614, 0.7913011665282094, 0.8249116325733183, 0.8576913709368175, 0.8895690749912964, 0.920476582935403, 0.9503488777938456, 0.9791240874173917, 1.0067434844828689, 1.0331514864931624, 1.058295655777219, 1.0821266994900436, 1.104598469612701, 1.1256679629523147, 1.1452953211420693, 1.1634438306412074, 1.1800799227350312, 1.1951731735349025, 1.2086963039782437, 1.2206251798285348, 1.230938811675316, 1.239619354934187, 1.2466521098468073, 1.252025521480895, 1.255731179730228, 1.2577638193146445, 1.2581213197800414, 1.2568047054983735, 1.2538181456676591, 1.249168954311971, 1.2428675902814454, 1.2349276572522756, 1.2253659037267153, 1.2142022230330778, 1.2014596533257356, 1.18716437758512, 1.171345723617723, 1.1540361640560945, 1.1352713163588455, 1.115089942810645, 1.093533950522223, 1.0706483914303666, 1.0464814622979253, 1.021084504713806, 0.9945120050929747, 0.9668215946764589, 0.9380740495313433, 0.9083332905507743, 0.877666383453955, 0.8461435387861512, 0.813838111918685, 0.7808266030489398, 0.7471886572003582, 0.7130070642224415, 0.6783677587907517, 0.6433598204069093, 0.6080754733985939, 0.5726100869195457, 0.5370621749495634, 0.5015333962945059, 0.4661285545862905, 0.43095559828289537, 0.3961256206683569, 0.36175285985277084, 0.3279546987722939, 0.2948516651891402, 0.2625674316915852, 0.2312288156939623, 0.20096577943666544, 0.17191142998614736, 0.14420201923492, 0.11797694390155582, 0.09337874553068543, 0.07055311049300007, 0.04964886998524959, 0.03081800003024334, 0.014215621476850737, 0.0], "y_sac": [0.0, 0.6166749558905555, 2.722952548824673, 0.3209753623004491, 0.0]}