{"maxsac": 1.2891652704903507, "maxsac_x": 4.815836930810785, "sn_sections": [0.0, 0.32047937485273315, 0.6864170231295127, 1.0012315357574002, 1.2099623593458724, 1.2886943980940628, 1.235780930105171, 1.065934300570416, 0.8071977925459005, 0.5007757425060656, 0.20421469587578325, 0.0], "x_i_sac": [0.0, 0.09343178319621546, 0.18709561531082777, 0.2809991316488106, 0.3751496452822389, 0.4695541470502894, 0.5642193055592404, 0.6591514671824714, 0.7543566560604639, 0.8498405741008002, 0.9456086009781657, 1.0416657941343455, 1.1380168887782267, 1.2346662978857996, 1.3316181122001536, 1.4288761002314811, 1.5264437082570754, 1.6243240603213323, 1.7225199582357478, 1.8210338815789209, 1.919867987696551, 2.0190241117014383, 2.118503766473488, 2.218308142659702, 2.3184381086741888, 2.4188942106981535, 2.5196766726799074, 2.620785396334859, 2.722219961145521, 2.823979624361506, 2.9260633209995333, 3.0284696638434148, 3.1311969434440714, 3.234243128119522, 3.3376058639548893, 3.441282474802393, 3.545269962281361, 3.6495650057782183, 3.7541639624464906, 3.8590628672068092, 3.9642574327469045, 4.069743049521609, 4.175514785752853, 4.281567387429675, 4.387895278308212, 4.494492559911699, 4.601353011530479, 4.708470090221994, 4.815836930810785, 4.923446345888495, 5.031290825813874, 5.139362538712768, 5.247653330478124, 5.356154724769993, 5.464857923015531, 5.573753804408987, 5.68283292591172, 5.792085522252185, 5.901501505925939, 6.011070467195646, 6.120781674091063, 6.230624072409055, 6.340586285713587, 6.450656615335724, 6.560823040373633, 6.671073217692585, 6.78139448192495, 6.891773845470201, 7.0021979984949105, 7.112653308932753, 7.223125822484507, 7.33360126261805, 7.444065030568362, 7.554502205337526, 7.664897543694723, 7.77523548017624, 7.885500127085458, 7.9956752744928705, 8.105744390236064, 8.215690619919727, 8.325496786915659, 8.435145392362745, 8.544618615166987, 8.653898312001479, 8.762966017306418, 8.871802943289106, 8.980389979923943, 9.088707694952436, 9.196736333883184, 9.3044558199919, 9.411845754321384, 9.518885415681549, 9.625553760649408, 9.731829423569069, 9.837690716551748, 9.943115629475761, 10.04808182998652, 10.152566663496552, 10.25654715318547, 10.36], "x_sac": [0.0, 2.3096300138232624, 4.802308594666842, 7.8062658329165835, 10.36], "y_i_sac": [0.0, 0.026014880201557684, 0.053784036835745466, 0.0831588747344926, 0.11399404535955544, 0.14614744680251748, 0.1794802237847893, 0.21385676765760864, 0.2491447164020403, 0.2852149546289762, 0.32194161357913553, 0.3592020711230644, 0.3968769517611361, 0.43485012662355116, 0.47300871347033696, 0.5112430766913483, 0.5494468273062668, 0.5875168229646015, 0.6253531679456883, 0.6628592131586906, 0.6999415561425983, 0.7365100410662286, 0.7724777587282271, 0.8077610465570638, 0.8422794886110386, 0.875955915578277, 0.9087164047767322, 0.9404902801541837, 0.9712101122882388, 1.0008117183863319, 1.029234162285725, 1.056419754453506, 1.082314051986591, 1.1068658586117222, 1.1300272246854701, 1.151753447194231, 1.1720030697542299, 1.1907378826115176, 1.2079229226419723, 1.2235264733512996, 1.2375200648750329, 1.2498784739785311, 1.260579724056981, 1.2696050851353968, 1.2769390738686197, 1.2825694535413172, 1.2864872340679854, 1.2886866719929468, 1.2891652704903507, 1.287923779364173, 1.2849661950482194, 1.2802997606061188, 1.2739349657313304, 1.265885546747139, 1.2561684866066565, 1.2448040148928228, 1.2318156078184044, 1.217229988225995, 1.2010771255880146, 1.183390236006712, 1.1642057822141612, 1.143563473572265, 1.1215062660727526, 1.0980803623371798, 1.0733352116169304, 1.0473235097932152, 1.0201011993770714, 0.9917274695093643, 0.9622647559607851, 0.9317787411318539, 0.9003383540529154, 0.8680157703841445, 0.8348864124155404, 0.8010289490669308, 0.7665252958879708, 0.7314606150581416, 0.6959233153867525, 0.6600050523129393, 0.6238007279056648, 0.5874084908637196, 0.5509297365157209, 0.5144691068201132, 0.4781344903651677, 0.4420370223689839, 0.4062910846794871, 0.37101430577442973, 0.3363275607613928, 0.3023549713777826, 0.2692239059908342, 0.23706497959760822, 0.20601205382499382, 0.17620223692970644, 0.14777588379828838, 0.1208765959471102, 0.09565122152236824, 0.07224985530008718, 0.05082583868611794, 0.031535759716138666, 0.014539453055655243, 0.0], "y_sac": [0.0, 0.6209131154761159, 2.7984273219933504, 0.32808239055917093, 0.0]}