{"maxsac": 1.4116281836591462, "maxsac_x": 5.120290991869254, "sn_sections": [0.0, 0.4366935424767868, 0.8376418666905894, 1.1496557037636994, 1.3460198232745966, 1.4116990079813558, 1.3420197791333888, 1.1460914273390528, 0.852357551400826, 0.5129284512578408, 0.20136520626741147, 0.0], "x_i_sac": [0.0, 0.08628348365474686, 0.17436278472204234, 0.2641706803895999, 0.35564114598679947, 0.44870935498468767, 0.5433116789959774, 0.6393856877750487, 0.7368701492179476, 0.8357050293623867, 0.935831492387746, 1.037191900615071, 1.1397298145070742, 1.2433899926681353, 1.3481183918442996, 1.4538621669232794, 1.5605696709344534, 1.6681904550488675, 1.776675268579233, 1.8859760589799295, 1.9960459718470014, 2.106839350918159, 2.218311738072784, 2.3304198733319184, 2.443121694858275, 2.5563763389562313, 2.670144140071833, 2.784386630792789, 2.899066541848478, 3.014147802109944, 3.129595538589901, 3.2453760764427217, 3.3614569389644524, 3.4778068475928046, 3.594395721907154, 3.7111946796285444, 3.828176036619687, 3.945313306884958, 4.0625812025704, 4.179955633963725, 4.29741370949431, 4.414933735733196, 4.532495217393092, 4.650078857328378, 4.767666556535094, 4.88524141415095, 5.002787727455321, 5.120290991869254, 5.237737900955453, 5.355116346418295, 5.472415418103826, 5.589625403999752, 5.7067377902354455, 5.823745261081954, 5.940641698951984, 6.0574221843999085, 6.174082996121774, 6.290621610955284, 6.4070367038798155, 6.523328148016412, 6.639497014627778, 6.75554557311829, 6.8714772910339885, 6.987296834062582, 7.103010066033445, 7.218624048917617, 7.334147042827807, 7.44958850601839, 7.564959094885404, 7.6802706639665566, 7.795536265941223, 7.910770151630444, 8.025987769996924, 8.141205768145038, 8.256441991320829, 8.371715482911998, 8.487046484447921, 8.602456435599642, 8.717967974179857, 8.833604936142947, 8.949392355584955, 9.065356464743576, 9.181524693998192, 9.297925671869837, 9.414589225021217, 9.53154637825671, 9.648829354522347, 9.76647157490584, 9.884507658636554, 10.002973423085539, 10.12190588376549, 10.241343254330783, 10.361324946577454, 10.481891570443214, 10.603084934007425, 10.724948043491134, 10.84752510325704, 10.970861515809517, 11.095003881794604, 11.22], "x_sac": [0.0, 2.1127309782717685, 5.747997093866721, 8.115379137189903, 11.22], "y_i_sac": [0.0, 0.035801170952516996, 0.07291094860978908, 0.11119078239310978, 0.1505052667742856, 0.1907221412756363, 0.23171229046999475, 0.2733497439807069, 0.3155116764816321, 0.35807840769714244, 0.4009334024021235, 0.4439632704219739, 0.48705776663260536, 0.5301097909604431, 0.5730153883824246, 0.6156737489260014, 0.6579872076691377, 0.6998612447403112, 0.7412044853185122, 0.7819286996332452, 0.8219488029645267, 0.8611828556428859, 0.8995520630493679, 0.9369807756155275, 0.9733964888234349, 1.0087298432056726, 1.042914624345337, 1.0758877628760364, 1.1075893344818928, 1.1379625598975414, 1.1669538049081318, 1.1945125803493244, 1.2205915421072941, 1.2451464911187293, 1.2681363733708306, 1.2895232799013117, 1.3092724467984007, 1.3273522552008377, 1.3437342312978757, 1.3583930463292824, 1.371306516585338, 1.3824556034068347, 1.391824413185078, 1.3994001973618888, 1.4051733524295993, 1.4091374199310538, 1.411289086459612, 1.4116281836591462, 1.4101576882240414, 1.4068837218991943, 1.401815551480019, 1.3949655888124375, 1.3863493907928885, 1.375985659368323, 1.3638962415362046, 1.3501061293445105, 1.334643459891731, 1.3175395153268692, 1.2988287228494422, 1.278548654709479, 1.2567400282075232, 1.23344670569463, 1.2087156945723696, 1.1825971472928227, 1.1551443613585861, 1.1264137793227684, 1.0964649887889903, 1.0653607224113877, 1.0331668578946074, 0.9999524179938122, 0.9657895705146746, 0.9307536283133839, 0.8949230492966396, 0.8583794364216553, 0.8212075376961586, 0.783495246178389, 0.7453335999771002, 0.7068167822515584, 0.6680421212115425, 0.629110090117346, 0.5901243072797739, 0.5511915360601459, 0.5124216848702935, 0.47392780717256255, 0.43582610147981105, 0.39823591135541003, 0.36127972541324505, 0.32508317731771325, 0.28977504578372626, 0.2554872545767075, 0.22235487251259486, 0.19051611345783853, 0.16011233632940167, 0.13128804509476166, 0.10419088877190769, 0.07897166142934343, 0.05578430218608466, 0.034785895211660485, 0.01613666972611382, 0.0], "y_sac": [0.0, 0.8687224708290713, 2.921765312931548, 0.3669224004662035, 0.0]}