{"maxsac": 1.3519225748584054, "maxsac_x": 4.470215259121537, "sn_sections": [0.0, 0.4060736133156572, 0.7919667288345023, 1.0972315621761803, 1.2898206410589081, 1.3520056963274794, 1.278976459774926, 1.082081711393153, 0.7934401019901456, 0.4679528372720344, 0.17807758324745093, 0.0], "x_i_sac": [0.0, 0.07900968031636484, 0.15931580382673216, 0.24086817164442573, 0.32361753394866766, 0.40751558998457865, 0.49251498806317806, 0.5785693255613835, 0.6656331489220118, 0.7536619536537771, 0.8426121843312936, 0.9324412345950724, 1.023107447151525, 1.1145701137729596, 1.206789475297584, 1.2997267216295045, 1.3933439917387256, 1.4876043736611504, 1.5824719044985804, 1.6779115704187169, 1.7738893066551575, 1.8703719975073991, 1.9673274763408397, 2.064724525586772, 2.1625328767423886, 2.2607232103707826, 2.3592671561009437, 2.4581372926277587, 2.557307147712016, 2.6567511981804004, 2.756444869925499, 2.85636453790579, 2.956487526145658, 3.056792107735381, 3.1572575048311387, 3.257863888655006, 3.3585923794949606, 3.459425046704875, 3.5603449087045216, 3.661335932979571, 3.7623830360815953, 3.86347208362806, 3.964589890302331, 4.065724219853677, 4.166863785097259, 4.267998247914139, 4.369118219251278, 4.470215259121537, 4.571281876603672, 4.6723115298423386, 4.7732986260480965, 4.874238521497395, 4.975127521532585, 5.075962880561918, 5.176742802059546, 5.277466438565513, 5.378133891685769, 5.478746212092153, 5.579305399522412, 5.67981440278019, 5.780277119735021, 5.880698397322349, 5.981084031543509, 6.081440767465738, 6.181776299222168, 6.282099270011835, 6.3824192720996695, 6.482746846816502, 6.583093484559059, 6.68347162478997, 6.783894656037759, 6.884376915896851, 6.984933691027568, 7.085581217156134, 7.186336679074664, 7.28721821064118, 7.388244894779597, 7.489436763479733, 7.590814797797298, 7.692400927853907, 7.7942180328370725, 7.8962899410002, 7.998641429662601, 8.10129822520948, 8.204287003091943, 8.307635387826995, 8.411371952997534, 8.515526221252367, 8.620128664306186, 8.725210702939599, 8.830804706999091, 8.936943995397064, 9.043662836111809, 9.150996446187518, 9.258980991734283, 9.367653587928093, 9.477052299010833, 9.587216138290293, 9.698185068140154, 9.81], "x_sac": [0.0, 1.9390260901439211, 4.978632653457217, 7.031767769873395, 9.81], "y_i_sac": [0.0, 0.03405197755173098, 0.06940604126931889, 0.10592590072822668, 0.1434783707864474, 0.18193337158450448, 0.22116392854545144, 0.2610461723748721, 0.30145933906088046, 0.34228576987412085, 0.38341091136776795, 0.4247233153775262, 0.4661146390216307, 0.5074796447008468, 0.5487162000984699, 0.5897252781803256, 0.6304109571947696, 0.6706804206726885, 0.7104439574274982, 0.7496149615551461, 0.7881099324341083, 0.8258484747253915, 0.8627532983725344, 0.8987502186016033, 0.9337681559211968, 0.9677391361224421, 1.0005982902789985, 1.0322838547470534, 1.0627371711653262, 1.091902686455065, 1.1197279528200503, 1.1461636277465905, 1.1711634740035257, 1.1946843596422256, 1.2166862579965907, 1.23713224768305, 1.2559885126005659, 1.273224341930628, 1.2888121301372577, 1.302727376967006, 1.3149486874489555, 1.325457771894717, 1.3342394458984317, 1.3412816303367736, 1.346575351368944, 1.3501147404366756, 1.3518970342642314, 1.3519225748584054, 1.3501948095085197, 1.3467202907864282, 1.3415086765465158, 1.3345727299256953, 1.3259283193434117, 1.3155944185016388, 1.3035931063848822, 1.2899495672601764, 1.274692090677087, 1.2578520714677093, 1.2394640097466691, 1.219565510911122, 1.1981972856407546, 1.1754031498977828, 1.1512300249269538, 1.125727937255544, 1.0989500186933607, 1.0709525063327416, 1.0417947425485536, 1.011539174998195, 0.9802513566215932, 0.9479999456412078, 0.9148567055620255, 0.8808965051715667, 0.8461973185398795, 0.8108402250195427, 0.7749094092456668, 0.7384921611358906, 0.7016788758903845, 0.6645630539918487, 0.6272413012055128, 0.5898133285791383, 0.5523819524430155, 0.5150530944099658, 0.47793578137533993, 0.4411421455170203, 0.4047874242954182, 0.3689899604534751, 0.33387120201666426, 0.2995557022929872, 0.2661711198729775, 0.23384821862969726, 0.20272086771874032, 0.17292604157822986, 0.1446038199288191, 0.11789738777369252, 0.09295303539856364, 0.0699201583716774, 0.048951257543808, 0.030201939048260074, 0.013830914300869064, 0.0], "y_sac": [0.0, 0.8255295181647745, 2.8281780027482677, 0.3095270604736324, 0.0]}