{"maxsac": 1.2923990310760867, "maxsac_x": 4.614283251634032, "sn_sections": [0.0, 0.4039970854372833, 0.7709904434230436, 1.0561403777375802, 1.2349970158025363, 1.2924341859935498, 1.22294567697043, 1.0354373524955818, 0.7596114489097109, 0.44882132501096705, 0.17282817120931177, 0.0], "x_i_sac": [0.0, 0.08030341736193287, 0.16229675072195374, 0.2459110510401163, 0.3310787046285062, 0.41773343315124123, 0.5058102936244713, 0.5952456784163779, 0.6859773152471753, 0.7779442671891089, 0.8710869326664574, 0.9653470454555304, 1.06066767468467, 1.156993224834251, 1.2542694357366784, 1.3524433825763909, 1.4514634758898588, 1.551279461565585, 1.6518424208441025, 1.753104770317979, 1.8550202619318128, 1.9575439829822325, 2.060632356117904, 2.1642431393395194, 2.268335425999806, 2.372869644803522, 2.4778075598074603, 2.5831122704204406, 2.6887482114033197, 2.794681152868982, 2.900878200282351, 3.007307794460374, 3.1139397115720344, 3.2207450631383483, 3.327696296032363, 3.4347671924791556, 3.54193287005584, 3.649169781691558, 3.756455715667484, 3.863769795616826, 3.971092480524826, 4.078405564728753, 4.1856921779179075, 4.292936785133631, 4.400125186769289, 4.507244518570278, 4.614283251634032, 4.721231192410017, 4.828079482699725, 4.934820599656685, 5.041448355786459, 5.147957898946636, 5.254345712346841, 5.3606096145487285, 5.4667487594659905, 5.572763636364343, 5.678656069861542, 5.784429219927366, 5.890087581883636, 5.9956369864042, 6.101084599514937, 6.206438922593759, 6.311709792370611, 6.416908380927471, 6.5220471956983435, 6.627140079469273, 6.732202210378331, 6.837250101915622, 6.942301602923282, 7.047375897595479, 7.152493505478416, 7.257676281470324, 7.36294741582147, 7.46833143413415, 7.573854197362692, 7.679542901813459, 7.78542607914484, 7.891533596367265, 7.997896655843187, 8.104547795287097, 8.21152088776552, 8.318851141697003, 8.426575100852135, 8.534730644353532, 8.643356986675844, 8.752494677645753, 8.86218560244197, 8.972472981595246, 9.083401370988351, 9.195016661856103, 9.307366080785336, 9.42049818971493, 9.534462885935788, 9.649311402090847, 9.765096306175078, 9.881871501535482, 9.999692226871094, 10.118615056232981, 10.23869789902424, 10.36], "x_sac": [0.0, 1.9660197771612435, 5.369592335511539, 7.342187649096184, 10.36], "y_i_sac": [0.0, 0.033819220149677365, 0.06875439225121936, 0.10468160164985557, 0.14147976930127856, 0.17903065177164418, 0.21721884123757132, 0.25593176548614194, 0.2950596879149015, 0.334495707531858, 0.3741357589554832, 0.41387861241471147, 0.45362587374894064, 0.4932819844080317, 0.5327542214523086, 0.5719526975525583, 0.6107903609900314, 0.6491829956564412, 0.6870492210539642, 0.7243104922952402, 0.7608911001033722, 0.7967181708119256, 0.8317216663649305, 0.865834384316878, 0.8989919578327246, 0.9311328556878877, 0.9621983822682503, 0.9921326775701561, 1.0208827172004133, 1.0483983123762928, 1.07463210992553, 1.0995395922863207, 1.123079077507326, 1.14521171924767, 1.1659015067769392, 1.1851152649751828, 1.2028226543329146, 1.218996170951111, 1.2336111465412103, 1.2466457484251157, 1.258080979535193, 1.2679006784142706, 1.2760915192156401, 1.2826430117030567, 1.2875475012507391, 1.2908001688433675, 1.2923990310760867, 1.2923449401545053, 1.2906415838946925, 1.2872954857231829, 1.282316004676974, 1.2757153354035244, 1.2675085081607584, 1.2577133888170626, 1.2463506788512857, 1.2334439153527408, 1.2190194710212037, 1.2031065541669133, 1.1857372087105715, 1.1669463141833438, 1.1467715857268583, 1.1252535740932064, 1.1024356656449432, 1.0783640823550855, 1.0530878818071152, 1.0266589571949765, 0.9991320373230752, 0.9705646866062829, 0.9410173050699322, 0.9105531283498205, 0.8792382276922065, 0.8471415099538142, 0.8143347176018287, 0.7808924287138995, 0.7468920569781388, 0.7124138516931219, 0.6775408977678875, 0.6423591157219375, 0.6069572616852359, 0.5714269273982115, 0.535862540211755, 0.5003613630872208, 0.4650234945964259, 0.4299518689216515, 0.3952522558556408, 0.3610332608016002, 0.32740632477320036, 0.2944857243945736, 0.26238857190031695, 0.23123481513548888, 0.20114723755561256, 0.17225145822667334, 0.14467593182511962, 0.11855194863786384, 0.09401363456228044, 0.07119795110620818, 0.05024469538794802, 0.03129650013626419, 0.0144988336903847, 0.0], "y_sac": [0.0, 0.8221759520585921, 2.659135941195068, 0.3291570255630857, 0.0]}