{"maxsac": 1.292399032200326, "maxsac_x": 4.6142832583484115, "sn_sections": [0.0, 0.4039970874230966, 0.7709904467338409, 1.0561403822123034, 1.2349970195952968, 1.2924341866602445, 1.222945673109728, 1.0354373452476286, 0.7596114421334693, 0.44882132283284226, 0.17282817360893818, 0.0], "x_i_sac": [0.0, 0.08030342281542002, 0.16229676121827896, 0.24591106618270167, 0.33107872403464433, 0.41773345645189486, 0.5058103204640725, 0.595245708452628, 0.685977348150844, 0.7779443026438337, 0.8710869703685433, 0.9653470851137492, 1.06066771602006, 1.1569932675799157, 1.2542694796375873, 1.352443427389178, 1.4514635213826224, 1.5512795075176864, 1.6518424670459673, 1.7531048165708947, 1.8550203080477285, 1.9575440287835602, 2.060632401437315, 2.164243184019747, 2.268335469893443, 2.3728696877728197, 2.47780760172413, 2.583112311165452, 2.688748250866699, 2.794681190949614, 2.900878236887777, 3.0073078295065914, 3.1139397449832966, 3.220745094846963, 3.327696325978493, 3.434767220610618, 3.5419328963279053, 3.64916980606675, 3.7564557381153785, 3.8637698161138516, 3.971092499054062, 4.078405581279729, 4.185692192486405, 4.29293679772148, 4.40012519738417, 4.50724452722552, 4.6142832583484115, 4.721231197207558, 4.828079485609501, 4.934820600712612, 5.0414483550271045, 5.14795789641501, 5.254345708090196, 5.3606096086183666, 5.466748751917055, 5.57276362725562, 5.678656059255263, 5.784429207889004, 5.890087568481705, 5.995636971710056, 6.101084583602575, 6.206438905539618, 6.311709774253368, 6.416908361827838, 6.522047175698878, 6.627140058654167, 6.732202188833215, 6.837250079727363, 6.942301580179786, 7.047375874385484, 7.152493481891296, 7.257676257595893, 7.3629473917497705, 7.46833140995526, 7.573854173166525, 7.679542877689558, 7.785426055182185, 7.891533572654063, 7.997896632466679, 8.104547772333353, 8.211520865319242, 8.31885111984132, 8.426575079668408, 8.534730623921151, 8.643356967072023, 8.752494658945338, 8.862185584717231, 8.972472964915678, 9.08340135542048, 9.195016647463277, 9.307366067627528, 9.420498177848538, 9.534462875413432, 9.649311392961174, 9.765096298482554, 9.881871495320201, 9.999692222168562, 10.118615053073935, 10.23869789743443, 10.36], "x_sac": [0.0, 1.9660199173341601, 5.369592268817032, 7.3421876095377625, 10.36], "y_i_sac": [0.0, 0.03381922294390229, 0.06875439758804903, 0.10468160928865881, 0.14147977901220626, 0.17903066333542206, 0.2172188544452928, 0.2559317801390612, 0.29505970382422597, 0.3344957245185418, 0.3741357768500198, 0.4138786310569263, 0.4536258929877844, 0.4932820041013729, 0.5327542414667267, 0.5719527177631366, 0.6107903812801495, 0.6491830159175686, 0.6870492411854525, 0.7243105122041167, 0.7608911197041319, 0.7967181900263249, 0.8317216851217798, 0.8658344025518344, 0.8989919754880847, 0.9311328727123814, 0.9621983986168325, 0.9921326932038003, 1.0208827320859042, 1.0483983264860193, 1.074632123237278, 1.0995396047830666, 1.1230790891770281, 1.145211730083063, 1.1659015167753266, 1.1851152741382287, 1.2028226626664387, 1.2189961784648795, 1.2336111532487297, 1.2466457543434257, 1.2580809846846595, 1.2679006828183776, 1.2760915229007836, 1.2826430146983383, 1.2875475035877568, 1.29080017055601, 1.292399032200326, 1.2923449407281895, 1.2906415839573393, 1.287295485315771, 1.2823160038417376, 1.2757153341837455, 1.2675085066005596, 1.2577133869611992, 1.2463506767449404, 1.2334439130413153, 1.219019468550112, 1.203106551581374, 1.1857372060554012, 1.1669463115027505, 1.1467715830642333, 1.125253571490918, 1.1024356631441283, 1.0783640799954446, 1.0530878796267034, 1.0266589552299967, 0.9991320356076723, 0.9705646851723352, 0.9410173039468447, 0.9105531275643184, 0.8792382272681272, 0.8471415099119008, 0.8143347179595228, 0.7808924294851335, 0.7468920581731299, 0.712413853318164, 0.6775408998251445, 0.6423591182092361, 0.6069572645958587, 0.5714269307206896, 0.5358625439296608, 0.5003613671789614, 0.4650234990350355, 0.42995187367458454, 0.3952522608845648, 0.36103326606218844, 0.3274063302149252, 0.294485729960499, 0.2623885775268914, 0.23123482075233853, 0.20114724308533383, 0.17225146358462595, 0.14467593691921948, 0.11855195336837593, 0.09401363882161162, 0.07119795477870015, 0.050244698349670235, 0.03129650225480668, 0.014498834824650985, 0.0], "y_sac": [0.0, 0.8221760244214007, 2.6591358712794846, 0.3291570555669574, 0.0]}