{"bn_sections": [0.0, 2.08197895810551, 2.6967705505302746, 3.028628409443954, 3.187148011491103, 3.2097602747849225, 3.1091396606644155, 2.8838720219936533, 2.5196012771137726, 1.9835022898963313, 1.2050316299243888, 0.0], "bwlmax": 1.6079615932861016, "bwlmax_x": 4.596013949326615, "x_i_wl": [0.0, 0.0024417519119229515, 0.009713028938777235, 0.021732863017191, 0.038420286083792374, 0.05969433007520952, 0.08547402692807059, 0.11567840857900366, 0.150226506964637, 0.1890373540215986, 0.2320299816865167, 0.2791234218960196, 0.330236706586735, 0.38528886769529136, 0.4441989371583169, 0.5068859469124396, 0.5732689288942877, 0.643266915040489, 0.7167989372876722, 0.7937840275724655, 0.8741412178314961, 0.9577895400013929, 1.0446480260187843, 1.1346357078202978, 1.2276716173425617, 1.3236747865222043, 1.4225642472958535, 1.5242590316001379, 1.6286781713716854, 1.735740698547124, 1.8453656450630824, 1.957472042856188, 2.071978923863069, 2.1888053200203537, 2.3078702632646704, 2.429092785532647, 2.552391918760912, 2.6776866948860945, 2.80489614584482, 2.933939303573719, 3.0647352000094186, 3.1972028670885466, 3.3312613367477324, 3.466829640923603, 3.6038268115527883, 3.7421718805719135, 3.8817838799176085, 4.022581841526502, 4.164484797335222, 4.307411779280394, 4.451281819298649, 4.596013949326615, 4.741527201300919, 4.88774060715819, 5.034573198835057, 5.181944008268145, 5.329772067394085, 5.4779764081495035, 5.62647606247103, 5.775190062295293, 5.924037439558919, 6.072937226198535, 6.221808454150774, 6.370570155352258, 6.51914136173962, 6.667441105249487, 6.815388417818485, 6.962902331383244, 7.109901877880393, 7.256306089246557, 7.402033997418368, 7.547004634332453, 7.691137031925437, 7.834350222133953, 7.976563236894624, 8.117695108144083, 8.257664867818955, 8.396391547855869, 8.533794180191453, 8.669791796762336, 8.804303429505145, 8.93724811035651, 9.068544871253057, 9.198112744131414, 9.325870760928211, 9.451737953580075, 9.575633354023635, 9.697475994195518, 9.817184906032356, 9.93467912147077, 10.049877672447394, 10.162699590898852, 10.273063908761772, 10.38088965797279, 10.486095870468528, 10.58860157818561, 10.688325813060676, 10.785187607030341, 10.87910599203124, 10.97], "x_wl": [0.0, 0.0, 8.021290606758258, 10.97], "y_i_wl": [0.0, 0.05918972029420505, 0.11737662394835177, 0.174554366524234, 0.23071660358364549, 0.2858569906883801, 0.33996918340023163, 0.39304683728099377, 0.4450836078924606, 0.49607315079642555, 0.5460091215546826, 0.5948851757290259, 0.6426949688812487, 0.6894321565731449, 0.7350903943665086, 0.7796633378231337, 0.8231446425048137, 0.8655279639733421, 0.9068069577905132, 0.946975279518121, 0.9860265847179587, 1.0239545289518204, 1.0607527677814999, 1.0964149567687909, 1.1309347514754873, 1.164305807463383, 1.1965217802942718, 1.2275763255299474, 1.2574630987322037, 1.2861757554628341, 1.3137079512836332, 1.3400533417563942, 1.3652055824429106, 1.3891583289049771, 1.411905236704387, 1.433439961402934, 1.4537561585624124, 1.4728474837446153, 1.490707592511337, 1.5073301404243713, 1.5227087830455117, 1.5368371759365527, 1.549708974659287, 1.561317834775509, 1.571657411847013, 1.5807213614355922, 1.58850333910304, 1.5949970004111513, 1.6001960009217195, 1.6040939961965377, 1.6066846417974006, 1.6079615932861016, 1.607918506224434, 1.6065490361741925, 1.603846838697171, 1.5998055693551625, 1.5944188837099613, 1.5876804373233608, 1.5795838857571556, 1.5701228845731388, 1.5592910893331042, 1.5470821555988457, 1.5334897389321576, 1.5185074948948332, 1.5021290790486663, 1.484348146955451, 1.4651583541769808, 1.4445533562750497, 1.4225268088114515, 1.39907236734798, 1.3741836874464286, 1.347854424668592, 1.3200782345762634, 1.2908487727312359, 1.2601596946953044, 1.2280046560302627, 1.1943773122979042, 1.1592713190600228, 1.1226803318784122, 1.0845980063148666, 1.0450179979311793, 1.0039339622891446, 0.9613395549505557, 0.917228431477207, 0.8715942474308915, 0.8244306583734041, 0.7757313198665378, 0.7254898874720866, 0.6737000167518439, 0.6203553632676044, 0.5654495825811617, 0.5089763302543092, 0.45092926184884097, 0.3913020329265508, 0.33008829904923226, 0.2672817157786794, 0.20287593867668594, 0.13686462330504567, 0.06924142522555242, 0.0], "y_wl": [0.0, 1.9697374554494604, 2.3117375691734767, 0.0]}