{"bn_sections": [0.0, 0.9148607982120632, 1.7031213222568946, 2.384772189117515, 2.9544068015218694, 3.3981973169695, 3.693628301032517, 3.805642466698221, 3.677597228918933, 3.2093707614189437, 2.1920157449122972, 0.0], "bwlmax": 1.9028342640980471, "bwlmax_x": 6.495934658666602, "x_i_wl": [0.0, 0.0023842576120432545, 0.009482076835127968, 0.02121102724968657, 0.037488678436151474, 0.058232599974955127, 0.08336036144652995, 0.11278953243130833, 0.14643768250972278, 0.1842223812622056, 0.22606119826918933, 0.2718717031111064, 0.3215714653683891, 0.3750780546214699, 0.4323090404507814, 0.4931819924367559, 0.5576144801598258, 0.6255240732004235, 0.6968283411389815, 0.7714448535559324, 0.8492911800317081, 0.9302848901467414, 1.0143435534814649, 1.1013847396163106, 1.1913260181317111, 1.2840849586080991, 1.3795791306259064, 1.4777261037655662, 1.5784434476075107, 1.6816487317321713, 1.7872595257199826, 1.8951933991513754, 2.0053679216067812, 2.1177006626666346, 2.2321091919113667, 2.3485110789214105, 2.466823893277198, 2.586965204559163, 2.708852582347736, 2.8324035962233505, 2.9575358157664375, 3.0841668105574316, 3.2122141501767643, 3.3415954042048677, 3.4722281422221757, 3.6040299338091173, 3.736918348546128, 3.87081095601364, 4.005625325792084, 4.141279027461894, 4.277689630603501, 4.41477470479734, 4.55245181962384, 4.690638544663437, 4.829252449496561, 4.968211103703645, 5.107432076865121, 5.246832938561422, 5.38633125837298, 5.525844605880228, 5.6652905506636, 5.804586662303524, 5.9436505103804365, 6.082399664474767, 6.2207516941669505, 6.358624169037419, 6.495934658666602, 6.632600732634935, 6.768539960522851, 6.903669911910779, 7.037908156379155, 7.17117226350841, 7.303379802878975, 7.434448344071286, 7.564295456665771, 7.6928387102428655, 7.819995674383, 7.945683918666608, 8.069821012674122, 8.192324525985974, 8.313112028182598, 8.432101088844425, 8.549209277551887, 8.664354163885417, 8.777453317425447, 8.888424307752409, 8.997184704446738, 9.103652077088864, 9.207743995259221, 9.30937802853824, 9.408471746506354, 9.504942718743994, 9.598708514831594, 9.689686704349588, 9.777794856878408, 9.862950541998481, 9.945071329290247, 10.024074788334133, 10.099878488710573, 10.1724], "x_wl": [0.0, 0.0, 7.834252981999856, 10.1724], "y_i_wl": [0.0, 0.0016955825574182337, 0.005912464875290561, 0.012571598392190726, 0.021593934546692464, 0.03290042477736952, 0.046412020522795645, 0.06204967322154455, 0.07973433431219003, 0.09938695523330576, 0.12092848742346553, 0.1442798823212431, 0.16936209136521213, 0.1960960659939464, 0.2244027576460197, 0.25420311776000576, 0.2854180977744783, 0.3179686491280109, 0.3517757232591776, 0.38676027160655213, 0.42284324560870784, 0.45994559670421875, 0.49798827633165876, 0.5368922359296013, 0.5765784269366203, 0.6169678007912894, 0.6579813089321824, 0.6995399027978731, 0.7415645338269351, 0.7839761534579422, 0.8266957131294685, 0.8696441642800873, 0.9127424583483719, 0.9559115467728969, 0.9990723809922357, 1.0421459124449621, 1.08505309256965, 1.127714872804873, 1.1700522045892043, 1.2119860393612185, 1.2534373285594886, 1.294327023622589, 1.3345760759890932, 1.374105437097575, 1.4128360583866082, 1.4506888912947655, 1.4875848872606223, 1.5234449977227513, 1.5581901741197268, 1.591741367890122, 1.6240195304725105, 1.654945613305467, 1.684440567827564, 1.7124253454773766, 1.7388208976934778, 1.7635481759144414, 1.7865281315788408, 1.8076817161252503, 1.8269298809922434, 1.844193577618394, 1.8593937574422754, 1.8724513719024616, 1.8832873724375268, 1.891822710486044, 1.8979783374865873, 1.9016752048777306, 1.9028342640980471, 1.901376466586111, 1.8972227637804961, 1.8902941071197759, 1.8805114480425242, 1.8677957379873151, 1.852067928392722, 1.8332489706973178, 1.8112598163396776, 1.7860214167583746, 1.7574547233919828, 1.7254806876790756, 1.6900202610582264, 1.6509943949680097, 1.6083240408469992, 1.5619301501337686, 1.511733674266891, 1.4576555646849407, 1.3996167728264908, 1.3375382501301163, 1.2713409480343896, 1.2009458179778851, 1.1262738113991757, 1.047245879736837, 0.9637829744294414, 0.8758060469155629, 0.7832360486337754, 0.6859939310226524, 0.5840006455207676, 0.477177143566695, 0.3654443765990082, 0.248723296056281, 0.12693485337708696, 0.0], "y_wl": [0.0, 0.013483244171620314, 4.274635472134796, 0.0]}