{"bn_sections": [0.0, 1.2062803233964714, 1.9670832804607925, 2.578270901284315, 3.061542713184231, 3.414955665535498, 3.6239146060783702, 3.6606531313159194, 3.4773582939036856, 2.987502665021911, 2.0092016763916734, 0.0], "bwlmax": 1.835001682352217, "bwlmax_x": 5.992186062024575, "x_i_wl": [0.0, 0.0022945680482751286, 0.00912547016148298, 0.020413503292197255, 0.03607946439299165, 0.05604415041643986, 0.08022835831511561, 0.10855288504159254, 0.14093852754844444, 0.17730608278824492, 0.21757634771356768, 0.2616701192769866, 0.309508194431075, 0.3610113701284069, 0.416100443321556, 0.47469621096309594, 0.5367194700056004, 0.6020910174016428, 0.6707316501037972, 0.7425621650646376, 0.8175033592367369, 0.8954760295726691, 0.9764009730250085, 1.060198986546328, 1.1467908670892013, 1.236097411606203, 1.3280394170499057, 1.4225376803728838, 1.519512998527711, 1.6188861684669604, 1.7205779871432068, 1.8245092515090229, 1.9306007585169818, 2.038773305119659, 2.148947688269627, 2.2610447049194597, 2.374985152021731, 2.490689826529015, 2.608079525393884, 2.7270750455689137, 2.847597184006675, 2.9695667376597448, 3.0929045034806952, 3.217531278422099, 3.343367859436533, 3.4703350434765663, 3.5983536274947756, 3.7273444084437353, 3.8572281832760167, 3.9879257489441953, 4.119357902400843, 4.251445440598536, 4.384109160489846, 4.517269859027349, 4.650848333163615, 4.784765379851221, 4.918941796042739, 5.053298378690743, 5.1877559247478064, 5.322235231166504, 5.45665709489941, 5.590942312899094, 5.7250116821181365, 5.858785999509104, 5.992186062024575, 6.125132666617122, 6.257546610239318, 6.389348689843737, 6.520459702382954, 6.650800444809539, 6.78029171407607, 6.908854307135121, 7.036409020939261, 7.162876652441067, 7.288177998593111, 7.412233856347971, 7.534965022658214, 7.656292294476418, 7.776136468755157, 7.894418342447001, 8.011058712504529, 8.125978375880312, 8.239098129526923, 8.350338770396935, 8.459621095442923, 8.566865901617462, 8.671993985873124, 8.774926145162484, 8.875583176438116, 8.97388587665259, 9.069755042758484, 9.163111471708367, 9.253875960454817, 9.341969305950409, 9.427312305147712, 9.5098257549993, 9.589430452457751, 9.666047194475635, 9.739596778005527, 9.81], "x_wl": [0.0, 0.0, 7.539479873038466, 9.81], "y_i_wl": [0.0, 0.015683202875657113, 0.033076148520791736, 0.05211605936424037, 0.07274015783483949, 0.09488566636142559, 0.11848980737283518, 0.14348980329790467, 0.1698228765654707, 0.1974262496043696, 0.22623714484343793, 0.2561927847115123, 0.28723039163742886, 0.31928718805002443, 0.35230039637813537, 0.3862072390505983, 0.4209449384962496, 0.4564507171439255, 0.49266179742246285, 0.5295154017606982, 0.5669487525874677, 0.6048990723316081, 0.6433035834219557, 0.6820995082873471, 0.7212240693566189, 0.7606144890586074, 0.8002079898221491, 0.8399417940760806, 0.8797531242492385, 0.9195792027704588, 0.9593572520685787, 0.9990244945724343, 1.0385181527108616, 1.077775448912698, 1.1167336056067794, 1.1553298452219425, 1.1935013901870237, 1.2311854629308598, 1.268319285882287, 1.3048400814701417, 1.3406850721232604, 1.3757914802704796, 1.4100965283406364, 1.4435374387625661, 1.4760514339651065, 1.507575736377093, 1.538047568427363, 1.5674041525447522, 1.5955827111580976, 1.6225204666962354, 1.648154641588002, 1.6724224582622345, 1.6952611391477685, 1.7166079066734412, 1.7363999832680894, 1.7545745913605484, 1.7710689533796555, 1.7858202917542472, 1.7987658289131596, 1.8098427872852294, 1.8189883892992933, 1.8261398573841872, 1.8312344139687484, 1.834209281481813, 1.835001682352217, 1.833548839008798, 1.8297879738803913, 1.823656309395834, 1.8150910679839627, 1.8040294720736134, 1.7904087440936232, 1.7741661064728285, 1.7552387816400654, 1.7335639920241699, 1.7090789600539795, 1.6817209081583304, 1.6514270587660593, 1.6181346343060024, 1.5817808572069958, 1.5423029498978769, 1.4996381348074814, 1.4537236343646465, 1.4044966709982079, 1.3518944671370026, 1.2958542452098667, 1.236313227645637, 1.17320863687315, 1.106477695321242, 1.0360576254187488, 0.9618856495945088, 0.8838989902773572, 0.8020348698961306, 0.7162305108796656, 0.6264231356567989, 0.5325499666563663, 0.43454822630720513, 0.3323551370381514, 0.2259079212780416, 0.11514380145571229, 0.0], "y_wl": [0.0, 0.4886443859175071, 3.872700748272127, 0.0]}