{"bn_sections": [0.0, 1.7176979386720879, 2.2345949751734198, 2.518444856925261, 2.658667834425382, 2.685578090757527, 2.609102107289398, 2.4274161776695453, 2.127703619751543, 1.6812030767605344, 1.0261802663837178, 0.0], "bwlmax": 1.3443475530363596, "bwlmax_x": 4.881074694185701, "x_i_wl": [0.0, 0.0025165994400363615, 0.010010596327506142, 0.022398288513450392, 0.039595973848910136, 0.06151995018492645, 0.08808651537254038, 0.11921196726279291, 0.15481260370672517, 0.19480472255537812, 0.23910462165979288, 0.28762859887101055, 0.3402929520400719, 0.39701397901801827, 0.45770797765589055, 0.52229124580473, 0.5906800813155775, 0.6627907820394737, 0.7385396458274603, 0.8178429705305784, 0.9006170539998684, 0.9867781940863716, 1.0762426886411294, 1.1689268355151823, 1.2647469325595715, 1.3636192776253384, 1.4654601685635236, 1.5701859032251686, 1.6777127794613143, 1.7879570951230013, 1.9008351480612715, 2.0162632361271653, 2.1341576571717233, 2.2544347090459875, 2.3770106896009984, 2.501801896687797, 2.628724628157425, 2.757695181860923, 2.888629855649332, 3.021444947373693, 3.156056754885047, 3.292381576034435, 3.4303357086728985, 3.5698354506514782, 3.7107970998212165, 3.8531369540331513, 3.996771311138326, 4.141616468987782, 4.287588725432559, 4.434604378323698, 4.58257972551224, 4.731431064849229, 4.881074694185701, 5.0314269113727015, 5.1824040142612695, 5.333922300702446, 5.4858980685472725, 5.638247615646789, 5.790887239852039, 5.943733239014061, 6.096701910983898, 6.249709553612588, 6.402672464751177, 6.555506942250701, 6.7081292839622035, 6.860455787736726, 7.012402751425308, 7.163886472878991, 7.314823249948818, 7.465129380485827, 7.614721162341061, 7.763514893365562, 7.911426871410367, 8.058373394326523, 8.204270759965064, 8.349035266177037, 8.49258321081348, 8.634830891725434, 8.775694606763942, 8.915090653780043, 9.052935330624779, 9.18914493514919, 9.32363576520432, 9.45632411864121, 9.587126293310895, 9.71595858706442, 9.842737297752828, 9.967378723227158, 10.089799161338457, 10.209914909937753, 10.327642266876097, 10.442897530004524, 10.555596997174082, 10.66565696623581, 10.772993735040744, 10.877523601439929, 10.979162863284408, 11.077827818425218, 11.173434764713402, 11.2659], "x_wl": [0.0, 0.0, 8.267306190706943, 11.2659], "y_i_wl": [0.0, 0.04846732132989881, 0.09615661559075121, 0.14306135385664945, 0.1891750072016856, 0.2344910466999519, 0.27900294342554055, 0.3227041684525436, 0.36558819285505345, 0.407648487707162, 0.44887852408296164, 0.4892717730565446, 0.5288217057020028, 0.5675217930934285, 0.6053655063049141, 0.6423463164105517, 0.6784576944844335, 0.7136931116006513, 0.7480460388332977, 0.7815099472564647, 0.8140783079442444, 0.8457445919707293, 0.876502270410011, 0.9063448143361823, 0.9352656948233352, 0.9632583829455619, 0.990316349776954, 1.0164330663916046, 1.0416020038636056, 1.0658166332670485, 1.0890704256760264, 1.111356852164631, 1.1326693838069544, 1.1530014916770892, 1.172346646849127, 1.1906983203971604, 1.2080499833952816, 1.2243951069175827, 1.2397271620381556, 1.2540396198310928, 1.2673259513704862, 1.2795796277304283, 1.2907941199850113, 1.300962899208327, 1.3100794364744677, 1.318137202857526, 1.3251296694315935, 1.331050307270763, 1.335892587449126, 1.339649981040775, 1.342315959119802, 1.3438839927602997, 1.3443475530363596, 1.3437001110220743, 1.341935137791536, 1.3390461044188369, 1.3350264819780686, 1.3298697415433238, 1.3235693541886948, 1.3161187909882734, 1.307511523016152, 1.2977410213464227, 1.2868007570531779, 1.2746842012105097, 1.2613848248925097, 1.246896099173271, 1.2312114951268849, 1.214324483827444, 1.196228536349041, 1.176917123765767, 1.1563837171517148, 1.134621787580977, 1.111624806127645, 1.0873862438658108, 1.0618995718695674, 1.0351582612130066, 1.0071557829702207, 0.9778856082153018, 0.947341208022342, 0.9155160534654335, 0.8824036156186686, 0.8479973655561395, 0.8122907743519382, 0.775277313080157, 0.7369504528148878, 0.6973036646302233, 0.6563304196002551, 0.6140241887990757, 0.5703784433007768, 0.5253866541794515, 0.4790422925091916, 0.43133882936408907, 0.3822697358182363, 0.33182848294572537, 0.2800085418206483, 0.22680338351709758, 0.1722064791091652, 0.11621129967094337, 0.05881131627652422, 0.0], "y_wl": [0.0, 1.61218723234094, 1.9641322478650212, 0.0]}