{"bn_sections": [0.0, 2.179782696078671, 2.8263043142315767, 3.176836350666506, 3.34583518067272, 3.3723248958907983, 3.2694155914645777, 3.0354161953161447, 2.6549574633206827, 2.0930225713676442, 1.2741946835109046, 0.0], "bwlmax": 1.6889777139883442, "bwlmax_x": 4.792592821239676, "x_i_wl": [0.0, 0.00247029070786046, 0.0098264269788831, 0.021986305034229825, 0.03886782109506251, 0.06038887138254308, 0.08646735211783342, 0.11702115952209537, 0.15196818981649093, 0.19122633922218188, 0.2347135039603302, 0.28234758025209783, 0.33404646431864643, 0.38972805238113817, 0.4493102406607347, 0.5127109253785983, 0.5798480027558905, 0.6506393690137732, 0.7250029203734085, 0.8028565530559584, 0.8841181632825842, 0.9687056472744482, 1.0565369012527126, 1.1475298214385388, 1.2416023040530888, 1.3386722453175246, 1.4386575414530078, 1.5414760886807013, 1.6470457832217658, 1.7552845212973636, 1.866110199128657, 1.9794407129368077, 2.095193958942976, 2.2132878333683266, 2.3336402324340195, 2.4561690523612167, 2.5807921893710812, 2.7074275396847747, 2.835992999523458, 2.9664064651082933, 3.098585832660443, 3.2324489984010687, 3.367913858551333, 3.504898309332396, 3.643320246965423, 3.7830975676715717, 3.9241481676720062, 4.066389943187889, 4.20974079044038, 4.354118605650642, 4.499441285039838, 4.645626724829129, 4.792592821239676, 4.940257470492644, 5.0885385688091915, 5.237354012410482, 5.3866216975176755, 5.536259520351937, 5.686185377134427, 5.836317164086306, 5.986572777428738, 6.136870113382882, 6.287127068169905, 6.437261538010963, 6.5871914191272225, 6.736834607739842, 6.886109000069986, 7.034932492338815, 7.183222980767493, 7.330898361577177, 7.477876530989033, 7.624075385224224, 7.769412820503909, 7.913806733049251, 8.05717501908141, 8.19943557482155, 8.340506296490833, 8.48030508031042, 8.618749822501472, 8.755758419285154, 8.891248766882626, 9.025138761515048, 9.157346299403585, 9.287789276769399, 9.416385589833649, 9.543053134817498, 9.667709807942108, 9.790273505428642, 9.910662123498264, 10.028793558372131, 10.144585706271407, 10.257956463417251, 10.368823726030831, 10.477105390333305, 10.582719352545835, 10.685583508889582, 10.785615755585715, 10.882733988855383, 10.976856104919758, 11.0679], "x_wl": [0.0, 0.0, 8.11514525015747, 11.0679], "y_i_wl": [0.0, 0.06192862235880136, 0.12281838339541858, 0.18266232471458235, 0.24145348792102322, 0.29918491461947183, 0.3558496464146588, 0.41144072491131484, 0.46595119171417054, 0.5193740884279564, 0.571702456657403, 0.6229293380072415, 0.6730477740822017, 0.7220508064870149, 0.7699314768264114, 0.8166828267051222, 0.8622978977278775, 0.9067697314994078, 0.9500913696244442, 0.9922558537077171, 1.033256225353957, 1.0730855261678947, 1.1117367977542607, 1.1492030817177858, 1.1854774196632005, 1.2205528531952357, 1.2544224239186215, 1.287079173438089, 1.3185161433583685, 1.3487263752841907, 1.3777029108202867, 1.4054387915713866, 1.4319270591422206, 1.4571607551375203, 1.4811329211620157, 1.5038365988204379, 1.5252648297175169, 1.5454106554579838, 1.564267117646569, 1.5818272578880035, 1.5980841177870175, 1.6130307389483418, 1.6266601629767068, 1.6389654314768434, 1.6499395860534822, 1.6595756683113536, 1.6678667198551884, 1.6748057822897175, 1.6803858972196712, 1.68460010624978, 1.6874414509847746, 1.688902973029386, 1.6889777139883442, 1.6876587154663802, 1.684939019068225, 1.6808116663986086, 1.6752696990622615, 1.668306158663915, 1.6599140868082993, 1.6500865251001455, 1.6388165151441834, 1.6260970985451437, 1.611921316907758, 1.5962822118367563, 1.5791728249368693, 1.5605861978128273, 1.5405153720693612, 1.5189533893112015, 1.4958932911430796, 1.4713281191697245, 1.4452509149958686, 1.4176547202262415, 1.3885325764655743, 1.3578775253185964, 1.3256826083900397, 1.291940867284635, 1.2566453436071123, 1.2197890789622026, 1.1813651149546358, 1.1413664931891432, 1.0997862552704554, 1.056617442803303, 1.0118530973924162, 0.9654862606425263, 0.9175099741583631, 0.867917279544658, 0.8167012184061411, 0.7638548323475431, 0.7093711629735943, 0.6532432518890264, 0.5954641406985695, 0.5360268710069539, 0.47492448441891055, 0.4121500225391701, 0.34769652697246284, 0.2815570393235198, 0.2137246011970713, 0.1441922541978481, 0.07295303993058078, 0.0], "y_wl": [0.0, 2.0607092073085194, 2.435804983501803, 0.0]}