{"bn_sections": [0.0, 2.1142276013094965, 2.7376191693858885, 3.0736502859932617, 3.2337089234614154, 3.255859831392709, 3.153024666203934, 2.923831215365209, 2.553797249120365, 2.009759398083662, 1.2204513429208634, 0.0], "bwlmax": 1.6312050379280314, "bwlmax_x": 4.699436986766771, "x_i_wl": [0.0, 0.002496363873064492, 0.009930288850287216, 0.02221902496871206, 0.039279822265382874, 0.06102993077734357, 0.08738660054163802, 0.11826708159531003, 0.1535886239754036, 0.1932684777189625, 0.23722389286303064, 0.2853721194446521, 0.3376304075008702, 0.39391600706872937, 0.45414616818527326, 0.5182381408875459, 0.5861091752125911, 0.6576765211974523, 0.7328574288791739, 0.8115691482948001, 0.8937289294813737, 0.9792540224759394, 1.0680616773155411, 1.1600691440372222, 1.2551936726780268, 1.3533525132749988, 1.454462915865182, 1.5584421304856209, 1.6652074071733582, 1.7746759959654386, 1.8867651468989064, 2.0013921100108045, 2.118474135338176, 2.237928472918067, 2.35967237278752, 2.4836230849835794, 2.6096978595432887, 2.737813946503693, 2.8678885959018334, 2.9998390577747562, 3.1335825821595042, 3.269036419093122, 3.406117818612653, 3.5447440307551403, 3.6848323055576313, 3.826299893057165, 3.9690640432907878, 4.113042006295544, 4.258151032108476, 4.404308370766628, 4.5514312723070445, 4.699436986766771, 4.848242764182848, 4.997765854592321, 5.1479235080322345, 5.298632974539631, 5.449811504151555, 5.601376346905051, 5.753244752837162, 5.905333971984932, 6.057561254385407, 6.209843850075625, 6.362099009092638, 6.514243981473483, 6.666196017255208, 6.817872366474855, 6.969190279169467, 7.120067005376091, 7.270419795131769, 7.4201658984735435, 7.56922256543846, 7.717507046063565, 7.864936590385898, 8.011428448442505, 8.15689987027043, 8.301268105906713, 8.444450405388404, 8.586364018752542, 8.726926196036175, 8.866054187276342, 9.00366524251009, 9.139676611774465, 9.274005545106508, 9.406569292543262, 9.537285104121771, 9.666070229879082, 9.792841919852236, 9.917517424078277, 10.040013992594254, 10.160248875437203, 10.278139322644172, 10.393602584252202, 10.50655591029834, 10.616916550819631, 10.724601755853119, 10.82952877543584, 10.93161485960485, 11.030777258397181, 11.126933221849884, 11.22], "x_wl": [0.0, 0.0, 8.200678128131303, 11.22], "y_i_wl": [0.0, 0.06013681060349593, 0.11925081924854385, 0.17733570181481584, 0.23438513418198398, 0.2903927922297203, 0.345352351837697, 0.39925748888558593, 0.45210187925305945, 0.5038791988197894, 0.5545831234654478, 0.6042073290697072, 0.6527454915122389, 0.7001912866727157, 0.7465383904308093, 0.791780478666192, 0.8359112272585357, 0.8789243120875123, 0.9208134090327943, 0.9615721939740536, 1.001194342790962, 1.039673531363192, 1.0770034355704152, 1.113177731292304, 1.1481900944085306, 1.1820342007987668, 1.2147037263426848, 1.246192346919957, 1.2764937384102548, 1.3056015766932503, 1.3335095376486166, 1.3602112971560247, 1.385700531095147, 1.4099709153456554, 1.4330161257872225, 1.4548298382995197, 1.4754057287622198, 1.4947374730549943, 1.5128187470575154, 1.5296432266494553, 1.545204587710486, 1.5594965061202797, 1.5725126577585082, 1.5842467185048439, 1.5946923642389588, 1.6038432708405246, 1.6116931141892137, 1.6182355701646984, 1.6234643146466503, 1.6273730235147417, 1.6299553726486447, 1.6312050379280314, 1.6311156952325736, 1.6296810204419436, 1.6268946894358138, 1.6227503780938557, 1.6172417622957416, 1.6103625179211436, 1.602106320849734, 1.5924668469611842, 1.581437772135167, 1.5690127722513538, 1.5551855231894174, 1.5399497008290295, 1.5232989810498618, 1.5052270397315874, 1.4857275527538774, 1.4647941959964044, 1.4424206453388402, 1.418600576660857, 1.3933276658421265, 1.3665955887623218, 1.3383980213011142, 1.308728639338175, 1.2775811187531776, 1.2449491354257938, 1.2108263652356954, 1.1752064840625547, 1.1380831677860435, 1.099450092285834, 1.0593009334415984, 1.0176293671330088, 0.9744290692397369, 0.9296937156414552, 0.8834169822178354, 0.83559254484855, 0.7862140794132705, 0.7352752617916695, 0.6827697678634181, 0.62869127350819, 0.5730334546056565, 0.5157899870354893, 0.45695454667736096, 0.3965208094109435, 0.33448245111590863, 0.27083314767192884, 0.20556657495867597, 0.1386764088558222, 0.07015632524303948, 0.0], "y_wl": [0.0, 2.0013214169061504, 2.3422262852431492, 0.0]}