{"bn_sections": [0.0, 2.0506624292705133, 2.656787899612426, 2.9842622163769037, 3.1409724883753314, 3.163752544427178, 3.06505418762144, 2.8434444862971175, 2.484723165136839, 1.9564530068189923, 1.1889233110509096, 0.0], "bwlmax": 1.5848203870959308, "bwlmax_x": 4.341180487295565, "x_i_wl": [0.0, 0.002306551057841394, 0.00917520357579772, 0.020529456570517197, 0.03629280905864803, 0.05638876005683846, 0.0807408085817367, 0.10927245364999093, 0.14190719427824938, 0.17856852948316032, 0.21917995828137188, 0.26366497968953245, 0.31194709272429, 0.3639497964022928, 0.4195965897401892, 0.4788109717546275, 0.5415164414622556, 0.6076364978797218, 0.6770946400236746, 0.7498143669107622, 0.8257191775576322, 0.9047325709809333, 0.986778046197314, 1.071779102223422, 1.1596592380759057, 1.250341952771413, 1.3437507453265927, 1.4398091147580931, 1.5384405600825617, 1.6395685803166469, 1.743116674476998, 1.8490083415802618, 1.9571670806430865, 2.0675163906821212, 2.179979770714014, 2.2944807197554122, 2.4109427368229652, 2.5292893209333216, 2.6494439711031275, 2.771330186349033, 2.894871465687685, 3.019991308135733, 3.1466132127098243, 3.2746606784266077, 3.404057204302732, 3.5347262893548432, 3.6665914325995907, 3.7995761330536237, 3.9336038897335897, 4.068598201656136, 4.204482567837911, 4.341180487295565, 4.478615459045745, 4.616710982105099, 4.7553905554902745, 4.894577678217921, 5.034195849304686, 5.174168567767216, 5.314419332622164, 5.454871642886173, 5.595448997575895, 5.736074895707976, 5.876672836299066, 6.01716631836581, 6.15747884092486, 6.297533902992862, 6.437255003586465, 6.576565641722317, 6.715389316417066, 6.853649526687359, 6.991269771549848, 7.128173550021179, 7.2642843611179995, 7.399525703856959, 7.533821077254704, 7.667093980327884, 7.799267912093148, 7.930266371567142, 8.060012857766514, 8.188430869707917, 8.315443906407994, 8.440975466883394, 8.56494905015077, 8.687288155226764, 8.807916281128024, 8.926756926871203, 9.043733591472948, 9.158769773949906, 9.27178897331873, 9.382714688596058, 9.491470418798546, 9.597979662942839, 9.702165920045585, 9.803952689123438, 9.90326346919304, 10.00002175927104, 10.09415105837409, 10.185574865518834, 10.27421667972192, 10.36], "x_wl": [0.0, 0.0, 7.57715709140288, 10.36], "y_i_wl": [0.0, 0.05827969371907337, 0.11557449433703344, 0.1718780774702713, 0.22718411873517785, 0.28148629374814416, 0.3347782781255612, 0.3870537474838199, 0.43830637743931145, 0.48852984360842666, 0.5377178216075565, 0.5858639870530924, 0.6329620155614247, 0.6790055827489451, 0.7239883642320439, 0.7679040356271128, 0.8107462725505423, 0.8525087506187234, 0.8931851454480475, 0.9327691326549055, 0.9712543878556879, 1.008634586666786, 1.044903404704591, 1.0800545175854936, 1.1140816009258852, 1.1469783303421566, 1.1787383814506986, 1.2093554298679026, 1.2388231512101593, 1.2671352210938593, 1.294285315135395, 1.320267108951156, 1.3450742781575336, 1.3687004983709192, 1.3911394452077035, 1.4123847942842775, 1.4324302212170323, 1.451269401622359, 1.4688960111166485, 1.4853037253162917, 1.5004862198376798, 1.5144371702972035, 1.5271502523112543, 1.5386191414962225, 1.5488375134685, 1.5577990438444766, 1.5654974082405446, 1.5719262822730942, 1.577079341558517, 1.580950261713203, 1.583532718353544, 1.5848203870959308, 1.5848069435567542, 1.5834860633524057, 1.580851422099276, 1.5768966954137562, 1.571615558912237, 1.5650016882111097, 1.5570487589267654, 1.5477504466755947, 1.5371004270739888, 1.5250923757383386, 1.5117199682850355, 1.4969768803304704, 1.4808567874910337, 1.463353365383117, 1.4444602896231113, 1.424171235827407, 1.402479879612396, 1.3793798965944686, 1.354864962390016, 1.3289287526154296, 1.3015649428871, 1.2727672088214175, 1.2425292260347742, 1.210844670143561, 1.1777072167641685, 1.1431105415129879, 1.10704832000641, 1.0695142278608263, 1.0305019406926272, 0.9900051341182042, 0.9480174837539479, 0.9045326652162496, 0.8595443541214999, 0.8130462260860903, 0.7650319567264113, 0.7154952216588543, 0.6644296964998094, 0.6118290568656692, 0.557686978372824, 0.5019971366376643, 0.44475320727658174, 0.38594886590596705, 0.3255777881422111, 0.26363364960170516, 0.20011012590084004, 0.13500089265600682, 0.06829962548359646, 0.0], "y_wl": [0.0, 1.9394110606780908, 2.280330121312955, 0.0]}