{"bn_sections": [0.0, 2.0506603941403454, 2.6567854563838575, 2.984259647562185, 3.1409699493375984, 3.163750142597812, 3.0650520075132235, 2.8434426009310165, 2.4847216428808654, 1.9564519167396606, 1.1889227278037038, 0.0], "bwlmax": 1.5848191543633448, "bwlmax_x": 4.341180589694124, "x_i_wl": [0.0, 0.002306551138219604, 0.009175203894029817, 0.020529457279157743, 0.03629281030533047, 0.05638876198427513, 0.08074081132771882, 0.1092724573473886, 0.1419071990550116, 0.1785685354623149, 0.21917996558102565, 0.26366498842287106, 0.3119471029995779, 0.36394980832287344, 0.4195966034044849, 0.4788109872561394, 0.5415164588895639, 0.6076365173164854, 0.6770946615486312, 0.7498143905977286, 0.825719203475504, 0.904732599193685, 0.986778076763999, 1.0717791351981725, 1.159659273507933, 1.250341990705007, 1.3437507858011224, 1.4398091578080063, 1.538440605737385, 1.639568628600986, 1.743116725410537, 1.8490083951777645, 1.957167136914395, 2.0675164496321567, 2.179979832342776, 2.2944807840579804, 2.410942803789497, 2.529289390549053, 2.6494440433483755, 2.7713302611991906, 2.8948715431132266, 3.0199913881022096, 3.1466132951778683, 3.274660763351928, 3.404057291636118, 3.534726379042162, 3.66659152458179, 3.799576227266728, 3.9336039861087038, 4.068598300119444, 4.204482668310674, 4.341180589694124, 4.47861556328152, 4.616711088084589, 4.755390663115057, 4.8945777873846525, 5.034195959905102, 5.174168679688132, 5.314419445745472, 5.454871757088846, 5.595449112729984, 5.73607501168061, 5.876672952952454, 6.01716643555724, 6.157478958506697, 6.297534020812554, 6.437255121486535, 6.576565759540369, 6.715389433985782, 6.8536496438345, 6.991269888098253, 7.1281736657887675, 7.264284475917768, 7.399525817496985, 7.533821189538143, 7.66709409105297, 7.7992680210531935, 7.930266478550539, 8.060012962556735, 8.18843097208351, 8.315444006142588, 8.440975563745699, 8.564949143904569, 8.687288245630924, 8.807916367936492, 8.926757009833, 9.043733670332175, 9.158769848445743, 9.271789043185438, 9.382714753562977, 9.491470478590092, 9.597979717278509, 9.702165968639955, 9.803952731686161, 9.903263505428852, 10.000021788879748, 10.094151081050587, 10.18557488095309, 10.274216687598985, 10.36], "x_wl": [0.0, 0.0, 7.577157356678039, 10.36], "y_i_wl": [0.0, 0.05827962774787191, 0.11557436439906177, 0.17187788554960762, 0.22718386679554736, 0.2814859837329191, 0.3347779119577609, 0.38705332706611056, 0.43830590465400643, 0.4885293203174861, 0.5377172496525877, 0.5858633682553496, 0.6329613517218091, 0.6790048756480049, 0.7239876156299747, 0.7679032472637567, 0.8107454461453888, 0.8525078878709086, 0.8931842480363547, 0.9327682022377648, 0.9712534260711769, 1.008633595132629, 1.0449023850181594, 1.0800534713238057, 1.114080529645606, 1.1469772355795989, 1.1787372647218213, 1.2093542926683123, 1.2388219950151094, 1.2671340473582502, 1.2942841252937738, 1.3202659044177172, 1.3450730603261185, 1.3686992686150163, 1.3911382048804481, 1.412383544718452, 1.4324289637250662, 1.4512681374963288, 1.4688947416282772, 1.48530245171695, 1.500484943358385, 1.5144358921486203, 1.5271489736836936, 1.538617863559643, 1.548836237372507, 1.5577977707183228, 1.5654961391931295, 1.5719250183929638, 1.577078083913865, 1.5809490113518698, 1.5835314763030173, 1.5848191543633448, 1.5848057211288906, 1.5834848521956926, 1.5808502231597894, 1.5768955096172181, 1.5716143871640171, 1.5650005313962247, 1.5570476179098784, 1.5477493223010164, 1.5370993201656766, 1.5250912870998972, 1.5117188986997165, 1.4969758305611718, 1.4808557582803017, 1.4633523574531437, 1.4444593036757363, 1.424170272544117, 1.4024789396543247, 1.3793789806023962, 1.35486407098437, 1.3289278863962848, 1.301564102434178, 1.2727663946940866, 1.24252843877205, 1.2108439102641064, 1.177706484766293, 1.143109837874648, 1.1070476451852096, 1.0695135822940154, 1.0305013247971038, 0.9900045482905129, 0.9480169283702802, 0.9045321406324442, 0.8595438606730424, 0.8130457640881132, 0.7650315264736944, 0.7154948234258244, 0.6644293305405401, 0.611828723413881, 0.5576866776418844, 0.5019968688205882, 0.44475297254603074, 0.3859486644142499, 0.32557762002128343, 0.2636335149631696, 0.20011002483594637, 0.13500082523565166, 0.06829959175832352, 0.0], "y_wl": [0.0, 1.9394088503314446, 2.2803290081046845, 0.0]}