{"bn_sections": [0.0, 1.5511941877451543, 1.9798845695044391, 2.1962483353509836, 2.2849621750961395, 2.2756425496377055, 2.1793699197665304, 1.9971603242380627, 1.7214608538512453, 1.333412956151077, 0.7926572770659424, 0.0], "bwlmax": 1.14605262339487, "bwlmax_x": 4.533023681726801, "x_i_wl": [0.0, 0.002467986132403174, 0.0098184933737178, 0.021971344990101546, 0.038846364247712054, 0.06036337441270699, 0.08644219875124404, 0.1170026605294808, 0.15196458301357502, 0.1912477894696842, 0.23477210316396618, 0.28245734736257866, 0.33422334533167897, 0.389989920337425, 0.44967689564597446, 0.513204094523485, 0.5804913402361143, 0.6514584560500196, 0.726025265231359, 0.8041115910462905, 0.8856372567609708, 0.9705220856415581, 1.0586859009542102, 1.1500485259650846, 1.2445297839403389, 1.3420494981461306, 1.4425274918486177, 1.5458835883139577, 1.6520376108083084, 1.760909382597827, 1.8724187269486725, 1.9864854671270011, 2.10302942639897, 2.2219704280307386, 2.3432282952884633, 2.4667228514383024, 2.5923739197464135, 2.7201013234789544, 2.8498248859020823, 2.981464430281955, 3.11493977988473, 3.2501707579765644, 3.3870771878236177, 3.5255788926920455, 3.665595695848009, 3.8070474205576605, 3.9498538900871614, 4.093934927702668, 4.239210356670339, 4.385600000256331, 4.533023681726801, 4.68140122434791, 4.830652451385811, 4.980697186106667, 5.1314552517766305, 5.282846471661863, 5.434790669028518, 5.587207667142756, 5.740017289270737, 5.8931393586786145, 6.046493698632547, 6.200000132398693, 6.353578483243212, 6.507148574432257, 6.660630229231989, 6.813943270908566, 6.967007522728144, 7.1197428079568805, 7.272068949860936, 7.423905771706463, 7.575173096759624, 7.725790748286576, 7.875678549553474, 8.024756323826479, 8.172943894371745, 8.320161084455432, 8.466327717343699, 8.611363616302699, 8.755188604598594, 8.897722505497537, 9.038885142265693, 9.178596338169214, 9.31677591647426, 9.453343700446988, 9.588219513353554, 9.721323178460118, 9.852574519032835, 9.981893358337866, 10.10919951964137, 10.2344128262095, 10.357453101308414, 10.47824016820427, 10.596693850163227, 10.712733970451445, 10.826280352335079, 10.937252819080282, 11.045571193953224, 11.151155300220049, 11.253924961146922, 11.3538], "x_wl": [0.0, 0.0, 8.106566926138324, 11.3538], "y_i_wl": [0.0, 0.04491811746220113, 0.08895686758966287, 0.1321150958790863, 0.1743916478271724, 0.21578536893062225, 0.256295104686137, 0.2959197005904175, 0.334658002140165, 0.3725088548320803, 0.4094711041628647, 0.44554359562921925, 0.4807251747278447, 0.5150146869554424, 0.5484109778087133, 0.5809128927843585, 0.6125192773790791, 0.6432289770895758, 0.67304083741255, 0.7019537038447028, 0.729966421882735, 0.7570778370233476, 0.7832867947632419, 0.8085921405991188, 0.8329927200276795, 0.856487378545625, 0.879074961649656, 0.9007543148364741, 0.9215242836027802, 0.9413837134452747, 0.9603314498606599, 0.9783663383456358, 0.9954872243969036, 1.0116929535111647, 1.02698237118512, 1.0413543229154705, 1.0548076541989175, 1.0673412105321616, 1.078953837411904, 1.0896443803348461, 1.0994116847976885, 1.1082545962971324, 1.116171960329879, 1.1231626223926292, 1.129225427982084, 1.1343592225949446, 1.1385628517279118, 1.141835160877687, 1.1441749955409712, 1.145581201214465, 1.14605262339487, 1.1455881075788872, 1.144186499263217, 1.141846643944561, 1.1385673871196205, 1.1343475742850961, 1.1291860509376888, 1.1230816625741, 1.1160332546910303, 1.1080396727851813, 1.0990997623532537, 1.0892123688919484, 1.078376337897967, 1.0665905148680102, 1.0538537452987786, 1.040164874686974, 1.0255227485292973, 1.009926212322449, 0.9933741115631312, 0.9758652917480437, 0.9573985983738884, 0.9379728769373663, 0.9175869729351781, 0.8962397318640246, 0.8739299992206075, 0.8506566205016277, 0.8264184412037863, 0.8012143068237839, 0.775043062858322, 0.7479035548041014, 0.7197946281578234, 0.690715128416189, 0.6606639010758989, 0.6296397916336546, 0.5976416455861567, 0.5646683084301067, 0.5307186256622052, 0.49579144277915366, 0.4598856052776525, 0.42299995865440365, 0.3851333484061078, 0.3462846200294658, 0.306452619021179, 0.26563619087794826, 0.2238341810964745, 0.18104543517345906, 0.13726879860560284, 0.09250311688960688, 0.04674723552217225, 0.0], "y_wl": [0.0, 1.4967947377395485, 1.5590288153211447, 0.0]}