{"bn_sections": [0.0, 0.8646624179503846, 1.5660865370725368, 2.170633364992262, 2.6782338081867167, 3.07878944982668, 3.3537448052218823, 3.4729504806190823, 3.3861843823461224, 3.001377277821159, 2.1141493745123223, 0.0], "bwlmax": 1.7371436859392617, "bwlmax_x": 6.870271633807521, "x_i_wl": [0.0, 0.002572639140887165, 0.010229298606864374, 0.022878091462905214, 0.04042713077398324, 0.06278452960507204, 0.08985840102114521, 0.12155685808717627, 0.15778801386813884, 0.19845998142900648, 0.24348087383475275, 0.2927588041503514, 0.3462018854407756, 0.40371823077099933, 0.46521595320599596, 0.5306031658107392, 0.5997879816502025, 0.6726785137893594, 0.7491828752931836, 0.8292091792266489, 0.9126655386547283, 0.9994600666423956, 1.0895008762546248, 1.1826960805563886, 1.2789537926126617, 1.3781821254884168, 1.4802891922486274, 1.5851831059582682, 1.6927719796823115, 1.8029639264857313, 1.915667059433502, 2.0307894915905966, 2.148239336021987, 2.267924705792649, 2.3897537139675555, 2.5136344736116802, 2.639475097789996, 2.767183699567479, 2.8966683920090985, 3.027837288179831, 3.160598501144649, 3.294860143968527, 3.4305303297164382, 3.5675171714533556, 3.705728782244255, 3.845073275154106, 3.985458763247885, 4.126793359590565, 4.268985177247119, 4.411942329282522, 4.555572928761746, 4.699785088749766, 4.844486922311553, 4.989586542512084, 5.134992062416332, 5.280611595089269, 5.426353253595868, 5.572125151001103, 5.71783540036995, 5.863392114767381, 6.008703407258368, 6.153677390907886, 6.298222178780911, 6.442245883942412, 6.585656619457364, 6.728362498390743, 6.870271633807521, 7.011292138772669, 7.151332126351166, 7.2902997096079805, 7.428103001608089, 7.564650115416466, 7.699849164098081, 7.833608260717911, 7.965835518340929, 8.096439050032107, 8.22532696885642, 8.352407387878841, 8.477588420164343, 8.600778178777901, 8.721884776784488, 8.840816327249078, 8.957480943236643, 9.071786737812161, 9.183641824040597, 9.292954314986932, 9.399632323716139, 9.503583963293188, 9.604717346783058, 9.702940587250717, 9.79816179776114, 9.8902890913793, 9.979230581170174, 10.064894380198732, 10.147188601529951, 10.2260213582288, 10.301300763360258, 10.372934929989293, 10.440831971180883, 10.5049], "x_wl": [0.0, 0.0, 8.454844509400255, 10.5049], "y_i_wl": [0.0, 0.004135598333171975, 0.010441335316302296, 0.01884748295095979, 0.029284313238713264, 0.041682098181131555, 0.055971109779783486, 0.07208162003623785, 0.0899439009520635, 0.10948822452882924, 0.1306448627681039, 0.15334408767145635, 0.17751617124045527, 0.20309138547666955, 0.2300000023816681, 0.2581722939570197, 0.2875385322042931, 0.3180289891250571, 0.34957393672088066, 0.38210364699333266, 0.41554839194398163, 0.44983844357439645, 0.4849040738861462, 0.5206755548807994, 0.5570831585599252, 0.5940571569250921, 0.631527821977869, 0.669425425719825, 0.7076802401525286, 0.7462225372775486, 0.7849825890964542, 0.823890667610814, 0.8628770448221963, 0.9018719927321707, 0.9408057833423057, 0.97960868865417, 1.0182109806693327, 1.0565429313893626, 1.0945348128158283, 1.1321168969502988, 1.1692194557943427, 1.2057727613495293, 1.2417070856174268, 1.2769527005996042, 1.311439878297631, 1.345098890713075, 1.3778600098475053, 1.4096535077024912, 1.4404096562796014, 1.4700587275804042, 1.4985309936064688, 1.5257567263593643, 1.5516661978406585, 1.5761896800519215, 1.5992574449947217, 1.6207997646706276, 1.6407469110812078, 1.659029156228032, 1.6755767721126684, 1.690320030736686, 1.7031892041016534, 1.7141145642091395, 1.7230263830607135, 1.729854932657944, 1.7345304850023995, 1.736983312095649, 1.7371436859392617, 1.734941878534806, 1.730308161883851, 1.723172807987965, 1.7134660888487174, 1.701118276467677, 1.6860596428464125, 1.6682204599864918, 1.6475309998894854, 1.6239215345569609, 1.5973223359904878, 1.5676636761916345, 1.5348758271619696, 1.4988890609030627, 1.459633649416482, 1.4170398647037972, 1.3710379787665758, 1.3215582636063876, 1.2685309912248008, 1.2118864336233848, 1.1515548628037076, 1.087466550767339, 1.0195517695158463, 0.9477407910508003, 0.871963887373769, 0.7921513304863209, 0.7082333923900253, 0.6201403450864508, 0.5278024605771661, 0.43115001086374016, 0.33011326794774176, 0.22462250383073976, 0.11460799051430284, 0.0], "y_wl": [0.0, 0.09990044928761946, 3.8586230687195293, 0.0]}