{"bn_sections": [0.0, 1.9292148526377344, 2.5032413510207627, 2.8152024852731374, 2.966199777685837, 2.9906617380200826, 2.9000964071436215, 2.6929069586983467, 2.3553807190623792, 1.856426430884303, 1.1293575311530997, 0.0], "bwlmax": 1.4977461462161732, "bwlmax_x": 4.577925538544192, "x_i_wl": [0.0, 0.002357799641867739, 0.009379058972011325, 0.02098556859724132, 0.03709911912436827, 0.05764150116020274, 0.0825345053115553, 0.11169992218523644, 0.14505954238805682, 0.1825351565268269, 0.22404855520835731, 0.26952152903945864, 0.31887586862694123, 0.3720333645776158, 0.428915807498293, 0.4894449879957833, 0.5535426966768973, 0.6211307241484452, 0.692130861017238, 0.7664648978900863, 0.8440546253738003, 0.9248218340751905, 1.0086883146010681, 1.0955758575582428, 1.185406253553526, 1.2781012931937275, 1.3735827670856582, 1.4717724658361289, 1.5725921800519498, 1.6759637003399315, 1.7818088173068851, 1.8900493215596208, 2.000607003704948, 2.113403654349679, 2.228361064100623, 2.3454010235645915, 2.4644453233483947, 2.5854157540588445, 2.708234106302749, 2.83282217068692, 2.959101737818168, 3.0869945983033036, 3.216422542749137, 3.3473073617624793, 3.4795708459501427, 3.613134785918933, 3.7479209722756646, 3.8838511956271473, 4.020847246580191, 4.158830915741607, 4.297723993718206, 4.437448271116797, 4.577925538544192, 4.719077586607202, 4.8608262059126375, 5.003093187067307, 5.145800320678022, 5.2888693973515934, 5.432222207694833, 5.57578054231455, 5.7194661918175544, 5.863200946810657, 6.006906597900672, 6.1505049356944035, 6.2939177507986654, 6.4370668338202695, 6.579873975366024, 6.722260966042741, 6.864149596457231, 7.005461657216303, 7.146118938926769, 7.286043232195441, 7.425156327629127, 7.563380015834638, 7.7006360874187845, 7.836846332988378, 7.971932543150228, 8.105816508511147, 8.23842001967794, 8.369664867257425, 8.49947284185641, 8.627765734081704, 8.754465334540118, 8.879493433838462, 9.002771822583549, 9.124222291382187, 9.243766630841186, 9.361326631567362, 9.476824084167523, 9.590180779248474, 9.701318507417032, 9.810159059280004, 9.916624225444199, 10.020635796516435, 10.122115563103518, 10.220985315812255, 10.317166845249465, 10.410581942021953, 10.501152396736526, 10.5888], "x_wl": [0.0, 0.0, 7.745516444573554, 10.5888], "y_i_wl": [0.0, 0.05465014884644244, 0.1083948553566028, 0.16122762880397035, 0.21314197846203423, 0.2641314136042836, 0.31418944350420774, 0.36330957743529574, 0.41148532467103693, 0.4587101944849203, 0.5049776961504352, 0.5502813389410709, 0.5946146321303164, 0.6379710849916608, 0.6803442067985936, 0.7217275068246042, 0.7621144943431811, 0.8014986786278138, 0.8398735689519917, 0.877232674589204, 0.9135695048129394, 0.9488775688966875, 0.9831503761139372, 1.016381435738178, 1.0485642570428992, 1.0796923493015897, 1.1097592217877388, 1.1387583837748356, 1.1666833445363696, 1.1935276133458292, 1.219284699476705, 1.2439481122024851, 1.2675113607966584, 1.289967954532715, 1.3113114026841437, 1.3315352145244337, 1.3506328993270742, 1.3685979663655545, 1.3854239249133635, 1.4011042842439907, 1.4156325536309253, 1.4290022423476563, 1.4412068596676728, 1.4522399148644642, 1.46209491721152, 1.4707653759823285, 1.4782448004503799, 1.4845266998891629, 1.4896045835721665, 1.4934719607728804, 1.496122340764793, 1.4975492328213944, 1.4977461462161732, 1.4967065902226189, 1.4944240741142205, 1.4908921071644676, 1.4861041986468488, 1.4800538578348537, 1.4727345940019712, 1.4641399164216904, 1.454263334367501, 1.443098357112892, 1.4306384939313526, 1.4168772540963719, 1.401808146881439, 1.385424681560043, 1.3677203674056737, 1.3486887136918195, 1.3283232296919705, 1.3066174246796147, 1.2835648079282422, 1.2591588887113425, 1.233393176302404, 1.2062611799749154, 1.177756409002367, 1.147872372658248, 1.1166025802160473, 1.0839405409492537, 1.0498797641313569, 1.0144137590358455, 0.9775360349362096, 0.9392401011059379, 0.8995194668185194, 0.8583676413474436, 0.8157781339661994, 0.7717444539482763, 0.7262601105671631, 0.6793186130963493, 0.6309134708093236, 0.5810381929795763, 0.5296862888805958, 0.47685126778587134, 0.4225266389688923, 0.36670591170314787, 0.30938259526212697, 0.250550198919319, 0.19020223194821315, 0.12833220362229858, 0.06493362321506445, 0.0], "y_wl": [0.0, 1.818323312489635, 2.1682091704179483, 0.0]}