{"bn_sections": [0.0, 2.1063079081107823, 2.726018984001652, 3.0594207979295303, 3.21762462200718, 3.2386319876528376, 3.1353891043068747, 2.906616426638635, 2.538009353252607, 1.9967271473633348, 1.2121439661369686, 0.0], "bwlmax": 1.6227734456071157, "bwlmax_x": 4.594789598453445, "x_i_wl": [0.0, 0.0024407908521897506, 0.009709223926772316, 0.021724390000767677, 0.038405379851195784, 0.059671284255076645, 0.0854411939894302, 0.11563419983127642, 0.15016939255763534, 0.1889658629455268, 0.2319427017719709, 0.2790189998139877, 0.3301138478485969, 0.3851463366528185, 0.4440355570036727, 0.5067005996781795, 0.5730605554533587, 0.6430345151062299, 0.7165415694138138, 0.7935008091531303, 0.8738313251011988, 0.9574522080350395, 1.0442825487316727, 1.134241437968118, 1.2272479665213956, 1.3232212251685251, 1.422080304686527, 1.523744295852421, 1.628132289443227, 1.7351633762359653, 1.844756647007656, 1.9568311925353186, 2.071306103595972, 2.1881004709666385, 2.3071333854243363, 2.4283239377460863, 2.551591218708908, 2.6768543190898226, 2.804032329665848, 2.9330443412140057, 3.063809444511315, 3.1962467303347952, 3.3302752894614684, 3.465814212668352, 3.6027825907324695, 3.7410995144308368, 3.8806840745404756, 4.021455361838407, 4.163332467101649, 4.306234481107223, 4.4500804946321475, 4.594789598453445, 4.740280883348133, 4.886473440093233, 5.033286359465764, 5.1806387322427465, 5.3284496492012, 5.476638201118146, 5.625123478770602, 5.773824572935589, 5.922660574390129, 6.071550573911237, 6.2204136622759405, 6.369168930261251, 6.517735468644195, 6.6660323682017895, 6.813978719711055, 6.961493613949012, 7.1084961416926795, 7.254905393719076, 7.400640460805226, 7.545620433728148, 7.689764403264858, 7.832991460192382, 7.975220695287734, 8.116371199327938, 8.256362063090013, 8.395112377350978, 8.532541232887853, 8.668567720477661, 8.803110930897418, 8.936089954924146, 9.067423883334865, 9.197031806906594, 9.324832816416354, 9.450746002641164, 9.574690456358045, 9.696585268344016, 9.816349529376101, 9.933902330231312, 10.049162761686675, 10.162049914519208, 10.27248287950593, 10.380380747423864, 10.48566260905003, 10.588247555161441, 10.688054676535128, 10.785003063948103, 10.879011808177387, 10.97], "x_wl": [0.0, 0.0, 8.01811878601654, 10.97], "y_i_wl": [0.0, 0.059976704006282855, 0.11892684865166406, 0.17684432708027023, 0.23372303243622794, 0.28955685786366375, 0.3443396965067044, 0.3980654415094762, 0.4507279860161061, 0.5023212231707204, 0.5528390461174456, 0.6022753480004088, 0.650624021963736, 0.6978789611515542, 0.74403405870799, 0.7890832077771699, 0.8330203015032204, 0.8758392330302678, 0.9175338955024395, 0.9580981820638614, 0.9975259858586603, 1.0358112000309627, 1.0729477177248954, 1.1089294320845848, 1.1437502362541578, 1.1774040233777407, 1.2098846865994601, 1.241186119063443, 1.2713022139138155, 1.300226864294704, 1.327953963350236, 1.354477404224537, 1.3797910800617343, 1.4038888840059545, 1.4267647092013238, 1.4484124487919692, 1.468825995922017, 1.4879992437355938, 1.5059260853768262, 1.5226004139898413, 1.5380161227187648, 1.552167104707724, 1.565047253100845, 1.576650461042255, 1.58697062167608, 1.5960016281464466, 1.603737373597482, 1.6101717511733122, 1.6152986540180643, 1.6191119752758643, 1.6216056080908392, 1.6227734456071157, 1.6226093809688196, 1.6211073073200781, 1.6182611178050184, 1.6140647055677662, 1.608511963752448, 1.601596785503191, 1.5933130639641213, 1.583654692279366, 1.5726155635930512, 1.5601895710493037, 1.5463706077922503, 1.531152566966017, 1.5145293417147312, 1.496494825182519, 1.477042910513507, 1.4561674908518216, 1.43386245934159, 1.410121709126938, 1.3849391333519931, 1.3583086251608814, 1.3302240776977294, 1.300679384106663, 1.2696684375318106, 1.2371851311172974, 1.2032233580072507, 1.1677770113457964, 1.1308399842770618, 1.0924061699451728, 1.0524694614942567, 1.0110237520684398, 0.9680629348118484, 0.9235809028686095, 0.8775715493828492, 0.8300287674986947, 0.7809464503602721, 0.7303184911117083, 0.6781387828971291, 0.6244012188606625, 0.5690996921464344, 0.5122280958985712, 0.4537803232611998, 0.3937502673784467, 0.3321318213944383, 0.2689188784533014, 0.20410533169916256, 0.13768507427614832, 0.06965199932838524, 0.0], "y_wl": [0.0, 1.9961022862476034, 2.325295405531589, 0.0]}