{
    "angle_tw_matrix_list": [
        [29.999999999999996, 35.0, 40.0, 45.0, 50.0, 55.0, 59.99999999999999, 65.0, 70.0, 75.0, 80.0, 85.0, 90.0, 95.0, 100.0, 105.00000000000001, 110.0, 115.0, 119.99999999999999, 125.00000000000001, 130.0, 135.0, 140.0, 145.0, 150.0, 155.0, 160.0, 165.0, 170.0, 175.0, 180.0],
        [29.999999999999996, 35.0, 40.0, 45.0, 50.0, 55.0, 59.99999999999999, 65.0, 70.0, 75.0, 80.0, 85.0, 90.0, 95.0, 100.0, 105.00000000000001, 110.0, 115.0, 119.99999999999999, 125.00000000000001, 130.0, 135.0, 140.0, 145.0, 150.0, 155.0, 160.0, 165.0, 170.0, 175.0, 180.0],
        [29.999999999999996, 35.0, 40.0, 45.0, 50.0, 55.0, 59.99999999999999, 65.0, 70.0, 75.0, 80.0, 85.0, 90.0, 95.0, 100.0, 105.00000000000001, 110.0, 115.0, 119.99999999999999, 125.00000000000001, 130.0, 135.0, 140.0, 145.0, 150.0, 155.0, 160.0, 165.0, 170.0, 175.0, 180.0],
        [29.999999999999996, 35.0, 40.0, 45.0, 50.0, 55.0, 59.99999999999999, 65.0, 70.0, 75.0, 80.0, 85.0, 90.0, 95.0, 100.0, 105.00000000000001, 110.0, 115.0, 119.99999999999999, 125.00000000000001, 130.0, 135.0, 140.0, 145.0, 150.0, 155.0, 160.0, 165.0, 170.0, 175.0, 180.0],
        [29.999999999999996, 35.0, 40.0, 45.0, 50.0, 55.0, 59.99999999999999, 65.0, 70.0, 75.0, 80.0, 85.0, 90.0, 95.0, 100.0, 105.00000000000001, 110.0, 115.0, 119.99999999999999, 125.00000000000001, 130.0, 135.0, 140.0, 145.0, 150.0, 155.0, 160.0, 165.0, 170.0, 175.0, 180.0],
        [29.999999999999996, 35.0, 40.0, 45.0, 50.0, 55.0, 59.99999999999999, 65.0, 70.0, 75.0, 80.0, 85.0, 90.0, 95.0, 100.0, 105.00000000000001, 110.0, 115.0, 119.99999999999999, 125.00000000000001, 130.0, 135.0, 140.0, 145.0, 150.0, 155.0, 160.0, 165.0, 170.0, 175.0, 180.0]
    ],
    "velocity_boat_matrix_list": [
        [1.912068117779159, 2.158466596118856, 2.3478235406778434, 2.498816176097252, 2.5728842217045007, 2.6264831034878515, 2.674220388837277, 2.71298130242514, 2.738156116233807, 2.7496944680523465, 2.7478985157390503, 2.7334148851770554, 2.707209486233048, 2.6623979051934796, 2.592819767265853, 2.572883323431685, 2.4670754967178294, 2.304602230296839, 2.158838634768142, 2.0108622577941264, 1.836146013247325, 1.7267509900297102, 1.668632527126209, 1.6251917933567772, 1.5975462269555218, 1.5819581086348267, 1.5757340945201057, 1.5762959195868922, 1.5665015799443611, 1.563146998803935, 0.524631928954248],
        [2.332198045403757, 2.5728854139150665, 2.766962277821372, 2.9472712833284973, 3.101648469409017, 3.1625143404096696, 3.2050733450549815, 3.2397999017814327, 3.2629614869237775, 3.274509938973981, 3.2756725528272743, 3.264350306905552, 3.237828897673008, 3.1859780071002692, 3.127897293270564, 3.0004476061418233, 2.814243311145768, 2.643962226644249, 2.5728790675621385, 2.3874631103950863, 2.2472064089769743, 2.164821748174392, 2.111272166314704, 2.071060922175294, 2.0429196729382633, 2.0252573422757685, 2.0205537527907027, 2.021530256051616, 2.0092202403067336, 2.005659065452182, 0.9115392797964764],
        [2.6412027133538944, 2.98547110264474, 3.192636413604113, 3.3335155169123825, 3.4561733274686346, 3.5434907957175574, 3.606929309959121, 3.630864762687927, 3.646752057264307, 3.6553853742033238, 3.656848949653139, 3.6503311277161146, 3.624430812833729, 3.5790024877713513, 3.4681118169961436, 3.3319220783618513, 3.2015908659824803, 3.0729209306935825, 2.855723902160329, 2.682724731708353, 2.5728844784166913, 2.5569461163216487, 2.49023224039487, 2.4434065318991047, 2.418028225308929, 2.4061710672947103, 2.4065426959499474, 2.4073538484377064, 2.3968061239966674, 2.3945997994496477, 1.404021174009128],
        [2.9917163082436637, 3.2797858539934497, 3.482681407712284, 3.6349206088227164, 3.7047587923949346, 3.7591596993591314, 3.803291347542254, 3.8411389444877932, 3.8697452906403385, 3.886985819761116, 3.8919204897318984, 3.8690552073795024, 3.8345535093422454, 3.783044684485882, 3.7080588612743037, 3.6328342717895703, 3.4993527949179106, 3.336254740794296, 3.1912801859407645, 3.0664788540192403, 2.926505968840378, 2.849052753158923, 2.7906362071996496, 2.7532619692119478, 2.7343990522300845, 2.728659015461611, 2.734949558871971, 2.735158673276752, 2.7264700779479334, 2.725853570035499, 1.6923816291105458],
        [3.224075216599605, 3.5346510007596867, 3.6909370486279593, 3.805710230606916, 3.8901028943594325, 3.962738391248847, 4.023035305199864, 4.075650297418036, 4.116770797582652, 4.1355495285060435, 4.139846492727666, 4.1205993199926825, 4.080256393500062, 3.991544446201957, 3.894500454664642, 3.7977808380154214, 3.7045342952646996, 3.6171905692753032, 3.4565415880371555, 3.318616980872475, 3.2375324850281566, 3.183265197643911, 3.1418382654546786, 3.116520791308635, 3.1042619009720367, 3.1022460391841884, 3.109940075337784, 3.1099949025110467, 3.1038727461522737, 3.104135444722952, 1.9249603569413598],
        [3.4173094114589064, 3.6929761120682203, 3.8439483170691253, 3.985677099785947, 4.089585341300649, 4.159660161086777, 4.210796426600083, 4.256077064058101, 4.292696082028944, 4.320061476995323, 4.319348988841678, 4.302853507159981, 4.257539520132992, 4.18680214105389, 4.108043902192114, 3.9872005304479705, 3.8716124314863865, 3.764511780526895, 3.6739577684196933, 3.5982387462197285, 3.5172602935943176, 3.4559820404278017, 3.4107957007060823, 3.3873701152492597, 3.3781618284531363, 3.3813112960871816, 3.3947483830143215, 3.393717831509309, 3.3882305290471755, 3.389975767210746, 2.138653503775672]
    ],