{
    "angle_tw_matrix_list": [
        [29.999999999999996, 35.0, 40.0, 45.0, 50.0, 55.0, 59.99999999999999, 65.0, 70.0, 75.0, 80.0, 85.0, 90.0, 95.0, 100.0, 105.00000000000001, 110.0, 115.0, 119.99999999999999, 125.00000000000001, 130.0, 135.0, 140.0, 145.0, 150.0, 155.0, 160.0, 165.0, 170.0, 175.0, 180.0],
        [29.999999999999996, 35.0, 40.0, 45.0, 50.0, 55.0, 59.99999999999999, 65.0, 70.0, 75.0, 80.0, 85.0, 90.0, 95.0, 100.0, 105.00000000000001, 110.0, 115.0, 119.99999999999999, 125.00000000000001, 130.0, 135.0, 140.0, 145.0, 150.0, 155.0, 160.0, 165.0, 170.0, 175.0, 180.0],
        [29.999999999999996, 35.0, 40.0, 45.0, 50.0, 55.0, 59.99999999999999, 65.0, 70.0, 75.0, 80.0, 85.0, 90.0, 95.0, 100.0, 105.00000000000001, 110.0, 115.0, 119.99999999999999, 125.00000000000001, 130.0, 135.0, 140.0, 145.0, 150.0, 155.0, 160.0, 165.0, 170.0, 175.0, 180.0],
        [29.999999999999996, 35.0, 40.0, 45.0, 50.0, 55.0, 59.99999999999999, 65.0, 70.0, 75.0, 80.0, 85.0, 90.0, 95.0, 100.0, 105.00000000000001, 110.0, 115.0, 119.99999999999999, 125.00000000000001, 130.0, 135.0, 140.0, 145.0, 150.0, 155.0, 160.0, 165.0, 170.0, 175.0, 180.0],
        [29.999999999999996, 35.0, 40.0, 45.0, 50.0, 55.0, 59.99999999999999, 65.0, 70.0, 75.0, 80.0, 85.0, 90.0, 95.0, 100.0, 105.00000000000001, 110.0, 115.0, 119.99999999999999, 125.00000000000001, 130.0, 135.0, 140.0, 145.0, 150.0, 155.0, 160.0, 165.0, 170.0, 175.0, 180.0],
        [29.999999999999996, 35.0, 40.0, 45.0, 50.0, 55.0, 59.99999999999999, 65.0, 70.0, 75.0, 80.0, 85.0, 90.0, 95.0, 100.0, 105.00000000000001, 110.0, 115.0, 119.99999999999999, 125.00000000000001, 130.0, 135.0, 140.0, 145.0, 150.0, 155.0, 160.0, 165.0, 170.0, 175.0, 180.0]
    ],
    "velocity_boat_matrix_list": [
        [2.1665207674468516, 2.4342597058343487, 2.6275880991390164, 2.821037580186099, 2.9679162318705683, 3.0766056880018073, 3.1407837980596938, 3.177662539859457, 3.198845026395003, 3.206833598311123, 3.2025933336137498, 3.1866167058563972, 3.159710789546106, 3.122971057779043, 3.0775707924053477, 2.9827118505968118, 2.841875668214222, 2.671230581223254, 2.5360565190177415, 2.305024585806018, 2.1176460193332893, 1.9520792914238847, 1.837864485676617, 1.7710351829358522, 1.7248187296294777, 1.6980620138082485, 1.6843012939624493, 1.682052343424929, 1.6703637286762427, 1.6647774941712083, 0.5983416370680453],
        [2.59090946515322, 2.882964811325441, 3.1237097522193515, 3.2792524218006127, 3.414833718002613, 3.5391028043722597, 3.5848034541768716, 3.616978924665362, 3.640737889340057, 3.6555616583882515, 3.66119860676693, 3.6575845960170277, 3.641875304305777, 3.613421542667369, 3.5625547867665364, 3.457985616801705, 3.302827722390975, 3.13754127099838, 2.937205002851019, 2.6935575041064608, 2.53605603998225, 2.3675777277710948, 2.2836025707933802, 2.220854924919628, 2.1796322742533127, 2.1561178005227286, 2.1458705427635034, 2.146684073225933, 2.133065642696012, 2.1281690715422448, 0.9701537951852078],
        [2.9382101412482267, 3.221474492069056, 3.4686786114458186, 3.6159769706938754, 3.71834506315218, 3.8016965333561257, 3.858763385197818, 3.9088722530867326, 3.9476965944572178, 3.974502818811486, 3.9889040505110396, 3.990456956075644, 3.9731334282890414, 3.9220616600527, 3.8506094841605765, 3.747086882709812, 3.633641714503206, 3.496085234535836, 3.2831769530855177, 3.1010352817084947, 2.8997294960463385, 2.7586824468919193, 2.677076426025206, 2.6167704047426787, 2.580665207525479, 2.561041394409632, 2.5553862381231234, 2.5568885468012335, 2.5438597110993375, 2.5399859936015483, 1.392068765737888],
        [3.182433127475103, 3.4947602177028623, 3.68985151170674, 3.8342151988968283, 3.9708181927533976, 4.068046863960951, 4.1208040070443595, 4.168288012654763, 4.206582318030636, 4.23482160949655, 4.252856569300674, 4.259056364716213, 4.233256502766774, 4.1958024261086395, 4.1270366898693895, 4.01943560955304, 3.866953013158014, 3.7236638378863427, 3.594212797709989, 3.407868265263699, 3.2370626465148074, 3.147616213749829, 3.0832239496143785, 3.0316824209621247, 2.9925791522360417, 2.973197832067194, 2.9713860744048803, 2.9732654713474105, 2.9586312943458193, 2.955130280303816, 1.7509849354733944],
        [3.372779719071606, 3.664324260831834, 3.8713246950601263, 4.0533413834039616, 4.16772937563266, 4.250260834634717, 4.3219797297209475, 4.387776638586256, 4.4433558608132495, 4.487668657505412, 4.518742676349723, 4.519284706378062, 4.492820106901388, 4.442832426989909, 4.3446438033964245, 4.226930774224825, 4.108843297359957, 3.9580408409398466, 3.794607876487423, 3.6622618494487336, 3.564869787734401, 3.480465786836551, 3.4069132692673616, 3.356596436587661, 3.3300943360597253, 3.318860182832194, 3.3229536171770295, 3.3253996391199245, 3.315075657737948, 3.3139500455985176, 1.993726228568308],
        [3.5381744041976577, 3.7975479191787826, 4.042331554719908, 4.193830373102433, 4.328555266795274, 4.434166213175904, 4.528289763645632, 4.597701658658578, 4.646217650056294, 4.686546572208034, 4.716429305439123, 4.714146458849351, 4.69912829121795, 4.650034096760097, 4.5811662860731674, 4.44729895920127, 4.301070119409784, 4.162985881502255, 4.0294346245253, 3.876696708919472, 3.7830379538862724, 3.724107306908581, 3.6787018358093917, 3.6492567840790966, 3.6343699632510695, 3.631171507810047, 3.635513582860118, 3.6336304515508018, 3.627059026409422, 3.6215097635765576, 2.1930807609319944]
    ],