{
    "angle_tw_matrix_list": [
        [29.999999999999996, 35.0, 40.0, 45.0, 50.0, 55.0, 59.99999999999999, 65.0, 70.0, 75.0, 80.0, 85.0, 90.0, 95.0, 100.0, 105.00000000000001, 110.0, 115.0, 119.99999999999999, 125.00000000000001, 130.0, 135.0, 140.0, 145.0, 150.0, 155.0, 160.0, 165.0, 170.0, 175.0, 180.0],
        [29.999999999999996, 35.0, 40.0, 45.0, 50.0, 55.0, 59.99999999999999, 65.0, 70.0, 75.0, 80.0, 85.0, 90.0, 95.0, 100.0, 105.00000000000001, 110.0, 115.0, 119.99999999999999, 125.00000000000001, 130.0, 135.0, 140.0, 145.0, 150.0, 155.0, 160.0, 165.0, 170.0, 175.0, 180.0],
        [29.999999999999996, 35.0, 40.0, 45.0, 50.0, 55.0, 59.99999999999999, 65.0, 70.0, 75.0, 80.0, 85.0, 90.0, 95.0, 100.0, 105.00000000000001, 110.0, 115.0, 119.99999999999999, 125.00000000000001, 130.0, 135.0, 140.0, 145.0, 150.0, 155.0, 160.0, 165.0, 170.0, 175.0, 180.0],
        [29.999999999999996, 35.0, 40.0, 45.0, 50.0, 55.0, 59.99999999999999, 65.0, 70.0, 75.0, 80.0, 85.0, 90.0, 95.0, 100.0, 105.00000000000001, 110.0, 115.0, 119.99999999999999, 125.00000000000001, 130.0, 135.0, 140.0, 145.0, 150.0, 155.0, 160.0, 165.0, 170.0, 175.0, 180.0],
        [29.999999999999996, 35.0, 40.0, 45.0, 50.0, 55.0, 59.99999999999999, 65.0, 70.0, 75.0, 80.0, 85.0, 90.0, 95.0, 100.0, 105.00000000000001, 110.0, 115.0, 119.99999999999999, 125.00000000000001, 130.0, 135.0, 140.0, 145.0, 150.0, 155.0, 160.0, 165.0, 170.0, 175.0, 180.0],
        [29.999999999999996, 35.0, 40.0, 45.0, 50.0, 55.0, 59.99999999999999, 65.0, 70.0, 75.0, 80.0, 85.0, 90.0, 95.0, 100.0, 105.00000000000001, 110.0, 115.0, 119.99999999999999, 125.00000000000001, 130.0, 135.0, 140.0, 145.0, 150.0, 155.0, 160.0, 165.0, 170.0, 175.0, 180.0]
    ],
    "velocity_boat_matrix_list": [
        [1.7956201502249036, 2.1331754760014356, 2.3848680657278645, 2.556671113766802, 2.591358622644962, 2.683483212223233, 2.7353234518928766, 2.7772529760676457, 2.8046197653529226, 2.817373838222133, 2.8158366609011933, 2.800693657846416, 2.772969281376795, 2.7316671474841026, 2.6566637311855534, 2.5761021901987537, 2.55667112503833, 2.365264954143728, 2.158372718927958, 1.9320207700358487, 1.711515564802444, 1.6039729261117603, 1.5415722736982487, 1.5054781585263883, 1.4864959302510339, 1.476845213540754, 1.4755408473055356, 1.4759634101264476, 1.4684346683556149, 1.4665705279632044, 0.776476369602528],
        [2.339505612422028, 2.5886781617503565, 2.8203416763662794, 3.014531251152571, 3.1699969193961453, 3.2768918692011257, 3.3473267566652996, 3.404393759392908, 3.4422099439389093, 3.4609760593415166, 3.4594133661353745, 3.4400293867738827, 3.404322354017262, 3.3237619101827334, 3.2259702590106176, 3.097521914806768, 2.9031440025159343, 2.7168579834095716, 2.5566763241404935, 2.4673554388897543, 2.2743380091246284, 2.1674735547114827, 2.102007316739959, 2.053967757197567, 2.0205648277044883, 2.0019642342723554, 1.998140526797155, 1.9991736115196315, 1.985930292114058, 1.9824161517900571, 1.1545672212045741],
        [2.6651454853733423, 3.035435126890211, 3.309143053344367, 3.5321208816033898, 3.6393413644556527, 3.6898804059444497, 3.7298609180203766, 3.761310753774226, 3.7816063501395782, 3.7922448407199743, 3.7934312857017485, 3.7857253987862953, 3.75374262639227, 3.710837127024045, 3.6586280929774158, 3.5839391934378892, 3.3622410370247624, 3.1522474014563033, 2.9394024355399426, 2.747635642794554, 2.609751379175384, 2.556672193440503, 2.55664429320026, 2.500042158261962, 2.4674985541658523, 2.4514767139298423, 2.4500781490341415, 2.45121381806819, 2.4383949474843187, 2.435407547243622, 1.3544512377608915],
        [3.033916151899473, 3.4256319359843896, 3.647070107066796, 3.7620812699373904, 3.856814453036175, 3.9274869528557206, 3.984715096245208, 4.0334311207782445, 4.069907691234455, 4.092488053848657, 4.09676891608916, 4.07799539250774, 4.030268722637976, 3.9716649245932985, 3.870033754871021, 3.769019138210667, 3.671413718836627, 3.579462057527106, 3.330295933755622, 3.1358378073572255, 2.991629182948244, 2.9081145263320125, 2.8449090303641005, 2.80334585534732, 2.7819555036859525, 2.774416470705333, 2.779542664173004, 2.7800442940710735, 2.770548127941444, 2.7695579887515382, 1.5902096429728705],
        [3.3287356820885967, 3.6732069117185917, 3.832321554965061, 3.981824337887104, 4.094340257365906, 4.1517521085686315, 4.199104251270751, 4.239963001526133, 4.27156856371037, 4.293541499307097, 4.302385591760276, 4.281446386020549, 4.245764463703267, 4.182601080678936, 4.105987214544705, 3.985860031661385, 3.8605892532134085, 3.7442006991432812, 3.6387760130264066, 3.510861560425086, 3.364110144957062, 3.280483388326399, 3.2176721512866946, 3.178548971693845, 3.1594380436964693, 3.1549201976942287, 3.1638347221684047, 3.164240603020587, 3.155283718572439, 3.1552114898022054, 1.8890652753427482],
        [3.593911842799572, 3.831279803434259, 4.028802628148291, 4.168382672594528, 4.251954842141797, 4.325865394881692, 4.38812614735331, 4.442729862915801, 4.486312129961753, 4.518245028294108, 4.521931757584793, 4.500972835412003, 4.457577342397175, 4.3655641748845415, 4.269794955858867, 4.174840309100547, 4.07850563924964, 3.9348558410603474, 3.8115335608461023, 3.7134304231741244, 3.6570179214389955, 3.616495157328289, 3.585104842096904, 3.549995618906126, 3.530978153237147, 3.529500532970071, 3.5440045208518867, 3.5445886778108675, 3.5353518890174565, 3.535557803377613, 2.153147245762213]
    ],