{
    "angle_tw_matrix_list": [
        [29.999999999999996, 35.0, 40.0, 45.0, 50.0, 55.0, 59.99999999999999, 65.0, 70.0, 75.0, 80.0, 85.0, 90.0, 95.0, 100.0, 105.00000000000001, 110.0, 115.0, 119.99999999999999, 125.00000000000001, 130.0, 135.0, 140.0, 145.0, 150.0, 155.0, 160.0, 165.0, 170.0, 175.0, 180.0],
        [29.999999999999996, 35.0, 40.0, 45.0, 50.0, 55.0, 59.99999999999999, 65.0, 70.0, 75.0, 80.0, 85.0, 90.0, 95.0, 100.0, 105.00000000000001, 110.0, 115.0, 119.99999999999999, 125.00000000000001, 130.0, 135.0, 140.0, 145.0, 150.0, 155.0, 160.0, 165.0, 170.0, 175.0, 180.0],
        [29.999999999999996, 35.0, 40.0, 45.0, 50.0, 55.0, 59.99999999999999, 65.0, 70.0, 75.0, 80.0, 85.0, 90.0, 95.0, 100.0, 105.00000000000001, 110.0, 115.0, 119.99999999999999, 125.00000000000001, 130.0, 135.0, 140.0, 145.0, 150.0, 155.0, 160.0, 165.0, 170.0, 175.0, 180.0],
        [29.999999999999996, 35.0, 40.0, 45.0, 50.0, 55.0, 59.99999999999999, 65.0, 70.0, 75.0, 80.0, 85.0, 90.0, 95.0, 100.0, 105.00000000000001, 110.0, 115.0, 119.99999999999999, 125.00000000000001, 130.0, 135.0, 140.0, 145.0, 150.0, 155.0, 160.0, 165.0, 170.0, 175.0, 180.0],
        [29.999999999999996, 35.0, 40.0, 45.0, 50.0, 55.0, 59.99999999999999, 65.0, 70.0, 75.0, 80.0, 85.0, 90.0, 95.0, 100.0, 105.00000000000001, 110.0, 115.0, 119.99999999999999, 125.00000000000001, 130.0, 135.0, 140.0, 145.0, 150.0, 155.0, 160.0, 165.0, 170.0, 175.0, 180.0],
        [29.999999999999996, 35.0, 40.0, 45.0, 50.0, 55.0, 59.99999999999999, 65.0, 70.0, 75.0, 80.0, 85.0, 90.0, 95.0, 100.0, 105.00000000000001, 110.0, 115.0, 119.99999999999999, 125.00000000000001, 130.0, 135.0, 140.0, 145.0, 150.0, 155.0, 160.0, 165.0, 170.0, 175.0, 180.0]
    ],
    "velocity_boat_matrix_list": [
        [1.914846783456815, 2.2045979450290654, 2.455335114377157, 2.537376550603584, 2.6199192520911385, 2.70294189642803, 2.7481413722046963, 2.7842582037742005, 2.8070861617341176, 2.8166238785629685, 2.813205199235112, 2.797490176714819, 2.770439696968873, 2.73113156639001, 2.6624145894123097, 2.588745413179547, 2.537378119341457, 2.410902465184324, 2.198687108303163, 2.009202042316422, 1.7684345576547005, 1.643935041812167, 1.5762165762900924, 1.5283664928544118, 1.506202209766039, 1.4951400224285958, 1.4928293081446538, 1.4932325294858453, 1.4851796480871196, 1.4830482445785047, 0.6756064536528577],
        [2.431181068056648, 2.629982614628784, 2.8413376709447817, 3.0163745039038576, 3.161727780308724, 3.2653544127193053, 3.3331052161248356, 3.3874499675653453, 3.4225687662740514, 3.438453153061091, 3.434955019455998, 3.413260426709247, 3.375453464218559, 3.291054165575317, 3.19265037502714, 3.0593138747170148, 2.879328099652883, 2.7117766998614066, 2.562497823881997, 2.4984151788053963, 2.2982989126206195, 2.1849191206529817, 2.1166573743985153, 2.0665537115500334, 2.037499451160696, 2.0193890737324387, 2.0142298207897076, 2.015176020772286, 2.001212600974204, 1.9973616205550697, 1.007747815788754],
        [2.714779109698789, 3.0495630594433014, 3.313932125157964, 3.531878020447115, 3.6248655740877735, 3.6772854672898245, 3.7185818269757234, 3.751372161696012, 3.771807380997693, 3.781951107790468, 3.7820271800162373, 3.77248062471077, 3.737321551656739, 3.6908419733863345, 3.6330150270377817, 3.5524155863011426, 3.3208403044647232, 3.1116580718650035, 2.9089713020983794, 2.7353485404035713, 2.608709715094244, 2.5441199893311564, 2.5373755607508968, 2.506112645385521, 2.472095455944643, 2.455141901798083, 2.453211651438339, 2.454173801238378, 2.4410306048241717, 2.4379421728240382, 1.3424814146455057],
        [3.0632167689225627, 3.43879170012728, 3.638744277258554, 3.7580947735178944, 3.8572118489618195, 3.930726247537493, 3.990117401600619, 4.040556050379029, 4.070529093321706, 4.0846733082833, 4.08911022624663, 4.074340972367546, 4.033218814182955, 3.970001322933738, 3.859810999096527, 3.7505259926046572, 3.645240062368048, 3.535453494526577, 3.2869134058307745, 3.0953675526125912, 2.9589665740969533, 2.880436179278749, 2.8208874665787183, 2.781968042075621, 2.761875971032952, 2.754960987625005, 2.760128855674612, 2.7602394971567414, 2.751365844410197, 2.7505763914775234, 1.5585199987991818],
        [3.3581179643799164, 3.6702199740138166, 3.8363456983851507, 3.9911488162691446, 4.090761039268258, 4.148759017798508, 4.196639183797354, 4.237945803223327, 4.269832162350335, 4.291859660765029, 4.300698800356282, 4.280139319063331, 4.242844937534911, 4.176716711051066, 4.096448217151156, 3.982819777890446, 3.8472609654621057, 3.7217488430484713, 3.60848780783948, 3.4667884237232007, 3.3243641465721216, 3.240272519480309, 3.1774577818973655, 3.1392011654534198, 3.120729583029467, 3.1169962298039655, 3.1267698362955256, 3.1265725606427077, 3.1179791455591204, 3.1182327099090466, 1.8402362345874683],
        [3.5941073559927914, 3.8400273781392356, 4.044208922366538, 4.16719849871941, 4.252921208773006, 4.327708061686303, 4.390616462215249, 4.445907230355596, 4.49014562336324, 4.522560966293073, 4.527071268948653, 4.50588103885855, 4.463050766779471, 4.3670033461058715, 4.266664586053363, 4.1670718285993615, 4.071311408531731, 3.924542997550825, 3.7919804808921986, 3.6869615784411303, 3.627417170735897, 3.58380996169773, 3.5479102661633717, 3.5065471450400696, 3.4881837281367503, 3.487594235821542, 3.503130220417688, 3.502535608206876, 3.493384682100305, 3.494575886961931, 2.10021029574235]
    ],