{
    "angle_tw_matrix_list": [
        [29.999999999999996, 35.0, 40.0, 45.0, 50.0, 55.0, 59.99999999999999, 65.0, 70.0, 75.0, 80.0, 85.0, 90.0, 95.0, 100.0, 105.00000000000001, 110.0, 115.0, 119.99999999999999, 125.00000000000001, 130.0, 135.0, 140.0, 145.0, 150.0, 155.0, 160.0, 165.0, 170.0, 175.0, 180.0],
        [29.999999999999996, 35.0, 40.0, 45.0, 50.0, 55.0, 59.99999999999999, 65.0, 70.0, 75.0, 80.0, 85.0, 90.0, 95.0, 100.0, 105.00000000000001, 110.0, 115.0, 119.99999999999999, 125.00000000000001, 130.0, 135.0, 140.0, 145.0, 150.0, 155.0, 160.0, 165.0, 170.0, 175.0, 180.0],
        [29.999999999999996, 35.0, 40.0, 45.0, 50.0, 55.0, 59.99999999999999, 65.0, 70.0, 75.0, 80.0, 85.0, 90.0, 95.0, 100.0, 105.00000000000001, 110.0, 115.0, 119.99999999999999, 125.00000000000001, 130.0, 135.0, 140.0, 145.0, 150.0, 155.0, 160.0, 165.0, 170.0, 175.0, 180.0],
        [29.999999999999996, 35.0, 40.0, 45.0, 50.0, 55.0, 59.99999999999999, 65.0, 70.0, 75.0, 80.0, 85.0, 90.0, 95.0, 100.0, 105.00000000000001, 110.0, 115.0, 119.99999999999999, 125.00000000000001, 130.0, 135.0, 140.0, 145.0, 150.0, 155.0, 160.0, 165.0, 170.0, 175.0, 180.0],
        [29.999999999999996, 35.0, 40.0, 45.0, 50.0, 55.0, 59.99999999999999, 65.0, 70.0, 75.0, 80.0, 85.0, 90.0, 95.0, 100.0, 105.00000000000001, 110.0, 115.0, 119.99999999999999, 125.00000000000001, 130.0, 135.0, 140.0, 145.0, 150.0, 155.0, 160.0, 165.0, 170.0, 175.0, 180.0],
        [29.999999999999996, 35.0, 40.0, 45.0, 50.0, 55.0, 59.99999999999999, 65.0, 70.0, 75.0, 80.0, 85.0, 90.0, 95.0, 100.0, 105.00000000000001, 110.0, 115.0, 119.99999999999999, 125.00000000000001, 130.0, 135.0, 140.0, 145.0, 150.0, 155.0, 160.0, 165.0, 170.0, 175.0, 180.0]
    ],
    "velocity_boat_matrix_list": [
        [1.8978418210134969, 2.141412070524391, 2.343518782674571, 2.50299411151928, 2.540014255313028, 2.623604288903774, 2.6734937268927945, 2.7139119291917537, 2.7405849836581533, 2.7534420781141873, 2.7527718469854725, 2.739214017603931, 2.7137333722965424, 2.670547603235587, 2.6014561628379775, 2.5271009912502698, 2.4993786381707808, 2.326596047209605, 2.1721263472197387, 2.0374298165343627, 1.8680560050847994, 1.7481732862992447, 1.68637314141469, 1.6403122973183781, 1.6108184543954491, 1.5942469657593616, 1.5874758456629674, 1.588131974000228, 1.5778646984626816, 1.5743719706416794, 0.5654658009952032],
        [2.3140899454516894, 2.54371382037247, 2.759173303340519, 2.9433487553951956, 3.0732126563165303, 3.140846588621176, 3.1889178721304203, 3.2280009895193515, 3.2543511992112326, 3.2683005074486147, 3.268592345793852, 3.256965494975328, 3.2286677636380503, 3.1728197109177723, 3.110208681585393, 3.0196641345291177, 2.8329077313611175, 2.6601709041599095, 2.514236270186318, 2.416818094820829, 2.267302598568537, 2.178806686208432, 2.1225100504761203, 2.080386985645975, 2.055276408117457, 2.041510202938146, 2.037553908833112, 2.0384593657321997, 2.0286972831265566, 2.025857180122536, 0.9635318839432753],
        [2.6206154187617057, 2.956204516223594, 3.152216132032094, 3.3060200403477964, 3.440570488265209, 3.5287621914731724, 3.567744346857319, 3.6006278322122114, 3.624820632869529, 3.638791821149828, 3.641047606043814, 3.6334876552100326, 3.600825696457835, 3.5617757387581466, 3.4889057681052793, 3.3378665790566777, 3.1942013193857175, 3.0612745853506227, 2.8788334350357525, 2.70220200993129, 2.5770963180711846, 2.5142365303893897, 2.5142351509354324, 2.4679962650203593, 2.441086047983249, 2.428338610132484, 2.4283420024909326, 2.429476592273099, 2.4184339856876504, 2.4161802471843776, 1.5107986017041037],
        [2.9421380430603516, 3.2397775008510172, 3.4608194963612977, 3.5972265862517334, 3.683109941414609, 3.7510455602840644, 3.806795312048353, 3.8546178593165124, 3.8911364655556504, 3.9158487174118553, 3.928510630378725, 3.906873341434555, 3.86469048561747, 3.801135792276834, 3.707009168241346, 3.61332159666556, 3.5227987157920073, 3.3461877685614363, 3.1873599709222247, 3.062537540962456, 2.949786173315316, 2.8705233425231453, 2.810833694036782, 2.7724950758935027, 2.753307081261797, 2.747470068284241, 2.75385405245155, 2.754420868102682, 2.7456487547292427, 2.7451896068503387, 1.7415998287133594],
        [3.170494140239805, 3.5082350137771265, 3.6613767916218953, 3.8017283349932436, 3.906495042647875, 3.997226033626631, 4.053308527657883, 4.093339096402974, 4.124866689677286, 4.147466442625177, 4.154072069282504, 4.138330775450786, 4.110735709782857, 4.04721316296451, 3.9423363577909534, 3.820823718725446, 3.7047283193201683, 3.596910714964801, 3.4811448146517403, 3.330687766493275, 3.2423150556356273, 3.1839634713133944, 3.139819264193695, 3.1133763480663825, 3.101035901449259, 3.0996805637694864, 3.1086685104619862, 3.108905800728241, 3.102675290404351, 3.103324077130557, 1.9915251223774868],
        [3.370779250904508, 3.6585433596536094, 3.8430717035955584, 4.016916595980379, 4.097733501506474, 4.168548834319372, 4.228848184389526, 4.282284323615731, 4.325667974064106, 4.3583302952530865, 4.360470361294416, 4.344273753438947, 4.30280874368141, 4.220193461542537, 4.132018967796706, 4.044090271672329, 3.9144796228772765, 3.7814085024252067, 3.6701680377634616, 3.5809793886724597, 3.534702813915061, 3.48054011885205, 3.431896506370061, 3.4068692962472378, 3.397399621181062, 3.4011602024071474, 3.4167071429020517, 3.4160190126497554, 3.4102699413363555, 3.4123925082449467, 2.185624807778125]
    ],