{
    "angle_tw_matrix_list": [
        [29.999999999999996, 35.0, 40.0, 45.0, 50.0, 55.0, 59.99999999999999, 65.0, 70.0, 75.0, 80.0, 85.0, 90.0, 95.0, 100.0, 105.00000000000001, 110.0, 115.0, 119.99999999999999, 125.00000000000001, 130.0, 135.0, 140.0, 145.0, 150.0, 155.0, 160.0, 165.0, 170.0, 175.0, 180.0],
        [29.999999999999996, 35.0, 40.0, 45.0, 50.0, 55.0, 59.99999999999999, 65.0, 70.0, 75.0, 80.0, 85.0, 90.0, 95.0, 100.0, 105.00000000000001, 110.0, 115.0, 119.99999999999999, 125.00000000000001, 130.0, 135.0, 140.0, 145.0, 150.0, 155.0, 160.0, 165.0, 170.0, 175.0, 180.0],
        [29.999999999999996, 35.0, 40.0, 45.0, 50.0, 55.0, 59.99999999999999, 65.0, 70.0, 75.0, 80.0, 85.0, 90.0, 95.0, 100.0, 105.00000000000001, 110.0, 115.0, 119.99999999999999, 125.00000000000001, 130.0, 135.0, 140.0, 145.0, 150.0, 155.0, 160.0, 165.0, 170.0, 175.0, 180.0],
        [29.999999999999996, 35.0, 40.0, 45.0, 50.0, 55.0, 59.99999999999999, 65.0, 70.0, 75.0, 80.0, 85.0, 90.0, 95.0, 100.0, 105.00000000000001, 110.0, 115.0, 119.99999999999999, 125.00000000000001, 130.0, 135.0, 140.0, 145.0, 150.0, 155.0, 160.0, 165.0, 170.0, 175.0, 180.0],
        [29.999999999999996, 35.0, 40.0, 45.0, 50.0, 55.0, 59.99999999999999, 65.0, 70.0, 75.0, 80.0, 85.0, 90.0, 95.0, 100.0, 105.00000000000001, 110.0, 115.0, 119.99999999999999, 125.00000000000001, 130.0, 135.0, 140.0, 145.0, 150.0, 155.0, 160.0, 165.0, 170.0, 175.0, 180.0],
        [29.999999999999996, 35.0, 40.0, 45.0, 50.0, 55.0, 59.99999999999999, 65.0, 70.0, 75.0, 80.0, 85.0, 90.0, 95.0, 100.0, 105.00000000000001, 110.0, 115.0, 119.99999999999999, 125.00000000000001, 130.0, 135.0, 140.0, 145.0, 150.0, 155.0, 160.0, 165.0, 170.0, 175.0, 180.0]
    ],
    "velocity_boat_matrix_list": [
        [2.0597145723667705, 2.329742637536695, 2.5482518806983756, 2.711383496889533, 2.846882836363115, 2.969292394867355, 3.0568862432450152, 3.104660074035989, 3.136396794396755, 3.1518700393327745, 3.1512325918625277, 3.1350856551400375, 3.104473048618952, 3.059863983793183, 2.9982388598847707, 2.8885844707711037, 2.774862293632833, 2.626641547699184, 2.510194053485806, 2.273572685525956, 2.083631265432916, 1.896280004805746, 1.7891064676210253, 1.722157687096173, 1.6778368257796998, 1.6529199568660693, 1.6412140184649544, 1.641109959697645, 1.6279446367366652, 1.622780440915485, 0.78676940510439],
        [2.517030906341479, 2.773235153066824, 3.0414693012075036, 3.2326510579069825, 3.4063535218495438, 3.5554994632283976, 3.6050991003573643, 3.646164342526352, 3.6772195232505918, 3.69763420096875, 3.7070346305447868, 3.705293988874715, 3.68595574875822, 3.6559225908418918, 3.59733817697694, 3.515393070118005, 3.315712417964767, 3.093795771784247, 2.868058497805366, 2.666320557770738, 2.5324045116479903, 2.3675244677244, 2.282275022658709, 2.2186933281992802, 2.177161700862013, 2.1536262614239736, 2.143479647152569, 2.1444663490662053, 2.1304316081907584, 2.1254250321656034, 1.229384104636243],
        [2.808262898442622, 3.1531923555376626, 3.462327985287384, 3.6328087233560042, 3.7552716582801318, 3.856321637046592, 3.9268101625909275, 3.9893694350571454, 4.038614439095954, 4.065288439184912, 4.077821975715915, 4.080836605576084, 4.0732676123862035, 4.030256876856675, 3.94676336703928, 3.830101662342917, 3.693691413823868, 3.564886938043221, 3.307591858309165, 3.06890095562461, 2.868367820590456, 2.748343645143013, 2.67564311941143, 2.6212987316331264, 2.5884523896448437, 2.570433433513452, 2.5650728280855084, 2.5666078480456944, 2.554229815773046, 2.5504941424401735, 1.5447697112777534],
        [3.0922863836990118, 3.48648398973833, 3.716674307806, 3.8880531055957537, 4.050256997586427, 4.1297386718127935, 4.192124289034175, 4.2484412201012205, 4.294073126780734, 4.328348245006961, 4.350876289679308, 4.361224205850489, 4.336872557145029, 4.296622863269767, 4.225357484358282, 4.11830926785924, 3.9816763490995277, 3.8088724282306363, 3.653732700508192, 3.4840712604450963, 3.264736519968782, 3.151780090530704, 3.073936423243164, 3.0149312313907877, 2.9804645171756516, 2.963590282371015, 2.9628660782293372, 2.965146930308691, 2.9515901000441023, 2.9484761916442297, 1.8332367745139606],
        [3.3262672529024777, 3.685033587382867, 3.931983863216602, 4.11313381085302, 4.244461771281112, 4.340503702761853, 4.424048756809703, 4.500704704302752, 4.563215092803891, 4.597032226919343, 4.6207217609238596, 4.624906725155344, 4.607379790743078, 4.578522826856878, 4.482435603900618, 4.34518246452841, 4.2081259978806145, 4.078911018773171, 3.900651325476002, 3.740329271292769, 3.62098390183649, 3.5580894129686507, 3.4772371998559826, 3.4138849102903412, 3.3808495162953367, 3.3670308617180047, 3.3706004657715583, 3.37413520998946, 3.36126797692718, 3.3595057342535277, 2.1044303087186464],
        [3.5325861361905515, 3.846868238454739, 4.108935972821079, 4.278028045291525, 4.434741065257845, 4.556214868375733, 4.629278519848348, 4.695829535061126, 4.75305298689665, 4.800100786082158, 4.836172972861653, 4.83514805817637, 4.818079848951346, 4.766459762015094, 4.686759395602982, 4.586659533748109, 4.435222715331104, 4.275748818224962, 4.132845894743507, 4.0010007623097055, 3.8808116038348874, 3.8105792933712137, 3.7564737125288, 3.721063707118462, 3.7029385105026345, 3.6982478916143, 3.7024615495515265, 3.700584356816178, 3.6910826328085142, 3.683503017063732, 2.337128114961825]
    ],