{
    "angle_tw_matrix_list": [
        [29.999999999999996, 35.0, 40.0, 45.0, 50.0, 55.0, 59.99999999999999, 65.0, 70.0, 75.0, 80.0, 85.0, 90.0, 95.0, 100.0, 105.00000000000001, 110.0, 115.0, 119.99999999999999, 125.00000000000001, 130.0, 135.0, 140.0, 145.0, 150.0, 155.0, 160.0, 165.0, 170.0, 175.0, 180.0],
        [29.999999999999996, 35.0, 40.0, 45.0, 50.0, 55.0, 59.99999999999999, 65.0, 70.0, 75.0, 80.0, 85.0, 90.0, 95.0, 100.0, 105.00000000000001, 110.0, 115.0, 119.99999999999999, 125.00000000000001, 130.0, 135.0, 140.0, 145.0, 150.0, 155.0, 160.0, 165.0, 170.0, 175.0, 180.0],
        [29.999999999999996, 35.0, 40.0, 45.0, 50.0, 55.0, 59.99999999999999, 65.0, 70.0, 75.0, 80.0, 85.0, 90.0, 95.0, 100.0, 105.00000000000001, 110.0, 115.0, 119.99999999999999, 125.00000000000001, 130.0, 135.0, 140.0, 145.0, 150.0, 155.0, 160.0, 165.0, 170.0, 175.0, 180.0],
        [29.999999999999996, 35.0, 40.0, 45.0, 50.0, 55.0, 59.99999999999999, 65.0, 70.0, 75.0, 80.0, 85.0, 90.0, 95.0, 100.0, 105.00000000000001, 110.0, 115.0, 119.99999999999999, 125.00000000000001, 130.0, 135.0, 140.0, 145.0, 150.0, 155.0, 160.0, 165.0, 170.0, 175.0, 180.0],
        [29.999999999999996, 35.0, 40.0, 45.0, 50.0, 55.0, 59.99999999999999, 65.0, 70.0, 75.0, 80.0, 85.0, 90.0, 95.0, 100.0, 105.00000000000001, 110.0, 115.0, 119.99999999999999, 125.00000000000001, 130.0, 135.0, 140.0, 145.0, 150.0, 155.0, 160.0, 165.0, 170.0, 175.0, 180.0],
        [29.999999999999996, 35.0, 40.0, 45.0, 50.0, 55.0, 59.99999999999999, 65.0, 70.0, 75.0, 80.0, 85.0, 90.0, 95.0, 100.0, 105.00000000000001, 110.0, 115.0, 119.99999999999999, 125.00000000000001, 130.0, 135.0, 140.0, 145.0, 150.0, 155.0, 160.0, 165.0, 170.0, 175.0, 180.0]
    ],
    "velocity_boat_matrix_list": [
        [2.0684212727507685, 2.362103426428518, 2.5093496500283736, 2.669544376128635, 2.8052806414740266, 2.9281659198829706, 2.995926687082057, 3.0396614489681686, 3.0700716478543533, 3.0866271613623875, 3.085451876508495, 3.0672590231727006, 3.033340047855908, 2.988520615005025, 2.9258443913894516, 2.8039994623445987, 2.67972705160834, 2.507384623005263, 2.4472230275342888, 2.194797256873545, 1.9898852017755608, 1.798556357993211, 1.7123613133830298, 1.6505645218924825, 1.6121743934065986, 1.5913315263987207, 1.5832543467217524, 1.584059203369313, 1.5718579057001976, 1.5678427111999935, 0.7733082399570045],
        [2.463335602862995, 2.7477791338452944, 3.0100798508206257, 3.1810503915378114, 3.3401527661585484, 3.44955921100922, 3.485887383264801, 3.516823475395431, 3.539484352757992, 3.553482130095813, 3.558649411667346, 3.554992559472339, 3.5427470516498576, 3.51655782219351, 3.466992465625085, 3.389904747079336, 3.1857187521006316, 2.9874568172252993, 2.7615585080070106, 2.554088708388671, 2.4472233101026415, 2.3190056761007454, 2.2321502923262506, 2.1685124661945037, 2.1288665051407856, 2.107137233552374, 2.099205514402737, 2.1006248389721747, 2.0872232771303665, 2.082957505978527, 1.2036351936451604],
        [2.808452658668375, 3.1364877108966094, 3.4223964653946095, 3.530298615790946, 3.6293950256484155, 3.70195746602078, 3.757099495298087, 3.805121258146641, 3.842143039310847, 3.8674722264599732, 3.8806001808351067, 3.8812355842995934, 3.856791927854487, 3.808351236695635, 3.7482652747360574, 3.638564024069437, 3.5296501442324337, 3.4278103009257856, 3.178275691240397, 2.9675159859326583, 2.7754661307027035, 2.6670609734187285, 2.596847117164871, 2.5454120601421355, 2.516696133022951, 2.501899435856925, 2.4997397605350384, 2.501612219209755, 2.49046019261775, 2.4878044832908315, 1.4281977891002227],
        [3.1029199713386055, 3.452792089813211, 3.616406382709461, 3.7574992282439665, 3.886430838628314, 3.955353027638399, 4.004431387443873, 4.047888667897165, 4.082758857945006, 4.108475635324005, 4.124452537552834, 4.122806773724695, 4.096979756811535, 4.06075364001889, 3.99299471782196, 3.903033023232732, 3.755432236507117, 3.6200601108755426, 3.498957370279395, 3.34643065352644, 3.1552693135020595, 3.0665376128329704, 2.998717347089431, 2.9508436302928, 2.9227209583333127, 2.909159869011128, 2.9114461943167167, 2.9144987011173815, 2.902262341037559, 2.8987016045250416, 1.711305039789167],
        [3.353489930387496, 3.6118193089627675, 3.81134210176733, 3.9633551341806252, 4.062563729926563, 4.140008404607804, 4.2072423185900165, 4.267225979562684, 4.317198918395362, 4.356218664651692, 4.383459553770612, 4.373093991602404, 4.345519998333791, 4.286144240473154, 4.194881378738607, 4.088983998472604, 3.978170526205019, 3.8482507121630554, 3.695759486292235, 3.574961834571497, 3.4896699403170284, 3.441023184358773, 3.3783658623523674, 3.32639040712169, 3.3006395150113814, 3.2925496877188616, 3.2954804774043933, 3.292575582849584, 3.2783528108169615, 3.2747387713605107, 1.9987682903257356],
        [3.500364751013424, 3.7661373424389732, 3.973209824079156, 4.114459782349228, 4.232508143012235, 4.330948705251377, 4.42627102579602, 4.491819512156569, 4.547708780640279, 4.59273378291239, 4.617962911031052, 4.611177940087833, 4.589593824518796, 4.518335316614744, 4.431922917169874, 4.296706720814235, 4.159065452999929, 4.033037762414961, 3.9235821707409526, 3.7884112497664093, 3.7078782277178703, 3.654837911084511, 3.6147903890384523, 3.590896491079478, 3.576098492964653, 3.5685687407548166, 3.5715789674655616, 3.568543601232097, 3.5608585077625583, 3.5595015577689275, 2.236755575544224]
    ],