{
    "angle_tw_matrix_list": [
        [29.999999999999996, 35.0, 40.0, 45.0, 50.0, 55.0, 59.99999999999999, 65.0, 70.0, 75.0, 80.0, 85.0, 90.0, 95.0, 100.0, 105.00000000000001, 110.0, 115.0, 119.99999999999999, 125.00000000000001, 130.0, 135.0, 140.0, 145.0, 150.0, 155.0, 160.0, 165.0, 170.0, 175.0, 180.0],
        [29.999999999999996, 35.0, 40.0, 45.0, 50.0, 55.0, 59.99999999999999, 65.0, 70.0, 75.0, 80.0, 85.0, 90.0, 95.0, 100.0, 105.00000000000001, 110.0, 115.0, 119.99999999999999, 125.00000000000001, 130.0, 135.0, 140.0, 145.0, 150.0, 155.0, 160.0, 165.0, 170.0, 175.0, 180.0],
        [29.999999999999996, 35.0, 40.0, 45.0, 50.0, 55.0, 59.99999999999999, 65.0, 70.0, 75.0, 80.0, 85.0, 90.0, 95.0, 100.0, 105.00000000000001, 110.0, 115.0, 119.99999999999999, 125.00000000000001, 130.0, 135.0, 140.0, 145.0, 150.0, 155.0, 160.0, 165.0, 170.0, 175.0, 180.0],
        [29.999999999999996, 35.0, 40.0, 45.0, 50.0, 55.0, 59.99999999999999, 65.0, 70.0, 75.0, 80.0, 85.0, 90.0, 95.0, 100.0, 105.00000000000001, 110.0, 115.0, 119.99999999999999, 125.00000000000001, 130.0, 135.0, 140.0, 145.0, 150.0, 155.0, 160.0, 165.0, 170.0, 175.0, 180.0],
        [29.999999999999996, 35.0, 40.0, 45.0, 50.0, 55.0, 59.99999999999999, 65.0, 70.0, 75.0, 80.0, 85.0, 90.0, 95.0, 100.0, 105.00000000000001, 110.0, 115.0, 119.99999999999999, 125.00000000000001, 130.0, 135.0, 140.0, 145.0, 150.0, 155.0, 160.0, 165.0, 170.0, 175.0, 180.0],
        [29.999999999999996, 35.0, 40.0, 45.0, 50.0, 55.0, 59.99999999999999, 65.0, 70.0, 75.0, 80.0, 85.0, 90.0, 95.0, 100.0, 105.00000000000001, 110.0, 115.0, 119.99999999999999, 125.00000000000001, 130.0, 135.0, 140.0, 145.0, 150.0, 155.0, 160.0, 165.0, 170.0, 175.0, 180.0]
    ],
    "velocity_boat_matrix_list": [
        [1.9206957954804245, 2.1996622497952507, 2.4360004752270052, 2.562601162459668, 2.6669205058393226, 2.777020606696305, 2.844511857601207, 2.8922365397438012, 2.9226867729303256, 2.935825606894978, 2.9320795414601655, 2.9123289605281357, 2.877874375055194, 2.8303802392868995, 2.749196928633714, 2.6541018980350803, 2.5626000098362307, 2.431910417462136, 2.232441189054262, 2.061272554844648, 1.85291841861579, 1.7240512770538152, 1.6575365399857331, 1.6089602575946311, 1.5793461864165161, 1.5632397135067855, 1.5576096636675305, 1.5583918774852261, 1.548111066684665, 1.544916473946883, 0.6722917548466172],
        [2.3929508350969653, 2.655561842631103, 2.9253933079908685, 3.115743488848846, 3.2351848960177, 3.330178761691491, 3.3936124068766738, 3.4427142156181403, 3.4741297920121905, 3.489111653215524, 3.488029474803266, 3.473994344933734, 3.441911483629069, 3.3769398619669344, 3.2941833403519887, 3.195151574483311, 3.0542064541031353, 2.826231041716597, 2.6271564374101013, 2.516875639800832, 2.3249617712369957, 2.21188893949134, 2.144677952685919, 2.095045689144509, 2.065566685723102, 2.0494993531064956, 2.043727299969675, 2.0451209479449513, 2.031535291288974, 2.0276976420440422, 1.0150941088319139],
        [2.733847021637407, 3.0997331133275714, 3.3158358570589073, 3.501233102270126, 3.6274220193610267, 3.681706081930894, 3.7247829885758623, 3.7610933387093715, 3.787893625748257, 3.804850562930792, 3.811820560929737, 3.80394945634244, 3.77419284191036, 3.7287322981924276, 3.6743586518230504, 3.5942232234036164, 3.4102891572679956, 3.2331958186993583, 3.075615479610166, 2.8408435143248796, 2.6752045820461214, 2.58971089913763, 2.5625992706756557, 2.522575414593446, 2.489550770945595, 2.473122777705603, 2.471357608409198, 2.4729997544324136, 2.460152212890726, 2.457265964559212, 1.4350162553944334],
        [3.078538163014785, 3.392986390378453, 3.626083562688152, 3.742577566094425, 3.84164290966976, 3.9161316156047943, 3.977791341650636, 4.030830294193423, 4.071673842651815, 4.099650445233855, 4.109301252879558, 4.102720097489132, 4.0637727524973215, 4.006129915908777, 3.8988327765084496, 3.7902660948427838, 3.685750769428108, 3.5877359103927295, 3.3772348418608367, 3.2078369849465367, 3.0852226240612795, 2.9904735071267763, 2.915199443407123, 2.8647690130537407, 2.8388016266874145, 2.828744827369785, 2.8330090802949526, 2.834517435876619, 2.823586941167486, 2.822352352046911, 1.6779495732754957],
        [3.295296523419903, 3.6381699950775674, 3.8008197723627983, 3.9511983669544235, 4.071903146747607, 4.146335773410292, 4.200873614795786, 4.248562468183473, 4.286559539368054, 4.31426368884465, 4.329501629229198, 4.313473991094176, 4.285795802323922, 4.223675682333301, 4.137882362812877, 4.020143347349652, 3.885701619468064, 3.761413723433047, 3.6494285936509803, 3.5261895277136768, 3.395082317608498, 3.318720039322969, 3.260897168405349, 3.2239468566306018, 3.2057284645333057, 3.2009396666955983, 3.2086063822767024, 3.209980142246795, 3.2017210837428776, 3.201784801603252, 1.9375237232955442],
        [3.5053456440610713, 3.7823919501923267, 3.9803149376184845, 4.144703179354736, 4.239801957135861, 4.3228821719444195, 4.394473486992271, 4.458174612865886, 4.510596146207454, 4.550828294266236, 4.564608253594507, 4.5497529934043826, 4.516747246695703, 4.429829852412101, 4.322900403143157, 4.21430660708344, 4.110117243306861, 3.96235926808393, 3.8309185885572083, 3.727254193953083, 3.666370484096409, 3.623034425394767, 3.589794765330522, 3.5542166729725855, 3.5378511613116146, 3.5376112134959383, 3.5496450084993105, 3.550392496017317, 3.542101228422496, 3.54338221660157, 2.1705325829394986]
    ],