{
    "angle_tw_matrix_list": [
        [29.999999999999996, 35.0, 40.0, 45.0, 50.0, 55.0, 59.99999999999999, 65.0, 70.0, 75.0, 80.0, 85.0, 90.0, 95.0, 100.0, 105.00000000000001, 110.0, 115.0, 119.99999999999999, 125.00000000000001, 130.0, 135.0, 140.0, 145.0, 150.0, 155.0, 160.0, 165.0, 170.0, 175.0, 180.0],
        [29.999999999999996, 35.0, 40.0, 45.0, 50.0, 55.0, 59.99999999999999, 65.0, 70.0, 75.0, 80.0, 85.0, 90.0, 95.0, 100.0, 105.00000000000001, 110.0, 115.0, 119.99999999999999, 125.00000000000001, 130.0, 135.0, 140.0, 145.0, 150.0, 155.0, 160.0, 165.0, 170.0, 175.0, 180.0],
        [29.999999999999996, 35.0, 40.0, 45.0, 50.0, 55.0, 59.99999999999999, 65.0, 70.0, 75.0, 80.0, 85.0, 90.0, 95.0, 100.0, 105.00000000000001, 110.0, 115.0, 119.99999999999999, 125.00000000000001, 130.0, 135.0, 140.0, 145.0, 150.0, 155.0, 160.0, 165.0, 170.0, 175.0, 180.0],
        [29.999999999999996, 35.0, 40.0, 45.0, 50.0, 55.0, 59.99999999999999, 65.0, 70.0, 75.0, 80.0, 85.0, 90.0, 95.0, 100.0, 105.00000000000001, 110.0, 115.0, 119.99999999999999, 125.00000000000001, 130.0, 135.0, 140.0, 145.0, 150.0, 155.0, 160.0, 165.0, 170.0, 175.0, 180.0],
        [29.999999999999996, 35.0, 40.0, 45.0, 50.0, 55.0, 59.99999999999999, 65.0, 70.0, 75.0, 80.0, 85.0, 90.0, 95.0, 100.0, 105.00000000000001, 110.0, 115.0, 119.99999999999999, 125.00000000000001, 130.0, 135.0, 140.0, 145.0, 150.0, 155.0, 160.0, 165.0, 170.0, 175.0, 180.0],
        [29.999999999999996, 35.0, 40.0, 45.0, 50.0, 55.0, 59.99999999999999, 65.0, 70.0, 75.0, 80.0, 85.0, 90.0, 95.0, 100.0, 105.00000000000001, 110.0, 115.0, 119.99999999999999, 125.00000000000001, 130.0, 135.0, 140.0, 145.0, 150.0, 155.0, 160.0, 165.0, 170.0, 175.0, 180.0]
    ],
    "velocity_boat_matrix_list": [
        [1.91302531721991, 2.1911933510984363, 2.447571882225333, 2.4679801887806443, 2.5594913335003686, 2.6352642745392023, 2.6783607960648355, 2.713339592850892, 2.736276570313587, 2.747079948686525, 2.745972206293476, 2.733485770862935, 2.7104421496727724, 2.670944366351365, 2.607171005902179, 2.5388489636154006, 2.4679782355959157, 2.4496298060603503, 2.2277199833672703, 2.0409853362622967, 1.8133848417826783, 1.6623376044395357, 1.5890224771611785, 1.537522702767423, 1.5092600530113889, 1.4947808303710506, 1.491796693037411, 1.4922800995971084, 1.4821755551442377, 1.4797322074798682, 0.755979602751832],
        [2.395710321583638, 2.555942820399113, 2.749617393101887, 2.9143118288709653, 3.0778364526958537, 3.1958962410553835, 3.2777893497781743, 3.345016257075047, 3.3901697361316496, 3.412998071096556, 3.413909255441209, 3.393460384221312, 3.3534558174460516, 3.2503360879625074, 3.133321670804587, 2.9639885216648785, 2.7992881079325196, 2.6479535269895824, 2.5127647102473345, 2.4679731500551516, 2.321421650746329, 2.203457353135138, 2.136048680673282, 2.0861140035681522, 2.0562235465347194, 2.0398133174001436, 2.0348563031666815, 2.035526655887057, 2.0244578611771233, 2.0210250604571747, 1.1683129777057162],
        [2.619521330892073, 2.9306472788898077, 3.2201489982757576, 3.4597535791635448, 3.5481814829272667, 3.6068036939979424, 3.6538244564317175, 3.69345264305506, 3.7185998345061355, 3.7327838771431368, 3.73606604427185, 3.7287652784366583, 3.689739119934391, 3.6394362638319118, 3.573101714799058, 3.486020523442846, 3.280065984878259, 3.0332773690757353, 2.8330728497919075, 2.6776010122218863, 2.566314595882179, 2.5102666032142147, 2.467977581459382, 2.467979825872038, 2.4679765649446264, 2.4679770967165955, 2.4679759260584855, 2.467976696539335, 2.4639324929457502, 2.4603325119713104, 1.3593025960355318],
        [2.924222591017432, 3.335190847127147, 3.5490658002525524, 3.679787537091284, 3.7884993511578355, 3.870749666704292, 3.938664917638945, 3.9752898039484252, 3.9999592394363996, 4.016923902637625, 4.023548742531803, 4.009227728392878, 3.9805641603068067, 3.9395188758571296, 3.82113173035836, 3.7028544129831635, 3.58868368418964, 3.481691986444546, 3.2445576129744538, 3.026945873371405, 2.8997335816709753, 2.8319572336185006, 2.7802909482711207, 2.74694784259737, 2.729839515624948, 2.724617627089143, 2.7304678139203644, 2.730547261056263, 2.722814755692297, 2.7222263066472934, 1.6156417227589852],
        [3.2242772808246385, 3.5691228851535075, 3.7465049938799324, 3.9150093128371366, 4.003038039969559, 4.062807003372308, 4.113169407189823, 4.157812859768971, 4.193690717891879, 4.220082206058653, 4.231304609577616, 4.211271111347393, 4.176355973841794, 4.110005974161477, 4.032025238804026, 3.953224581493591, 3.809991309057062, 3.6737079117660847, 3.552116165165948, 3.455647559289975, 3.3010411067595684, 3.2132802498601163, 3.1482589310747175, 3.1095927031322064, 3.091433647569117, 3.088872264225628, 3.100592222205249, 3.100587578015355, 3.092060549537805, 3.092378185112845, 1.9339073115751066],
        [3.475831656253293, 3.731034445951751, 3.9475694279012097, 4.064950660817859, 4.152122526148238, 4.229439481371678, 4.296046754434175, 4.35610486904651, 4.405850968713398, 4.45844861517245, 4.463828234235452, 4.452717240156822, 4.3895401016065385, 4.2985408231499855, 4.2018104510421965, 4.104118961815213, 4.009453990386731, 3.895725538377903, 3.752459734098142, 3.639260605695054, 3.5813650115746207, 3.537984369810903, 3.5047555050308294, 3.4853675397179504, 3.476542735820655, 3.4767598518758422, 3.4853852805731154, 3.4853980525124824, 3.480966742712832, 3.4817812127085097, 2.1618811466882506]
    ],