{
    "angle_tw_matrix_list": [
        [29.999999999999996, 35.0, 40.0, 45.0, 50.0, 55.0, 59.99999999999999, 65.0, 70.0, 75.0, 80.0, 85.0, 90.0, 95.0, 100.0, 105.00000000000001, 110.0, 115.0, 119.99999999999999, 125.00000000000001, 130.0, 135.0, 140.0, 145.0, 150.0, 155.0, 160.0, 165.0, 170.0, 175.0, 180.0],
        [29.999999999999996, 35.0, 40.0, 45.0, 50.0, 55.0, 59.99999999999999, 65.0, 70.0, 75.0, 80.0, 85.0, 90.0, 95.0, 100.0, 105.00000000000001, 110.0, 115.0, 119.99999999999999, 125.00000000000001, 130.0, 135.0, 140.0, 145.0, 150.0, 155.0, 160.0, 165.0, 170.0, 175.0, 180.0],
        [29.999999999999996, 35.0, 40.0, 45.0, 50.0, 55.0, 59.99999999999999, 65.0, 70.0, 75.0, 80.0, 85.0, 90.0, 95.0, 100.0, 105.00000000000001, 110.0, 115.0, 119.99999999999999, 125.00000000000001, 130.0, 135.0, 140.0, 145.0, 150.0, 155.0, 160.0, 165.0, 170.0, 175.0, 180.0],
        [29.999999999999996, 35.0, 40.0, 45.0, 50.0, 55.0, 59.99999999999999, 65.0, 70.0, 75.0, 80.0, 85.0, 90.0, 95.0, 100.0, 105.00000000000001, 110.0, 115.0, 119.99999999999999, 125.00000000000001, 130.0, 135.0, 140.0, 145.0, 150.0, 155.0, 160.0, 165.0, 170.0, 175.0, 180.0],
        [29.999999999999996, 35.0, 40.0, 45.0, 50.0, 55.0, 59.99999999999999, 65.0, 70.0, 75.0, 80.0, 85.0, 90.0, 95.0, 100.0, 105.00000000000001, 110.0, 115.0, 119.99999999999999, 125.00000000000001, 130.0, 135.0, 140.0, 145.0, 150.0, 155.0, 160.0, 165.0, 170.0, 175.0, 180.0],
        [29.999999999999996, 35.0, 40.0, 45.0, 50.0, 55.0, 59.99999999999999, 65.0, 70.0, 75.0, 80.0, 85.0, 90.0, 95.0, 100.0, 105.00000000000001, 110.0, 115.0, 119.99999999999999, 125.00000000000001, 130.0, 135.0, 140.0, 145.0, 150.0, 155.0, 160.0, 165.0, 170.0, 175.0, 180.0]
    ],
    "velocity_boat_matrix_list": [
        [1.920500058746266, 2.1842522277203305, 2.4326190533318957, 2.5020464785799863, 2.663220173217194, 2.8085946925072296, 2.8994676706187446, 2.967401291564853, 2.988734001113927, 2.998292055463637, 2.9984819293255636, 2.9893338157178824, 2.971877794872303, 2.9131814771679774, 2.8166886591541407, 2.689518910583378, 2.531059761880586, 2.4761565419234906, 2.29297151751445, 2.1113400633112893, 1.9539423222093317, 1.7991278896711962, 1.727861673622383, 1.675039658532852, 1.640577612935453, 1.6211844683001526, 1.6127179276924681, 1.613403112804644, 1.6019434236837728, 1.597893391977586, 0.7790276800965028],
        [2.356212219530849, 2.6081444352276573, 2.9196905899175007, 3.069166010394622, 3.1835331910506834, 3.275077696765459, 3.3382394801578714, 3.392260015350343, 3.4325087583622933, 3.4582579376598566, 3.466681543324555, 3.454363843397342, 3.4281988087526605, 3.368405910757755, 3.290953095758207, 3.197978048705743, 3.0749022501174745, 2.938123904033495, 2.66274048577719, 2.476159031479161, 2.3816552317594506, 2.256342459699951, 2.1867042467549758, 2.1348967259317093, 2.1029308249609064, 2.0853051753940157, 2.079249553539857, 2.0804486860466533, 2.068812260679375, 2.0651851844349745, 1.2221910522997081],
        [2.651166370574014, 3.0311239560945875, 3.233405870194829, 3.4077002766398086, 3.5104081007538737, 3.556699835984104, 3.5947986753316696, 3.6276333541678993, 3.6528500102072963, 3.6700953746174476, 3.679179195416341, 3.6800462093306767, 3.6546306088502423, 3.6197505053266226, 3.571960404632337, 3.507870889507454, 3.4044803869914944, 3.2376616042583257, 3.0888411446727413, 2.9408335073199185, 2.72277367302141, 2.6136815831278266, 2.539801288227133, 2.4874884907014843, 2.4761581710521496, 2.4761574049850728, 2.476156966362484, 2.476157142897862, 2.476153103663272, 2.47615642555176, 1.551526857863814],
        [2.9918790625003697, 3.2801833679442662, 3.496802456939821, 3.5956998736670807, 3.6795670497328374, 3.7437460765276813, 3.7978211266607036, 3.845337073573267, 3.8833181004053205, 3.911060798035992, 3.928104929763711, 3.9182293020424677, 3.890688470232581, 3.83995215584725, 3.7554097890882474, 3.669469033257966, 3.5857750912612407, 3.5066927842104727, 3.378635829983271, 3.2179940904364703, 3.1004253817829226, 3.0388459530992615, 2.990284336001291, 2.9423483124404406, 2.909276649630634, 2.8950543588572684, 2.8975735912749125, 2.900278475971119, 2.8869861567714517, 2.884883733814196, 1.8123962961251179],
        [3.167742594763244, 3.4931989299741573, 3.631269737991375, 3.7587613806866385, 3.8614404588525404, 3.946964168184521, 4.00045105089566, 4.043675943529588, 4.079271924617609, 4.106756791351235, 4.119643192165189, 4.109684172926751, 4.089796158256276, 4.035310880953096, 3.9667645159911897, 3.858988915294746, 3.752116755794204, 3.65239023859541, 3.562517242897707, 3.4904496291403047, 3.40252417407818, 3.3315704718686905, 3.2775291059390836, 3.242643797807964, 3.2255129274377135, 3.2211516875385438, 3.228248495644673, 3.229976593081645, 3.2220811750119176, 3.222023419567046, 2.06369787458153],
        [3.3299116303693213, 3.6002104413355207, 3.7675533160862695, 3.9256453584804007, 4.020217786839147, 4.0929733101570465, 4.157001776074943, 4.214762988859939, 4.263669768791525, 4.303015166770673, 4.314618362844937, 4.3069567017418935, 4.274077829407766, 4.206284218986785, 4.121901160640877, 4.035030224845512, 3.9440510159107007, 3.821408929791676, 3.7177662042155446, 3.6345731325610617, 3.589921208849364, 3.555995922356236, 3.530044208445883, 3.5151204387123793, 3.508587809321378, 3.50926741126761, 3.515372916638013, 3.513815631929432, 3.509035341948902, 3.5086973205678467, 2.2898995406855884]
    ],