{
    "angle_tw_matrix_list": [
        [29.999999999999996, 35.0, 40.0, 45.0, 50.0, 55.0, 59.99999999999999, 65.0, 70.0, 75.0, 80.0, 85.0, 90.0, 95.0, 100.0, 105.00000000000001, 110.0, 115.0, 119.99999999999999, 125.00000000000001, 130.0, 135.0, 140.0, 145.0, 150.0, 155.0, 160.0, 165.0, 170.0, 175.0, 180.0],
        [29.999999999999996, 35.0, 40.0, 45.0, 50.0, 55.0, 59.99999999999999, 65.0, 70.0, 75.0, 80.0, 85.0, 90.0, 95.0, 100.0, 105.00000000000001, 110.0, 115.0, 119.99999999999999, 125.00000000000001, 130.0, 135.0, 140.0, 145.0, 150.0, 155.0, 160.0, 165.0, 170.0, 175.0, 180.0],
        [29.999999999999996, 35.0, 40.0, 45.0, 50.0, 55.0, 59.99999999999999, 65.0, 70.0, 75.0, 80.0, 85.0, 90.0, 95.0, 100.0, 105.00000000000001, 110.0, 115.0, 119.99999999999999, 125.00000000000001, 130.0, 135.0, 140.0, 145.0, 150.0, 155.0, 160.0, 165.0, 170.0, 175.0, 180.0],
        [29.999999999999996, 35.0, 40.0, 45.0, 50.0, 55.0, 59.99999999999999, 65.0, 70.0, 75.0, 80.0, 85.0, 90.0, 95.0, 100.0, 105.00000000000001, 110.0, 115.0, 119.99999999999999, 125.00000000000001, 130.0, 135.0, 140.0, 145.0, 150.0, 155.0, 160.0, 165.0, 170.0, 175.0, 180.0],
        [29.999999999999996, 35.0, 40.0, 45.0, 50.0, 55.0, 59.99999999999999, 65.0, 70.0, 75.0, 80.0, 85.0, 90.0, 95.0, 100.0, 105.00000000000001, 110.0, 115.0, 119.99999999999999, 125.00000000000001, 130.0, 135.0, 140.0, 145.0, 150.0, 155.0, 160.0, 165.0, 170.0, 175.0, 180.0],
        [29.999999999999996, 35.0, 40.0, 45.0, 50.0, 55.0, 59.99999999999999, 65.0, 70.0, 75.0, 80.0, 85.0, 90.0, 95.0, 100.0, 105.00000000000001, 110.0, 115.0, 119.99999999999999, 125.00000000000001, 130.0, 135.0, 140.0, 145.0, 150.0, 155.0, 160.0, 165.0, 170.0, 175.0, 180.0]
    ],
    "velocity_boat_matrix_list": [
        [2.0256458156946997, 2.325675916615237, 2.561544137646109, 2.773168872748615, 2.944384634065752, 3.089620793807068, 3.169756367207366, 3.2139658096172985, 3.2427128104279115, 3.2571541247897096, 3.2574422856966825, 3.244048374666519, 3.2178115518031936, 3.179916286900565, 3.130989642967908, 3.0524709767945883, 2.8998772490065887, 2.72252997911808, 2.561542947465277, 2.3369354372094993, 2.1260518260112127, 1.9374616363253112, 1.825467566326856, 1.759689352981596, 1.714567663092383, 1.6885730593441024, 1.675455687179748, 1.6737860337795305, 1.6617142029640308, 1.6561223854792053, 0.8356210586438514],
        [2.4816419454552716, 2.8053956605003805, 3.1123900639406887, 3.2981822306104727, 3.4589872898618714, 3.595665551646873, 3.64120442959099, 3.675927895134174, 3.7022345139691453, 3.719564126796489, 3.7276376800530437, 3.7263599905335703, 3.7108116626275294, 3.6862416918418273, 3.6387591345849764, 3.581488154966785, 3.4194601748726994, 3.2249031553119982, 3.0306362496705193, 2.7574836337017627, 2.5615440079314844, 2.410577772189083, 2.321416912633151, 2.254891427910438, 2.210485516306216, 2.185036483327459, 2.173423216560111, 2.1743444950684125, 2.1596321081186995, 2.154074232722662, 1.2630344771184143],
        [2.8073136714122082, 3.193217654065697, 3.4869183748001, 3.654922158278125, 3.7621988854876887, 3.8519539799285343, 3.912440464307673, 3.965582869628818, 4.007404515307248, 4.037175582611233, 4.054597552298628, 4.059077326549984, 4.048659405976956, 3.9990903796032597, 3.928577602170973, 3.83194879693556, 3.7189153456248456, 3.6114527445422215, 3.400454262066555, 3.1875615336010537, 2.9888840209678635, 2.8249070175954407, 2.7384886353317492, 2.6742391840994397, 2.6344219589875952, 2.612467802675226, 2.605038583802395, 2.60692379148858, 2.5926089892535757, 2.587914763988068, 1.6197138597922565],
        [3.103485576455049, 3.482827144992111, 3.7176870544970098, 3.869330489883449, 4.012140434063492, 4.114495413075333, 4.173910918552043, 4.2271771102991655, 4.27030315016442, 4.30270423606812, 4.3241544343658305, 4.334269484905392, 4.310020384645222, 4.271149795410805, 4.20358141102906, 4.104641648131007, 3.9555475836494, 3.812630028100581, 3.6833142227012083, 3.5443635551604125, 3.3449480413359294, 3.234619177920985, 3.163291525688377, 3.1097570951404796, 3.0780980289485753, 3.0566667649085586, 3.0518579619999153, 3.0547079179560677, 3.0382093214780643, 3.0334334906804536, 1.906429249306028],
        [3.2899684817637, 3.672515286676285, 3.896167874509731, 4.087849803235076, 4.218459109577126, 4.31035413254448, 4.390023569956628, 4.462685460834932, 4.524327237466346, 4.573871888636963, 4.614353089336917, 4.619429767531412, 4.5883813801319615, 4.542597191701385, 4.440480713766346, 4.313738983383263, 4.187069610090672, 4.051352827983654, 3.8885093377616453, 3.7542927704545987, 3.65146711122815, 3.5990203757373793, 3.529302555361942, 3.4708095722195407, 3.439419494572362, 3.424540154112288, 3.425943224686606, 3.429509119460479, 3.4170783169349543, 3.415218036221486, 2.1732330062338345],
        [3.4494062601155338, 3.801344377630179, 4.068725055237728, 4.243001301022357, 4.395534365747337, 4.511116046062063, 4.6182003920084655, 4.69112304840243, 4.754329743155899, 4.8068579292101745, 4.84774937322697, 4.847706143169011, 4.8284790506511355, 4.7727755570969945, 4.685047635009272, 4.553704422442011, 4.396535797740343, 4.249395769248772, 4.117790878242713, 3.9743433938970214, 3.87564823077289, 3.818089490342159, 3.7732386230248265, 3.7429913534103174, 3.7273072668299103, 3.7230227108865788, 3.726306154323244, 3.725277222751223, 3.7180788577309714, 3.7126870017763816, 2.4254331447753272]
    ],