{
    "angle_tw_matrix_list": [
        [29.999999999999996, 35.0, 40.0, 45.0, 50.0, 55.0, 59.99999999999999, 65.0, 70.0, 75.0, 80.0, 85.0, 90.0, 95.0, 100.0, 105.00000000000001, 110.0, 115.0, 119.99999999999999, 125.00000000000001, 130.0, 135.0, 140.0, 145.0, 150.0, 155.0, 160.0, 165.0, 170.0, 175.0, 180.0],
        [29.999999999999996, 35.0, 40.0, 45.0, 50.0, 55.0, 59.99999999999999, 65.0, 70.0, 75.0, 80.0, 85.0, 90.0, 95.0, 100.0, 105.00000000000001, 110.0, 115.0, 119.99999999999999, 125.00000000000001, 130.0, 135.0, 140.0, 145.0, 150.0, 155.0, 160.0, 165.0, 170.0, 175.0, 180.0],
        [29.999999999999996, 35.0, 40.0, 45.0, 50.0, 55.0, 59.99999999999999, 65.0, 70.0, 75.0, 80.0, 85.0, 90.0, 95.0, 100.0, 105.00000000000001, 110.0, 115.0, 119.99999999999999, 125.00000000000001, 130.0, 135.0, 140.0, 145.0, 150.0, 155.0, 160.0, 165.0, 170.0, 175.0, 180.0],
        [29.999999999999996, 35.0, 40.0, 45.0, 50.0, 55.0, 59.99999999999999, 65.0, 70.0, 75.0, 80.0, 85.0, 90.0, 95.0, 100.0, 105.00000000000001, 110.0, 115.0, 119.99999999999999, 125.00000000000001, 130.0, 135.0, 140.0, 145.0, 150.0, 155.0, 160.0, 165.0, 170.0, 175.0, 180.0],
        [29.999999999999996, 35.0, 40.0, 45.0, 50.0, 55.0, 59.99999999999999, 65.0, 70.0, 75.0, 80.0, 85.0, 90.0, 95.0, 100.0, 105.00000000000001, 110.0, 115.0, 119.99999999999999, 125.00000000000001, 130.0, 135.0, 140.0, 145.0, 150.0, 155.0, 160.0, 165.0, 170.0, 175.0, 180.0],
        [29.999999999999996, 35.0, 40.0, 45.0, 50.0, 55.0, 59.99999999999999, 65.0, 70.0, 75.0, 80.0, 85.0, 90.0, 95.0, 100.0, 105.00000000000001, 110.0, 115.0, 119.99999999999999, 125.00000000000001, 130.0, 135.0, 140.0, 145.0, 150.0, 155.0, 160.0, 165.0, 170.0, 175.0, 180.0]
    ],
    "velocity_boat_matrix_list": [
        [1.9569094980112287, 2.1719702915083916, 2.385410386332915, 2.457681831549941, 2.5249083167703827, 2.602444624057693, 2.6466328565288344, 2.6827497045889945, 2.706068901840304, 2.7165294241823035, 2.7144087300891244, 2.700315262036281, 2.6751633946257614, 2.629547349520359, 2.5613492927164145, 2.4886370325468143, 2.457680115492571, 2.3358180817199607, 2.170225200593271, 2.0274551907329204, 1.8696873975590875, 1.7407998478461177, 1.6778407151700776, 1.6310009689417282, 1.6011138641218154, 1.5842503880601522, 1.5774510944339923, 1.577863405718632, 1.5676368197901025, 1.564088415614873, 0.500746679443779],
        [2.356591504690981, 2.533012866117688, 2.7368306141878893, 2.9108948594465343, 3.024964068222591, 3.089374935485716, 3.1351770187646895, 3.1728631549641477, 3.1980497365380898, 3.210664348052628, 3.2105683305987505, 3.198418527645359, 3.165224560271002, 3.1065076103429274, 3.0413614152123127, 2.939841545679489, 2.7632529569072535, 2.601938595398028, 2.458889602745551, 2.4156600934658847, 2.256987829678751, 2.1675033229238063, 2.1113770509148715, 2.0693411825904025, 2.0442314261528782, 2.0303710940912274, 2.026416756008467, 2.0270423588909567, 2.0174350276196806, 2.014541940500854, 0.9064170494724829],
        [2.6100543628718373, 2.9412570086967382, 3.1165536387814123, 3.2704549740515985, 3.4038255270890074, 3.4677080127653253, 3.5027698344631877, 3.5326353046628647, 3.5525925120240665, 3.5629157890956944, 3.565020941744072, 3.554783250506063, 3.5226800174405457, 3.4844126654531418, 3.409536883546141, 3.258411202909326, 3.1148340972697355, 2.9823234823215206, 2.8013386575094774, 2.6386562982944675, 2.5266874782299853, 2.4688751143179526, 2.457683133056358, 2.4576812135671036, 2.4346868764675897, 2.421467731641901, 2.4211776473836695, 2.4219539487811894, 2.4109731350278354, 2.408528690577551, 1.4558388715080721],
        [2.9353156865358425, 3.2077931847361585, 3.427849512123096, 3.5365156337380177, 3.6154955238111293, 3.6779657218478916, 3.728801702140435, 3.77291699427453, 3.806618709214546, 3.829426625497915, 3.840105564559612, 3.8102568976507167, 3.7684150052895102, 3.702236622620225, 3.614234879033126, 3.5264091822649646, 3.4414262732572056, 3.2626572733211456, 3.104662791519431, 2.9828029521762054, 2.8780508072762467, 2.807532349231549, 2.7542912887452573, 2.7207948127485477, 2.704052055280481, 2.6996946304057303, 2.7067898333102467, 2.7067284120735757, 2.6990809967915568, 2.6988248080166177, 1.6809634595615561],
        [3.1419976854101335, 3.458517755552749, 3.597039219940555, 3.729536134795495, 3.8254014172729915, 3.9093529296338585, 3.959946332339208, 3.996199444735019, 4.02492320083465, 4.045681544154888, 4.048627876030127, 4.031871273583155, 4.001613963958776, 3.9405739622361344, 3.8324824374692232, 3.718841321424134, 3.6100169766076626, 3.50886480986772, 3.395250929475031, 3.2456672580443877, 3.167350190527692, 3.1130443890039383, 3.07210073116275, 3.0484667983259786, 3.0376914231187158, 3.0375508087190837, 3.0474722616110386, 3.047062595727024, 3.041611680289744, 3.042442267720569, 1.9250176592450992],
        [3.341768707707792, 3.5935473678767718, 3.766232681067733, 3.928669216149916, 4.0005695639249526, 4.064464473077446, 4.118879213753566, 4.1677842958202325, 4.207929549511871, 4.23855884840578, 4.23605225761761, 4.219294700671403, 4.171753899894714, 4.096258916564922, 4.016539847750036, 3.9366746176061436, 3.804345169547446, 3.679628303311867, 3.576414220853087, 3.4955089973649796, 3.455327171461029, 3.406889316644959, 3.361698347381256, 3.339523685904735, 3.331605097587095, 3.336551335948618, 3.3530278903785207, 3.3516284543064003, 3.3467613860224454, 3.3490528221531815, 2.116283760638253]
    ],