{
    "angle_tw_matrix_list": [
        [29.999999999999996, 35.0, 40.0, 45.0, 50.0, 55.0, 59.99999999999999, 65.0, 70.0, 75.0, 80.0, 85.0, 90.0, 95.0, 100.0, 105.00000000000001, 110.0, 115.0, 119.99999999999999, 125.00000000000001, 130.0, 135.0, 140.0, 145.0, 150.0, 155.0, 160.0, 165.0, 170.0, 175.0, 180.0],
        [29.999999999999996, 35.0, 40.0, 45.0, 50.0, 55.0, 59.99999999999999, 65.0, 70.0, 75.0, 80.0, 85.0, 90.0, 95.0, 100.0, 105.00000000000001, 110.0, 115.0, 119.99999999999999, 125.00000000000001, 130.0, 135.0, 140.0, 145.0, 150.0, 155.0, 160.0, 165.0, 170.0, 175.0, 180.0],
        [29.999999999999996, 35.0, 40.0, 45.0, 50.0, 55.0, 59.99999999999999, 65.0, 70.0, 75.0, 80.0, 85.0, 90.0, 95.0, 100.0, 105.00000000000001, 110.0, 115.0, 119.99999999999999, 125.00000000000001, 130.0, 135.0, 140.0, 145.0, 150.0, 155.0, 160.0, 165.0, 170.0, 175.0, 180.0],
        [29.999999999999996, 35.0, 40.0, 45.0, 50.0, 55.0, 59.99999999999999, 65.0, 70.0, 75.0, 80.0, 85.0, 90.0, 95.0, 100.0, 105.00000000000001, 110.0, 115.0, 119.99999999999999, 125.00000000000001, 130.0, 135.0, 140.0, 145.0, 150.0, 155.0, 160.0, 165.0, 170.0, 175.0, 180.0],
        [29.999999999999996, 35.0, 40.0, 45.0, 50.0, 55.0, 59.99999999999999, 65.0, 70.0, 75.0, 80.0, 85.0, 90.0, 95.0, 100.0, 105.00000000000001, 110.0, 115.0, 119.99999999999999, 125.00000000000001, 130.0, 135.0, 140.0, 145.0, 150.0, 155.0, 160.0, 165.0, 170.0, 175.0, 180.0],
        [29.999999999999996, 35.0, 40.0, 45.0, 50.0, 55.0, 59.99999999999999, 65.0, 70.0, 75.0, 80.0, 85.0, 90.0, 95.0, 100.0, 105.00000000000001, 110.0, 115.0, 119.99999999999999, 125.00000000000001, 130.0, 135.0, 140.0, 145.0, 150.0, 155.0, 160.0, 165.0, 170.0, 175.0, 180.0]
    ],
    "velocity_boat_matrix_list": [
        [1.95351956606244, 2.248810055767895, 2.5237524043411503, 2.6158531399324465, 2.7680083540366507, 2.9054382437282396, 3.0011831370963553, 3.051517404862933, 3.0765119288003184, 3.0889515410074466, 3.089002199971311, 3.078243718708123, 3.0545118256889703, 3.012402467647723, 2.9339166049364396, 2.810435283457906, 2.6828450500678644, 2.5274607602506913, 2.413667009311177, 2.1875889437338736, 1.996330971916049, 1.8055385959403525, 1.7262269362558635, 1.66824335867853, 1.6310470296547037, 1.6103172891421589, 1.6015353229847824, 1.602120791778415, 1.5900485906060249, 1.5857303473480937, 0.8168648147534319],
        [2.424352222232939, 2.692428767296366, 3.0186812014878193, 3.1820246346910808, 3.328847132169785, 3.459835452089062, 3.5391503708616523, 3.56433690465721, 3.582941948995101, 3.592736661733938, 3.5938538673527103, 3.58823349247235, 3.5762144770091, 3.554805736946319, 3.482154256199348, 3.3658670302194307, 3.201679568222928, 3.039818679793555, 2.7810597125978616, 2.5606205278178606, 2.473106834487856, 2.312941647561296, 2.2335711230613997, 2.1745274875587084, 2.1370019922815975, 2.115962098186249, 2.107723642747151, 2.1087210989416048, 2.09568438305868, 2.091197123546499, 1.2529668227345359],
        [2.7383466922080677, 3.1165954213283196, 3.380938941580592, 3.5629987041689692, 3.6438198549607352, 3.703481222811478, 3.7477847435707377, 3.786544955899432, 3.816514413086838, 3.837156656309293, 3.8481363152085657, 3.848337465520945, 3.8221141882911445, 3.778863188099038, 3.729760977879434, 3.6509177792508574, 3.5730520179282994, 3.4125132872141974, 3.203934275754162, 3.019823851702342, 2.8004777359600865, 2.6839087610789245, 2.610563683839602, 2.55658017645398, 2.527469030009723, 2.5274604740749673, 2.527461177205554, 2.527466401594613, 2.5274597544391435, 2.5274589462356274, 1.5026921111815263],
        [3.0589285521644674, 3.4122257451941875, 3.621346695824211, 3.7373224677352828, 3.843173499286602, 3.9186389851547374, 3.981755576855022, 4.037945699551658, 4.070043544314821, 4.092268199312348, 4.106229818663088, 4.1048268662931715, 4.083101000033969, 4.046627426220028, 3.9505167954310787, 3.844906032411686, 3.7409778187871914, 3.642917164154888, 3.5529747600758563, 3.352643307246358, 3.1864249585535935, 3.1048998535919434, 3.043255798245634, 2.983874378772951, 2.9494574038291494, 2.9332367762518867, 2.933356841811265, 2.9357982627395915, 2.9212315804329085, 2.9180837668207578, 1.785808170888164],
        [3.2615951991872123, 3.6046671161661745, 3.7704588888843307, 3.9187219492184275, 4.046227368275222, 4.113482840963013, 4.171404257472208, 4.223633896403231, 4.266730086759226, 4.300321582199915, 4.3237645143098735, 4.313057292763657, 4.289367302755331, 4.233431848378505, 4.149058784656162, 4.062129676337298, 3.938840100377294, 3.814517921688544, 3.702344162682122, 3.611007180078032, 3.5427664706925124, 3.4564145348936997, 3.3857057377087054, 3.337805706344416, 3.3129421117197153, 3.3028450364157003, 3.3075859753575902, 3.309851201108136, 3.2993408138479365, 3.2980185951438297, 2.067604608692245],
        [3.4448234061224583, 3.719356010973252, 3.9191810346136466, 4.0834908566683845, 4.187723678688491, 4.273711974610544, 4.3493955018968276, 4.4191304210823965, 4.479031201982921, 4.5271980626191, 4.562072677563021, 4.544614765745401, 4.520442269673485, 4.441226652524799, 4.337196734933619, 4.229611522966577, 4.1234574982812955, 4.013336004160215, 3.8805594737505165, 3.7756776501870397, 3.7143218449071895, 3.6727091548825697, 3.6403591582915786, 3.6199781330062764, 3.609387077445512, 3.6077183844265055, 3.6144281277165895, 3.615842962147905, 3.6113833201054124, 3.604845274143687, 2.304287520902646]
    ],