{
    "angle_tw_matrix_list": [
        [29.999999999999996, 35.0, 40.0, 45.0, 50.0, 55.0, 59.99999999999999, 65.0, 70.0, 75.0, 80.0, 85.0, 90.0, 95.0, 100.0, 105.00000000000001, 110.0, 115.0, 119.99999999999999, 125.00000000000001, 130.0, 135.0, 140.0, 145.0, 150.0, 155.0, 160.0, 165.0, 170.0, 175.0, 180.0],
        [29.999999999999996, 35.0, 40.0, 45.0, 50.0, 55.0, 59.99999999999999, 65.0, 70.0, 75.0, 80.0, 85.0, 90.0, 95.0, 100.0, 105.00000000000001, 110.0, 115.0, 119.99999999999999, 125.00000000000001, 130.0, 135.0, 140.0, 145.0, 150.0, 155.0, 160.0, 165.0, 170.0, 175.0, 180.0],
        [29.999999999999996, 35.0, 40.0, 45.0, 50.0, 55.0, 59.99999999999999, 65.0, 70.0, 75.0, 80.0, 85.0, 90.0, 95.0, 100.0, 105.00000000000001, 110.0, 115.0, 119.99999999999999, 125.00000000000001, 130.0, 135.0, 140.0, 145.0, 150.0, 155.0, 160.0, 165.0, 170.0, 175.0, 180.0],
        [29.999999999999996, 35.0, 40.0, 45.0, 50.0, 55.0, 59.99999999999999, 65.0, 70.0, 75.0, 80.0, 85.0, 90.0, 95.0, 100.0, 105.00000000000001, 110.0, 115.0, 119.99999999999999, 125.00000000000001, 130.0, 135.0, 140.0, 145.0, 150.0, 155.0, 160.0, 165.0, 170.0, 175.0, 180.0],
        [29.999999999999996, 35.0, 40.0, 45.0, 50.0, 55.0, 59.99999999999999, 65.0, 70.0, 75.0, 80.0, 85.0, 90.0, 95.0, 100.0, 105.00000000000001, 110.0, 115.0, 119.99999999999999, 125.00000000000001, 130.0, 135.0, 140.0, 145.0, 150.0, 155.0, 160.0, 165.0, 170.0, 175.0, 180.0],
        [29.999999999999996, 35.0, 40.0, 45.0, 50.0, 55.0, 59.99999999999999, 65.0, 70.0, 75.0, 80.0, 85.0, 90.0, 95.0, 100.0, 105.00000000000001, 110.0, 115.0, 119.99999999999999, 125.00000000000001, 130.0, 135.0, 140.0, 145.0, 150.0, 155.0, 160.0, 165.0, 170.0, 175.0, 180.0]
    ],
    "velocity_boat_matrix_list": [
        [2.081194924859257, 2.3484569966038347, 2.4810075021773756, 2.6616634935525116, 2.8174676811697634, 2.9470008211890053, 2.9991374772399526, 3.031385432980321, 3.0519077675407953, 3.0605988293651563, 3.057652164707492, 3.043564276771839, 3.0179417943546336, 2.983811104671958, 2.9376231296766298, 2.8064830055429963, 2.6645782674196883, 2.4670215555911033, 2.4305492494080645, 2.2010344141446367, 2.0181272472666034, 1.8518987303490309, 1.7574331867480972, 1.6941531805316246, 1.6529532508877665, 1.6299046235498131, 1.6195724780451946, 1.619997867113682, 1.6071241589275467, 1.6024841908190628, 0.7447561309024067],
        [2.4505513112374055, 2.770459204136977, 3.0182293033930274, 3.1603777359438996, 3.2928110121498264, 3.408241383827703, 3.444300135533324, 3.4671063416371757, 3.4837365612925018, 3.493946904668561, 3.4976472730606383, 3.492320093595708, 3.4797861572329647, 3.4552212048383524, 3.416176035828051, 3.3054377741034595, 3.1417914044349393, 2.9895046893143085, 2.7648849281109023, 2.5288092388764256, 2.444951165155731, 2.3138819397538737, 2.231443912562668, 2.170456236186942, 2.1319274639005004, 2.1104200207368877, 2.10206171675139, 2.1029385610044606, 2.0897797440686867, 2.0854128792467033, 1.2164317307651813],
        [2.8452797535530094, 3.126597687472288, 3.3646621171823865, 3.4786012378763385, 3.5525400142789376, 3.6052006607218074, 3.645778728350685, 3.6810100759949416, 3.7081317530205515, 3.7266519384197103, 3.73613861919493, 3.7364242652353616, 3.711854538964128, 3.670495177435497, 3.6169871913787213, 3.54123093940329, 3.467008820341445, 3.3396124428495835, 3.143561086784172, 2.9754699971729686, 2.7810331396832977, 2.6592208302589277, 2.5811704067363923, 2.5246957645253896, 2.4933916864665098, 2.477328248110142, 2.4749642139117047, 2.4761467105367823, 2.46409680415602, 2.461160612748965, 1.474385443546269],
        [3.1029414820696575, 3.415995664523558, 3.542622841019682, 3.648271522684805, 3.743285306654678, 3.812611520882735, 3.8710907549891354, 3.919070297194824, 3.946687224591644, 3.9669764360359663, 3.9796847478623625, 3.9746204371407603, 3.9539684499776073, 3.9212215762227616, 3.8281677097957614, 3.726672901600723, 3.6277976590919563, 3.5345094517859903, 3.4490288068626986, 3.2865469811617776, 3.132211794250845, 3.05572017597713, 2.9960042468508217, 2.9529240331261746, 2.926523578417215, 2.909876123878825, 2.910609628622911, 2.913454435697207, 2.8994789810481483, 2.8967756523823462, 1.736625415371484],
        [3.3140914747822268, 3.5400732408798254, 3.6899442511183196, 3.8243935150859074, 3.931142813716833, 3.9928168668256268, 4.0463105252335625, 4.0948514755729155, 4.135126207295914, 4.16642053688994, 4.185025316718138, 4.174603866793686, 4.152605742642593, 4.096478565555891, 4.016382729914687, 3.932758748923217, 3.817403213959206, 3.699085869146252, 3.5925262131495215, 3.507574286088873, 3.4468376481506513, 3.3913216612416406, 3.3227914525037847, 3.277565659274046, 3.2545153568611336, 3.2474089357645552, 3.253888602992002, 3.2557342590589227, 3.24635416901841, 3.245972050473948, 1.9982305191166574],
        [3.4591875198951896, 3.6561352978532486, 3.8355043878714747, 3.9722770336567805, 4.066607334904015, 4.145647336306953, 4.215884427535511, 4.280829678238605, 4.336965888586866, 4.3830271873356725, 4.4119603832260825, 4.407546875341292, 4.367567838400992, 4.292441389850349, 4.1970642029971925, 4.0939881981244, 3.9926228070408314, 3.889809369295823, 3.765375703432762, 3.666433508711238, 3.612171126136533, 3.571990419919835, 3.541073323598281, 3.5229872742948016, 3.5143327833445026, 3.5142506558737, 3.519726956277798, 3.51792049715171, 3.5128235523135163, 3.5160676876523396, 2.213577444505291]
    ],