{
    "angle_tw_matrix_list": [
        [29.999999999999996, 35.0, 40.0, 45.0, 50.0, 55.0, 59.99999999999999, 65.0, 70.0, 75.0, 80.0, 85.0, 90.0, 95.0, 100.0, 105.00000000000001, 110.0, 115.0, 119.99999999999999, 125.00000000000001, 130.0, 135.0, 140.0, 145.0, 150.0, 155.0, 160.0, 165.0, 170.0, 175.0, 180.0],
        [29.999999999999996, 35.0, 40.0, 45.0, 50.0, 55.0, 59.99999999999999, 65.0, 70.0, 75.0, 80.0, 85.0, 90.0, 95.0, 100.0, 105.00000000000001, 110.0, 115.0, 119.99999999999999, 125.00000000000001, 130.0, 135.0, 140.0, 145.0, 150.0, 155.0, 160.0, 165.0, 170.0, 175.0, 180.0],
        [29.999999999999996, 35.0, 40.0, 45.0, 50.0, 55.0, 59.99999999999999, 65.0, 70.0, 75.0, 80.0, 85.0, 90.0, 95.0, 100.0, 105.00000000000001, 110.0, 115.0, 119.99999999999999, 125.00000000000001, 130.0, 135.0, 140.0, 145.0, 150.0, 155.0, 160.0, 165.0, 170.0, 175.0, 180.0],
        [29.999999999999996, 35.0, 40.0, 45.0, 50.0, 55.0, 59.99999999999999, 65.0, 70.0, 75.0, 80.0, 85.0, 90.0, 95.0, 100.0, 105.00000000000001, 110.0, 115.0, 119.99999999999999, 125.00000000000001, 130.0, 135.0, 140.0, 145.0, 150.0, 155.0, 160.0, 165.0, 170.0, 175.0, 180.0],
        [29.999999999999996, 35.0, 40.0, 45.0, 50.0, 55.0, 59.99999999999999, 65.0, 70.0, 75.0, 80.0, 85.0, 90.0, 95.0, 100.0, 105.00000000000001, 110.0, 115.0, 119.99999999999999, 125.00000000000001, 130.0, 135.0, 140.0, 145.0, 150.0, 155.0, 160.0, 165.0, 170.0, 175.0, 180.0],
        [29.999999999999996, 35.0, 40.0, 45.0, 50.0, 55.0, 59.99999999999999, 65.0, 70.0, 75.0, 80.0, 85.0, 90.0, 95.0, 100.0, 105.00000000000001, 110.0, 115.0, 119.99999999999999, 125.00000000000001, 130.0, 135.0, 140.0, 145.0, 150.0, 155.0, 160.0, 165.0, 170.0, 175.0, 180.0]
    ],
    "velocity_boat_matrix_list": [
        [1.945967822305726, 2.19774700662595, 2.432854430350901, 2.5084346067320036, 2.593859525973967, 2.723073947984992, 2.7946076304780423, 2.853137285372196, 2.889911156644268, 2.906498440983606, 2.9027671240994453, 2.879751522366926, 2.8390374887532315, 2.782702012761778, 2.673600045164996, 2.5549906283283925, 2.5084178388263783, 2.4078634457071235, 2.2150745312384643, 2.050285393607947, 1.8600439624020375, 1.7278203010192283, 1.6624656106244293, 1.614351508043527, 1.5844188574314781, 1.5678084888651147, 1.5615781124726238, 1.562064867519126, 1.5517567654451299, 1.5483219845428142, 0.7559075901896986],
        [2.3930446544410082, 2.59154439526764, 2.9032737036601888, 3.0801196375281457, 3.1894668730222384, 3.2697300478442046, 3.3208777030776666, 3.362823134877822, 3.3906362511875052, 3.4042096716321475, 3.4037991714784614, 3.3896028368207785, 3.3629338651945124, 3.2995979499371244, 3.2261915932250647, 3.132862578723594, 3.0199848505587172, 2.7524402410502633, 2.5096275031214414, 2.4875917268703978, 2.3024659570437547, 2.196246223511246, 2.1330010258149654, 2.0859048812999377, 2.05759851610184, 2.041988529866744, 2.0372204323148715, 2.0379103338636546, 2.0273208414378576, 2.024070746964809, 1.1243347119341947],
        [2.694621684736795, 3.078706251555195, 3.270471808421598, 3.437441345433177, 3.5403849841472117, 3.576969099910679, 3.606004338450268, 3.6306954942147516, 3.646833501856539, 3.6552374536249297, 3.6570296631339985, 3.6516892982003997, 3.6269035805317733, 3.5966570623563445, 3.5558407678252704, 3.485173141610278, 3.319674380546639, 3.166953321978917, 3.029802370745034, 2.7779993434132892, 2.590677196535009, 2.508432322492499, 2.508431412443065, 2.5042456399307285, 2.4723200343438942, 2.4562248029607905, 2.454266038295371, 2.45521316960737, 2.442777155311107, 2.4397048576645615, 1.421397146398209],
        [3.066164921663919, 3.3477122060138176, 3.54193049553393, 3.6250869315982905, 3.6921695161716017, 3.743205216912103, 3.784864120587477, 3.820927142310682, 3.8485319887926943, 3.866522064609608, 3.8724880703367432, 3.851843764372157, 3.820025091262065, 3.7716312442783138, 3.7027679539663088, 3.633191591315182, 3.565148657305381, 3.4761353115869995, 3.293742818719556, 3.1475099329524845, 3.0424780778201383, 2.9638141777634335, 2.8820094838614416, 2.8281585046123716, 2.8004115822707676, 2.789974386943806, 2.795009897576274, 2.7957376792266695, 2.7842031364703455, 2.782735753738337, 1.6642207748835607],
        [3.27008228414188, 3.5553158254433397, 3.670146516952412, 3.7781400386695387, 3.8591414654046097, 3.927430638229672, 3.984354673255949, 4.026666998027525, 4.051691788057619, 4.069871920590464, 4.0731743931905795, 4.056493368016587, 4.032790184044207, 3.9624736232839, 3.873778114902088, 3.784647775745168, 3.698203697247566, 3.6169484443001623, 3.543229465544363, 3.4300452109456603, 3.322496025663307, 3.2573373470375864, 3.207479866995872, 3.175775294498056, 3.1598454558132607, 3.1558367802235376, 3.1630630029262004, 3.1635736838990827, 3.156399486275746, 3.1562209700865034, 1.9181189538163903],
        [3.4681310353129464, 3.6620855975036597, 3.803690924929912, 3.939191204184515, 4.028499670586472, 4.084049169263569, 4.131202399575891, 4.173422922571403, 4.20804027026083, 4.234651588664058, 4.2339362784910985, 4.218066734210001, 4.176775769906571, 4.114439945271042, 4.04758872263235, 3.9584675573870642, 3.851559135562101, 3.7520898406879044, 3.6675851328726456, 3.5983721083747517, 3.562227705029974, 3.5336046168276947, 3.5107572648268865, 3.479379229096626, 3.4656907792432543, 3.46654442481227, 3.4802889405052, 3.480338594206806, 3.4736399514409717, 3.4751000474717846, 2.136461797292764]
    ],