{
    "angle_tw_matrix_list": [
        [29.999999999999996, 35.0, 40.0, 45.0, 50.0, 55.0, 59.99999999999999, 65.0, 70.0, 75.0, 80.0, 85.0, 90.0, 95.0, 100.0, 105.00000000000001, 110.0, 115.0, 119.99999999999999, 125.00000000000001, 130.0, 135.0, 140.0, 145.0, 150.0, 155.0, 160.0, 165.0, 170.0, 175.0, 180.0],
        [29.999999999999996, 35.0, 40.0, 45.0, 50.0, 55.0, 59.99999999999999, 65.0, 70.0, 75.0, 80.0, 85.0, 90.0, 95.0, 100.0, 105.00000000000001, 110.0, 115.0, 119.99999999999999, 125.00000000000001, 130.0, 135.0, 140.0, 145.0, 150.0, 155.0, 160.0, 165.0, 170.0, 175.0, 180.0],
        [29.999999999999996, 35.0, 40.0, 45.0, 50.0, 55.0, 59.99999999999999, 65.0, 70.0, 75.0, 80.0, 85.0, 90.0, 95.0, 100.0, 105.00000000000001, 110.0, 115.0, 119.99999999999999, 125.00000000000001, 130.0, 135.0, 140.0, 145.0, 150.0, 155.0, 160.0, 165.0, 170.0, 175.0, 180.0],
        [29.999999999999996, 35.0, 40.0, 45.0, 50.0, 55.0, 59.99999999999999, 65.0, 70.0, 75.0, 80.0, 85.0, 90.0, 95.0, 100.0, 105.00000000000001, 110.0, 115.0, 119.99999999999999, 125.00000000000001, 130.0, 135.0, 140.0, 145.0, 150.0, 155.0, 160.0, 165.0, 170.0, 175.0, 180.0],
        [29.999999999999996, 35.0, 40.0, 45.0, 50.0, 55.0, 59.99999999999999, 65.0, 70.0, 75.0, 80.0, 85.0, 90.0, 95.0, 100.0, 105.00000000000001, 110.0, 115.0, 119.99999999999999, 125.00000000000001, 130.0, 135.0, 140.0, 145.0, 150.0, 155.0, 160.0, 165.0, 170.0, 175.0, 180.0],
        [29.999999999999996, 35.0, 40.0, 45.0, 50.0, 55.0, 59.99999999999999, 65.0, 70.0, 75.0, 80.0, 85.0, 90.0, 95.0, 100.0, 105.00000000000001, 110.0, 115.0, 119.99999999999999, 125.00000000000001, 130.0, 135.0, 140.0, 145.0, 150.0, 155.0, 160.0, 165.0, 170.0, 175.0, 180.0]
    ],
    "velocity_boat_matrix_list": [
        [2.0486431397291147, 2.323061889629719, 2.467776015220293, 2.5866822781792718, 2.6887349173299584, 2.7802007545146874, 2.8340405891935365, 2.8738987337212265, 2.8996825950509257, 2.9128662511063412, 2.9100640595874836, 2.8917070961018974, 2.8629828719331702, 2.8233054111388287, 2.75579185818014, 2.6769970780843755, 2.583929439811774, 2.471153068126339, 2.416636724610404, 2.197448397675971, 2.0106891949458805, 1.8438745997872574, 1.7417269680739, 1.6736041909912605, 1.6308895001033263, 1.6077066281070715, 1.5981695962019378, 1.598816398789197, 1.5855753897548766, 1.581189374515271, 0.7102030323877235],
        [2.4449909026559515, 2.6708906767631673, 2.885986473989434, 3.073299388375613, 3.2489329810725147, 3.3929343705341117, 3.4456988103258253, 3.4907519176249124, 3.5238571405451045, 3.5444046903710955, 3.5520848919345234, 3.5437705370335397, 3.5180826817276634, 3.470184446341355, 3.400308358911962, 3.258420923337613, 3.019728260935516, 2.818492225810175, 2.6556465644759455, 2.5143189101082943, 2.416650514109565, 2.3208383723747583, 2.2353502776294545, 2.17240633135486, 2.1329349322802695, 2.1111181686593197, 2.1028059722275, 2.103803640512646, 2.090372469402704, 2.086113874221332, 1.242111018021745],
        [2.7250157473060113, 3.0398057942303356, 3.3495454103880076, 3.511818702829223, 3.650335012959279, 3.7567339937553883, 3.8365553752349637, 3.8872524274271636, 3.9153498032483904, 3.9346194839468907, 3.9446318753226497, 3.9451859848658315, 3.930084100330144, 3.893408758990923, 3.8207172813836516, 3.6632209811720107, 3.502592884219881, 3.3202026548893975, 3.044662459683162, 2.83171040788845, 2.69093732324346, 2.6149146603809847, 2.55946614095472, 2.5184125065447147, 2.495197032952835, 2.483100663541057, 2.4813596169702614, 2.48233473233103, 2.4729686281120578, 2.4708153708106892, 1.4558192219666808],
        [3.0101644051709493, 3.4063712680999823, 3.632938520453226, 3.827933340183406, 3.945698991453715, 4.016377440889953, 4.075824996090199, 4.128306709304678, 4.170464727185413, 4.20149984420125, 4.220999589179425, 4.224065696867822, 4.194826151416455, 4.1526953234803425, 4.069027230917097, 3.9622225274643372, 3.8487981996556715, 3.64661965599585, 3.4684427613913273, 3.261229235011594, 3.06734142866802, 2.9715575344903353, 2.8994747496466973, 2.8550404480214997, 2.8318247971960613, 2.8228259985429984, 2.8268626495049287, 2.8282694632757335, 2.8185332850588494, 2.8175032040984815, 1.7587058209332807],
        [3.28905046011344, 3.627001286051489, 3.8869216245352916, 4.021753759251921, 4.1428135850086445, 4.235503871116441, 4.316063701339921, 4.37974299586917, 4.417848601751377, 4.447047648682001, 4.467080884758476, 4.463116508094687, 4.444097731685196, 4.406500386412601, 4.324141907269599, 4.1862655142199205, 4.052613246862174, 3.9280348448342073, 3.7635820472814827, 3.5861515599663676, 3.4656105135415363, 3.3966343231166376, 3.3183449932209403, 3.262820632611068, 3.2357405061617355, 3.2282174615792907, 3.2372406666449236, 3.239112658753521, 3.2280740399753913, 3.2281572665171225, 2.028068560313282],
        [3.480173753260127, 3.838456565594698, 4.034654972728359, 4.199545188383624, 4.3444854389664735, 4.427726585347774, 4.494825932776781, 4.555958913666649, 4.6079708331791895, 4.649719973929289, 4.675155131120986, 4.669181859620111, 4.650056807826617, 4.58723974167336, 4.5069715876274925, 4.409312318606687, 4.276957029615629, 4.122913518609951, 3.9876932621126207, 3.881310160863723, 3.767931903843867, 3.689469308643289, 3.6306012102076854, 3.595140897657316, 3.578946859270712, 3.5772522769201576, 3.5835987583690576, 3.5802977441670536, 3.570659994946296, 3.5696092170495715, 2.258058832867668]
    ],