{
    "angle_tw_matrix_list": [
        [29.999999999999996, 35.0, 40.0, 45.0, 50.0, 55.0, 59.99999999999999, 65.0, 70.0, 75.0, 80.0, 85.0, 90.0, 95.0, 100.0, 105.00000000000001, 110.0, 115.0, 119.99999999999999, 125.00000000000001, 130.0, 135.0, 140.0, 145.0, 150.0, 155.0, 160.0, 165.0, 170.0, 175.0, 180.0],
        [29.999999999999996, 35.0, 40.0, 45.0, 50.0, 55.0, 59.99999999999999, 65.0, 70.0, 75.0, 80.0, 85.0, 90.0, 95.0, 100.0, 105.00000000000001, 110.0, 115.0, 119.99999999999999, 125.00000000000001, 130.0, 135.0, 140.0, 145.0, 150.0, 155.0, 160.0, 165.0, 170.0, 175.0, 180.0],
        [29.999999999999996, 35.0, 40.0, 45.0, 50.0, 55.0, 59.99999999999999, 65.0, 70.0, 75.0, 80.0, 85.0, 90.0, 95.0, 100.0, 105.00000000000001, 110.0, 115.0, 119.99999999999999, 125.00000000000001, 130.0, 135.0, 140.0, 145.0, 150.0, 155.0, 160.0, 165.0, 170.0, 175.0, 180.0],
        [29.999999999999996, 35.0, 40.0, 45.0, 50.0, 55.0, 59.99999999999999, 65.0, 70.0, 75.0, 80.0, 85.0, 90.0, 95.0, 100.0, 105.00000000000001, 110.0, 115.0, 119.99999999999999, 125.00000000000001, 130.0, 135.0, 140.0, 145.0, 150.0, 155.0, 160.0, 165.0, 170.0, 175.0, 180.0],
        [29.999999999999996, 35.0, 40.0, 45.0, 50.0, 55.0, 59.99999999999999, 65.0, 70.0, 75.0, 80.0, 85.0, 90.0, 95.0, 100.0, 105.00000000000001, 110.0, 115.0, 119.99999999999999, 125.00000000000001, 130.0, 135.0, 140.0, 145.0, 150.0, 155.0, 160.0, 165.0, 170.0, 175.0, 180.0],
        [29.999999999999996, 35.0, 40.0, 45.0, 50.0, 55.0, 59.99999999999999, 65.0, 70.0, 75.0, 80.0, 85.0, 90.0, 95.0, 100.0, 105.00000000000001, 110.0, 115.0, 119.99999999999999, 125.00000000000001, 130.0, 135.0, 140.0, 145.0, 150.0, 155.0, 160.0, 165.0, 170.0, 175.0, 180.0]
    ],
    "velocity_boat_matrix_list": [
        [1.9646784541744304, 2.2087903788208054, 2.432634064760854, 2.4684526504916806, 2.580850027656121, 2.6754346738437054, 2.726705002450894, 2.767487551934386, 2.7929220075477432, 2.8029939321757653, 2.798104010692739, 2.7790581505952807, 2.7470353837706707, 2.6983348970293464, 2.6167740592017052, 2.530168241133578, 2.4326446933603076, 2.394678564425877, 2.1892699203569577, 2.015489613606879, 1.8308853476489886, 1.695966014649201, 1.6271942455230726, 1.5776736897436068, 1.5486642876282546, 1.5332023304540585, 1.5286076699183968, 1.5291222773305249, 1.5190666530091212, 1.5161967343424971, 0.6414922523899491],
        [2.4326412714877326, 2.5998255528758607, 2.842804255913367, 3.0006973650242426, 3.1221765433970643, 3.2085329588089055, 3.265057193609632, 3.3103055593865998, 3.339425700264164, 3.3524072350078247, 3.3504746950803463, 3.3314558586438263, 3.2970396548462078, 3.220642211452605, 3.136539540751648, 3.018912290450106, 2.86948424237564, 2.6705605947996016, 2.496642072099437, 2.4326442161882738, 2.288085770922086, 2.179094613507853, 2.1130259175500057, 2.0644461271468644, 2.036276351480538, 2.021154905872666, 2.0173254480787985, 2.018027705547306, 2.007510819655134, 2.004663939971395, 1.0749868941453533],
        [2.7052551788934585, 3.02461580051628, 3.2389993374040214, 3.413600695214217, 3.483020445407612, 3.5292543347931957, 3.5658830019858385, 3.5965313778695096, 3.6185769751476067, 3.631663583230296, 3.631918512420526, 3.6218908914779853, 3.587087152043115, 3.545203006839527, 3.4859928505062756, 3.4144259017897767, 3.238266216026873, 3.06401977183657, 2.904140854294644, 2.703781907591297, 2.565433867322294, 2.495542235015284, 2.441732506654508, 2.4326448282142397, 2.432642365701166, 2.432642434938174, 2.4326444926092807, 2.4326443788368537, 2.432630759340459, 2.4326444028289775, 1.376913045667401],
        [3.0309589513055393, 3.3527429415114267, 3.5007904676422044, 3.606924562706699, 3.691623259754424, 3.756673130930498, 3.8096747603873746, 3.8549775826105406, 3.8891509999373786, 3.904106397191455, 3.9105804586501947, 3.897264222741918, 3.8541110852957763, 3.7868119515439163, 3.689073163271421, 3.5923552843492987, 3.499319487503806, 3.4120684302321154, 3.2153344224971687, 3.0553919369867204, 2.948604246447136, 2.8744803391694944, 2.809410598518096, 2.7677375811605716, 2.746744476932832, 2.740225586323101, 2.7468533697121154, 2.7469434427712653, 2.737857610719996, 2.7374891337949623, 1.6158267573796792],
        [3.287280250976117, 3.533348351776541, 3.678847455569259, 3.816325523433891, 3.9089280170409486, 3.9625986541753155, 4.00734621934013, 4.046287773113864, 4.076836438514918, 4.098518377473658, 4.1026369317875355, 4.084538917172348, 4.056251821628545, 3.986920117953331, 3.9125251753165347, 3.8011708126146235, 3.6816598695000358, 3.5710915324089596, 3.4731204070049735, 3.37904116704744, 3.264824279582605, 3.193331964002726, 3.1397873275831674, 3.107845764090116, 3.0928488750382317, 3.090962179505532, 3.1012413716479945, 3.101025640040246, 3.0939768405373975, 3.094821950429607, 1.8851344121038014],
        [3.4663966654116143, 3.684178070908157, 3.864676633057063, 3.9817433981889865, 4.058578304404853, 4.127958790441829, 4.187105962300123, 4.239651119916557, 4.282410039355384, 4.314594680780159, 4.3140703035982, 4.295600859739931, 4.249074670639436, 4.165034367602068, 4.072171241138386, 3.9802178082382715, 3.8918931912907326, 3.7552065193642146, 3.641504432343737, 3.550625673956891, 3.504797493165794, 3.467884585348486, 3.4399007904033816, 3.424575045227716, 3.418153584355673, 3.419641309118259, 3.428234837197616, 3.427555279252549, 3.423963495264237, 3.4251304398559173, 2.1026104284585654]
    ],