{
    "angle_tw_matrix_list": [
        [29.999999999999996, 35.0, 40.0, 45.0, 50.0, 55.0, 59.99999999999999, 65.0, 70.0, 75.0, 80.0, 85.0, 90.0, 95.0, 100.0, 105.00000000000001, 110.0, 115.0, 119.99999999999999, 125.00000000000001, 130.0, 135.0, 140.0, 145.0, 150.0, 155.0, 160.0, 165.0, 170.0, 175.0, 180.0],
        [29.999999999999996, 35.0, 40.0, 45.0, 50.0, 55.0, 59.99999999999999, 65.0, 70.0, 75.0, 80.0, 85.0, 90.0, 95.0, 100.0, 105.00000000000001, 110.0, 115.0, 119.99999999999999, 125.00000000000001, 130.0, 135.0, 140.0, 145.0, 150.0, 155.0, 160.0, 165.0, 170.0, 175.0, 180.0],
        [29.999999999999996, 35.0, 40.0, 45.0, 50.0, 55.0, 59.99999999999999, 65.0, 70.0, 75.0, 80.0, 85.0, 90.0, 95.0, 100.0, 105.00000000000001, 110.0, 115.0, 119.99999999999999, 125.00000000000001, 130.0, 135.0, 140.0, 145.0, 150.0, 155.0, 160.0, 165.0, 170.0, 175.0, 180.0],
        [29.999999999999996, 35.0, 40.0, 45.0, 50.0, 55.0, 59.99999999999999, 65.0, 70.0, 75.0, 80.0, 85.0, 90.0, 95.0, 100.0, 105.00000000000001, 110.0, 115.0, 119.99999999999999, 125.00000000000001, 130.0, 135.0, 140.0, 145.0, 150.0, 155.0, 160.0, 165.0, 170.0, 175.0, 180.0],
        [29.999999999999996, 35.0, 40.0, 45.0, 50.0, 55.0, 59.99999999999999, 65.0, 70.0, 75.0, 80.0, 85.0, 90.0, 95.0, 100.0, 105.00000000000001, 110.0, 115.0, 119.99999999999999, 125.00000000000001, 130.0, 135.0, 140.0, 145.0, 150.0, 155.0, 160.0, 165.0, 170.0, 175.0, 180.0],
        [29.999999999999996, 35.0, 40.0, 45.0, 50.0, 55.0, 59.99999999999999, 65.0, 70.0, 75.0, 80.0, 85.0, 90.0, 95.0, 100.0, 105.00000000000001, 110.0, 115.0, 119.99999999999999, 125.00000000000001, 130.0, 135.0, 140.0, 145.0, 150.0, 155.0, 160.0, 165.0, 170.0, 175.0, 180.0]
    ],
    "velocity_boat_matrix_list": [
        [1.9648908780460475, 2.2008610681269216, 2.4311500832997908, 2.491910875993771, 2.5676045889300343, 2.6301877129533078, 2.664463192576414, 2.6918442594746566, 2.709037147948268, 2.716064858688921, 2.713192253470475, 2.7009186326582837, 2.679958369787472, 2.6447139162402507, 2.592067041636088, 2.535575511401101, 2.475729957646307, 2.3719654240042347, 2.1826449374499686, 2.021010914183133, 1.8159713650280096, 1.6817525497299242, 1.6121993542106092, 1.5624612679100935, 1.5339959162338592, 1.5190161540483418, 1.5150186488485897, 1.5154724904687793, 1.5055194715713534, 1.5027973327240534, 0.44463424799993706],
        [2.4143418057245483, 2.578862325348703, 2.7450210937425843, 2.8826150322592308, 3.0128286963509043, 3.106283350335106, 3.1720420427574836, 3.2249817129970633, 3.2593752743693427, 3.276983573224282, 3.2733140976429573, 3.2526432145487725, 3.2070707875282496, 3.1206051826120333, 3.0255563221524175, 2.8843757280800437, 2.7502667464852157, 2.625902720792189, 2.513575404166186, 2.4558089988128935, 2.2758726664472873, 2.173411193665925, 2.109913607236471, 2.0630364767950757, 2.0357544861218324, 2.021018725063422, 2.0172012015413956, 2.0178094115970873, 2.0075763001529427, 2.004777932807778, 0.8520014705101224],
        [2.6490804810127586, 2.9182694286021187, 3.1705162949938424, 3.3867109090552177, 3.5317174456540856, 3.606227779402829, 3.6651145452543576, 3.7146375392977897, 3.748665196726603, 3.763280846780677, 3.7630634376435834, 3.7487796469397114, 3.695629711084484, 3.6257669275098054, 3.5317621639687897, 3.3576244209935515, 3.13636115712061, 2.9405444813054564, 2.7813484367673222, 2.652680323635551, 2.5586811527447724, 2.5075077148823373, 2.4757289392836195, 2.475728733418416, 2.448243854831447, 2.4331984363436736, 2.4324038868200963, 2.4330964602878287, 2.4210731392898266, 2.418576551079217, 1.3672097034391153],
        [2.931622766199775, 3.307494314383205, 3.556514220156252, 3.7230726488186474, 3.86335135462344, 3.9646668363108684, 4.006671632921204, 4.042582022665949, 4.069503523585887, 4.08705238487786, 4.095006458192519, 4.081436229397208, 4.044485947822545, 4.000781290017619, 3.87989667691315, 3.711644997838307, 3.5528633731825776, 3.355461146185469, 3.119277348064658, 2.947159302418568, 2.847847620086657, 2.7869933765167865, 2.740692539937425, 2.711557017452759, 2.696908434822707, 2.693133896812582, 2.699494150973788, 2.6990398467789625, 2.6923511033910903, 2.6923691786396455, 1.5771028206325715],
        [3.2298898116197687, 3.6015981742378593, 3.8303659232351457, 4.003612176079181, 4.089641213210319, 4.159039976993601, 4.216752014280031, 4.2671061559458225, 4.306488037715134, 4.334220858285081, 4.347939557793228, 4.325005395570919, 4.287314929710927, 4.208132387500156, 4.108074010089937, 4.008971732489652, 3.857934716579058, 3.669207196713784, 3.5051445310269678, 3.3156622470047643, 3.196360735047917, 3.11905839934965, 3.062229198629521, 3.0305819243709107, 3.016603638089327, 3.0168193796255696, 3.030031152848612, 3.028689448774744, 3.0217888663181025, 3.023231713146253, 1.8458041570238657],
        [3.4970998037074863, 3.8324513783820557, 4.038386570276866, 4.175010620798343, 4.277494752245434, 4.367051731253146, 4.4431958878183275, 4.4986798085154485, 4.533530091346248, 4.559482794288322, 4.565421942163762, 4.550965130052945, 4.523903249452611, 4.442830557385148, 4.317888647319833, 4.193882977522832, 4.07565525861457, 3.9659738564496863, 3.773923302073477, 3.623073450912595, 3.5460376410513774, 3.4882950064563114, 3.434231320395102, 3.399889540274664, 3.386284915161432, 3.3898805650686157, 3.4090674409203605, 3.4059934520862076, 3.398567967532584, 3.4009555073588262, 2.0767108266948044]
    ],