{
    "angle_tw_matrix_list": [
        [29.999999999999996, 35.0, 40.0, 45.0, 50.0, 55.0, 59.99999999999999, 65.0, 70.0, 75.0, 80.0, 85.0, 90.0, 95.0, 100.0, 105.00000000000001, 110.0, 115.0, 119.99999999999999, 125.00000000000001, 130.0, 135.0, 140.0, 145.0, 150.0, 155.0, 160.0, 165.0, 170.0, 175.0, 180.0],
        [29.999999999999996, 35.0, 40.0, 45.0, 50.0, 55.0, 59.99999999999999, 65.0, 70.0, 75.0, 80.0, 85.0, 90.0, 95.0, 100.0, 105.00000000000001, 110.0, 115.0, 119.99999999999999, 125.00000000000001, 130.0, 135.0, 140.0, 145.0, 150.0, 155.0, 160.0, 165.0, 170.0, 175.0, 180.0],
        [29.999999999999996, 35.0, 40.0, 45.0, 50.0, 55.0, 59.99999999999999, 65.0, 70.0, 75.0, 80.0, 85.0, 90.0, 95.0, 100.0, 105.00000000000001, 110.0, 115.0, 119.99999999999999, 125.00000000000001, 130.0, 135.0, 140.0, 145.0, 150.0, 155.0, 160.0, 165.0, 170.0, 175.0, 180.0],
        [29.999999999999996, 35.0, 40.0, 45.0, 50.0, 55.0, 59.99999999999999, 65.0, 70.0, 75.0, 80.0, 85.0, 90.0, 95.0, 100.0, 105.00000000000001, 110.0, 115.0, 119.99999999999999, 125.00000000000001, 130.0, 135.0, 140.0, 145.0, 150.0, 155.0, 160.0, 165.0, 170.0, 175.0, 180.0],
        [29.999999999999996, 35.0, 40.0, 45.0, 50.0, 55.0, 59.99999999999999, 65.0, 70.0, 75.0, 80.0, 85.0, 90.0, 95.0, 100.0, 105.00000000000001, 110.0, 115.0, 119.99999999999999, 125.00000000000001, 130.0, 135.0, 140.0, 145.0, 150.0, 155.0, 160.0, 165.0, 170.0, 175.0, 180.0],
        [29.999999999999996, 35.0, 40.0, 45.0, 50.0, 55.0, 59.99999999999999, 65.0, 70.0, 75.0, 80.0, 85.0, 90.0, 95.0, 100.0, 105.00000000000001, 110.0, 115.0, 119.99999999999999, 125.00000000000001, 130.0, 135.0, 140.0, 145.0, 150.0, 155.0, 160.0, 165.0, 170.0, 175.0, 180.0]
    ],
    "velocity_boat_matrix_list": [
        [2.069663340853496, 2.3663063708951246, 2.522785746946386, 2.706669281383852, 2.8615625070177604, 2.9865560220762686, 3.059033686375407, 3.1062932658676647, 3.140271461520426, 3.1603062592833213, 3.1660328482358424, 3.1533753307858934, 3.1214385680782746, 3.07666353500261, 3.022402463011143, 2.926228776179603, 2.7786543614145875, 2.583771521706965, 2.4621091643194086, 2.2709344332085175, 2.0497737613089693, 1.862579845914908, 1.7599765064266994, 1.6933105864253133, 1.6504888138076523, 1.626881281537387, 1.616623473540279, 1.61737451502926, 1.6041092113672157, 1.5994144483928505, 0.8355220184317983],
        [2.4621092906108046, 2.7638606602290046, 3.037314559953484, 3.213609975152317, 3.3741132273153456, 3.477037948399684, 3.5127711297879056, 3.543606414267091, 3.5667306018507903, 3.581779111303838, 3.588538465452716, 3.586980311625054, 3.5772145201130243, 3.5558945485883644, 3.51344375388562, 3.4634422520223658, 3.3038691000893703, 3.0975767982484412, 2.889556086847594, 2.6327919900703214, 2.4621095510896893, 2.3709713991815784, 2.277604557409888, 2.209061445337334, 2.1652692290143696, 2.1409875835564667, 2.1311587377201655, 2.1325930729470612, 2.1181017828793673, 2.113195779976429, 1.2368469001751443],
        [2.8049784154879958, 3.1428434402807617, 3.430013973807703, 3.540276112389384, 3.634534026269733, 3.706658337472764, 3.7602301361573978, 3.80726076952194, 3.844103450989114, 3.8703115941833954, 3.8851759211889076, 3.888390725717489, 3.8694853864101058, 3.827248971076331, 3.7747577347463883, 3.6770622781918934, 3.576277871144747, 3.4811739156995753, 3.288691403505624, 3.067875531672472, 2.877844034191169, 2.7363202210427455, 2.653488615245533, 2.5930207817678506, 2.5581752319739053, 2.5399297423965024, 2.5359205298693666, 2.5381492141613515, 2.5251861292279068, 2.521758274442803, 1.4866629344602416],
        [3.087063616538768, 3.451813772520261, 3.608379709453789, 3.742244961381553, 3.8679766459846583, 3.9510621378543096, 4.0001334727485585, 4.0434300794919995, 4.0785613888664045, 4.105003370880259, 4.122336297687959, 4.124066260756442, 4.102143902444063, 4.070117986425762, 4.008389596760648, 3.923155209424142, 3.7873511073180417, 3.6613226658052236, 3.5476757230209626, 3.4479145348507054, 3.247285668156537, 3.143729129265689, 3.071195144066259, 3.0185425951709806, 2.989681469302552, 2.9756656443225475, 2.9753318047837416, 2.978419209180119, 2.96679260567082, 2.964310142781194, 1.7827416224486188],
        [3.3074520961485603, 3.589140213122574, 3.780943276855704, 3.946608197515935, 4.045858945004155, 4.121572098726308, 4.187517832196396, 4.247603165025115, 4.298209351025595, 4.3378340782824845, 4.366375233891242, 4.360723019317227, 4.33803249245958, 4.285522209413557, 4.201473262118277, 4.102845768586943, 3.998164429046076, 3.8753193690529955, 3.7325709747013454, 3.617860466881552, 3.534271336082827, 3.4871695450617444, 3.4497519861472856, 3.3957464288854546, 3.366616814135212, 3.355647479278243, 3.3541213754656836, 3.3512450460316123, 3.335869504748348, 3.3314484071851584, 2.0616210195335367],
        [3.4729143015705666, 3.7209333613191324, 3.9467891005132376, 4.083427785786678, 4.202015469610912, 4.2981700168777754, 4.383709803335232, 4.466051065699736, 4.519625459324611, 4.563954640712982, 4.590803387886875, 4.587599792095994, 4.571252646778347, 4.510122924139214, 4.420884901158826, 4.30179284922994, 4.1721628627621445, 4.05206769778119, 3.9468625185819626, 3.81921192478756, 3.7405596064896725, 3.6893290876811706, 3.6502822433816102, 3.6263556844447735, 3.6096627021353136, 3.6014812769394027, 3.60366111100174, 3.6010595900274645, 3.593719472335472, 3.599027933356421, 2.3106741676406197]
    ],