{
    "angle_tw_matrix_list": [
        [29.999999999999996, 35.0, 40.0, 45.0, 50.0, 55.0, 59.99999999999999, 65.0, 70.0, 75.0, 80.0, 85.0, 90.0, 95.0, 100.0, 105.00000000000001, 110.0, 115.0, 119.99999999999999, 125.00000000000001, 130.0, 135.0, 140.0, 145.0, 150.0, 155.0, 160.0, 165.0, 170.0, 175.0, 180.0],
        [29.999999999999996, 35.0, 40.0, 45.0, 50.0, 55.0, 59.99999999999999, 65.0, 70.0, 75.0, 80.0, 85.0, 90.0, 95.0, 100.0, 105.00000000000001, 110.0, 115.0, 119.99999999999999, 125.00000000000001, 130.0, 135.0, 140.0, 145.0, 150.0, 155.0, 160.0, 165.0, 170.0, 175.0, 180.0],
        [29.999999999999996, 35.0, 40.0, 45.0, 50.0, 55.0, 59.99999999999999, 65.0, 70.0, 75.0, 80.0, 85.0, 90.0, 95.0, 100.0, 105.00000000000001, 110.0, 115.0, 119.99999999999999, 125.00000000000001, 130.0, 135.0, 140.0, 145.0, 150.0, 155.0, 160.0, 165.0, 170.0, 175.0, 180.0],
        [29.999999999999996, 35.0, 40.0, 45.0, 50.0, 55.0, 59.99999999999999, 65.0, 70.0, 75.0, 80.0, 85.0, 90.0, 95.0, 100.0, 105.00000000000001, 110.0, 115.0, 119.99999999999999, 125.00000000000001, 130.0, 135.0, 140.0, 145.0, 150.0, 155.0, 160.0, 165.0, 170.0, 175.0, 180.0],
        [29.999999999999996, 35.0, 40.0, 45.0, 50.0, 55.0, 59.99999999999999, 65.0, 70.0, 75.0, 80.0, 85.0, 90.0, 95.0, 100.0, 105.00000000000001, 110.0, 115.0, 119.99999999999999, 125.00000000000001, 130.0, 135.0, 140.0, 145.0, 150.0, 155.0, 160.0, 165.0, 170.0, 175.0, 180.0],
        [29.999999999999996, 35.0, 40.0, 45.0, 50.0, 55.0, 59.99999999999999, 65.0, 70.0, 75.0, 80.0, 85.0, 90.0, 95.0, 100.0, 105.00000000000001, 110.0, 115.0, 119.99999999999999, 125.00000000000001, 130.0, 135.0, 140.0, 145.0, 150.0, 155.0, 160.0, 165.0, 170.0, 175.0, 180.0]
    ],
    "velocity_boat_matrix_list": [
        [2.1297352742785574, 2.377504984921304, 2.51227403762151, 2.6552009322217214, 2.775690796949939, 2.885315794413008, 2.961734358533832, 2.9920504604142826, 3.013230804210276, 3.0229688529328445, 3.019513393022561, 3.0065788712110644, 2.984828167333286, 2.9478016900973234, 2.868383704796328, 2.7603214467276005, 2.6439912239456853, 2.4924513007443405, 2.4280959462332854, 2.2224652409437526, 2.0564183847221083, 1.9122485042405575, 1.8111469529367907, 1.7483776105109392, 1.7053340613637344, 1.680468667215652, 1.6679702320524885, 1.6664908099601066, 1.654828722682917, 1.649606804904534, 0.5394602667608752],
        [2.4803135131500857, 2.7273410480700866, 2.97037963338862, 3.0911258785388265, 3.2033683021399186, 3.2984025197978415, 3.3592409982259057, 3.4121745421692307, 3.4520382277508146, 3.4654741735477397, 3.4703208540418, 3.468341187805944, 3.4596910944117827, 3.4057416282837645, 3.3175169274991516, 3.2128835358732704, 3.07635376481148, 2.9368998115784155, 2.7176519542694777, 2.532998604520417, 2.4642981732463403, 2.314638942979766, 2.238335876995421, 2.181303973916505, 2.144590320791554, 2.1238072434445727, 2.115380816137992, 2.11629122215302, 2.103714219697931, 2.0993913416045906, 0.9472659871780558],
        [2.7857283002958795, 3.0586000715691175, 3.259863599338033, 3.427649727563273, 3.5194164704622874, 3.576487704590979, 3.619622012181016, 3.6573974024622538, 3.686825092115981, 3.7073998249656563, 3.7189657954373883, 3.721081779078221, 3.698190289048325, 3.6621563708600817, 3.6052974354323744, 3.52360662878414, 3.425726074398844, 3.2406795674834106, 3.0774967902264225, 2.9167224734594375, 2.734421670665354, 2.6386886613378153, 2.5734721030826724, 2.5255405604468044, 2.4984580293962297, 2.484338465486147, 2.4821239173782192, 2.4834092282406384, 2.472842366978609, 2.4701741338625913, 1.4929575131281112],
        [3.0352675575533, 3.3000790617688747, 3.5039852798501006, 3.6138846194080676, 3.7153699394779856, 3.7880569443246923, 3.8498564736157874, 3.905456824280041, 3.949977363128367, 3.9708036088664067, 3.9843968094326057, 3.9819745971136653, 3.963540994480658, 3.927524064298263, 3.83069782679117, 3.721528030656057, 3.614653619858639, 3.514034003720781, 3.3777517883885366, 3.2023594456877964, 3.0770924996372377, 3.012321150967485, 2.9614306547502602, 2.9070035688107922, 2.8781356036895636, 2.865924208696544, 2.8695279295913805, 2.871541375339148, 2.8602511675400444, 2.8585150325946613, 1.7599561923135647],
        [3.2094882494639245, 3.494443882027703, 3.6511827370419883, 3.7904882351610993, 3.914998079800741, 3.987613816608225, 4.039688934022637, 4.087396094012671, 4.1278060503385445, 4.160225374883915, 4.1815730768599995, 4.173435542596087, 4.154361091846383, 4.104055749070387, 4.033848126666262, 3.9518214581031845, 3.816649172230475, 3.6887721783474117, 3.5745732463661577, 3.483918810096792, 3.385263348767548, 3.309934141928254, 3.2527684373292582, 3.2161128333585123, 3.1986196523180714, 3.193961401176052, 3.2003797000909433, 3.198035158704775, 3.188422792138453, 3.1944255207563317, 1.9978545505834318],
        [3.365303818326692, 3.6067125921416108, 3.793619936533457, 3.9583784952318233, 4.052852174263823, 4.129485254993456, 4.197895660902316, 4.261703450778367, 4.317449105664451, 4.364150070570789, 4.38880025576244, 4.385290136492019, 4.361355856996498, 4.293057764606716, 4.209856411465475, 4.109328177626628, 4.008943943053665, 3.891254742088354, 3.75738175771597, 3.6516079462689115, 3.5955049815482676, 3.553791087402681, 3.5218927669386484, 3.5035989245844505, 3.4932630049659927, 3.4885123726116993, 3.492940094161588, 3.4907669799786833, 3.4928001063112437, 3.5103325490328623, 2.188488535818291]
    ],