{
    "angle_tw_matrix_list": [
        [29.999999999999996, 35.0, 40.0, 45.0, 50.0, 55.0, 59.99999999999999, 65.0, 70.0, 75.0, 80.0, 85.0, 90.0, 95.0, 100.0, 105.00000000000001, 110.0, 115.0, 119.99999999999999, 125.00000000000001, 130.0, 135.0, 140.0, 145.0, 150.0, 155.0, 160.0, 165.0, 170.0, 175.0, 180.0],
        [29.999999999999996, 35.0, 40.0, 45.0, 50.0, 55.0, 59.99999999999999, 65.0, 70.0, 75.0, 80.0, 85.0, 90.0, 95.0, 100.0, 105.00000000000001, 110.0, 115.0, 119.99999999999999, 125.00000000000001, 130.0, 135.0, 140.0, 145.0, 150.0, 155.0, 160.0, 165.0, 170.0, 175.0, 180.0],
        [29.999999999999996, 35.0, 40.0, 45.0, 50.0, 55.0, 59.99999999999999, 65.0, 70.0, 75.0, 80.0, 85.0, 90.0, 95.0, 100.0, 105.00000000000001, 110.0, 115.0, 119.99999999999999, 125.00000000000001, 130.0, 135.0, 140.0, 145.0, 150.0, 155.0, 160.0, 165.0, 170.0, 175.0, 180.0],
        [29.999999999999996, 35.0, 40.0, 45.0, 50.0, 55.0, 59.99999999999999, 65.0, 70.0, 75.0, 80.0, 85.0, 90.0, 95.0, 100.0, 105.00000000000001, 110.0, 115.0, 119.99999999999999, 125.00000000000001, 130.0, 135.0, 140.0, 145.0, 150.0, 155.0, 160.0, 165.0, 170.0, 175.0, 180.0],
        [29.999999999999996, 35.0, 40.0, 45.0, 50.0, 55.0, 59.99999999999999, 65.0, 70.0, 75.0, 80.0, 85.0, 90.0, 95.0, 100.0, 105.00000000000001, 110.0, 115.0, 119.99999999999999, 125.00000000000001, 130.0, 135.0, 140.0, 145.0, 150.0, 155.0, 160.0, 165.0, 170.0, 175.0, 180.0],
        [29.999999999999996, 35.0, 40.0, 45.0, 50.0, 55.0, 59.99999999999999, 65.0, 70.0, 75.0, 80.0, 85.0, 90.0, 95.0, 100.0, 105.00000000000001, 110.0, 115.0, 119.99999999999999, 125.00000000000001, 130.0, 135.0, 140.0, 145.0, 150.0, 155.0, 160.0, 165.0, 170.0, 175.0, 180.0]
    ],
    "velocity_boat_matrix_list": [
        [1.9193886402700076, 2.1763170066498763, 2.384835928902639, 2.5479587495712943, 2.606701037460578, 2.6962701528198765, 2.7475403862696157, 2.7902221366150664, 2.8193918117764594, 2.8342369974983095, 2.835475354983133, 2.8236485235808795, 2.799640414105685, 2.7646407156719968, 2.696130307052144, 2.6215086293904633, 2.585630120297463, 2.421531552052524, 2.2575227727077887, 2.1144958091891297, 1.9421003546594007, 1.8033597793958298, 1.7377650438685974, 1.688330382687745, 1.6551718565495799, 1.636059040333776, 1.6271302824282083, 1.6274810437094036, 1.6163485296893798, 1.6121325282784593, 0.5727660760151182],
        [2.3261075048552233, 2.585633961452755, 2.7967341185273167, 2.9791147298181224, 3.1310357780479197, 3.2078587974134565, 3.2599418094281822, 3.3034581199981914, 3.333815086456803, 3.3507904156206765, 3.354491581714651, 3.345371093215134, 3.324031426098606, 3.266233511541538, 3.200606175862858, 3.1136979218647713, 2.933892499033224, 2.75979378161452, 2.6043416198253877, 2.501385964550471, 2.3375684014952025, 2.2366581590968626, 2.1771897059756355, 2.132162191346481, 2.103784637681835, 2.0877009714952885, 2.0817391851159823, 2.082514020213429, 2.071862017147316, 2.068239066552989, 0.9804481261593221],
        [2.6296630145087017, 2.9668635552506286, 3.2076796397144327, 3.37396606553022, 3.522782495209725, 3.6225371639473, 3.6580719602535146, 3.68718738057479, 3.708237793422659, 3.721017698326258, 3.7254911473677854, 3.7218237308959363, 3.695560298450879, 3.660818196238989, 3.6070012699222316, 3.448225622595282, 3.2957730389950015, 3.154005023999582, 2.969709656298038, 2.786646361027593, 2.6525205770129654, 2.5857087962629666, 2.575655835065333, 2.521446863760715, 2.4913951875125484, 2.4758956506811884, 2.473536580493669, 2.4746563611936856, 2.462576635693771, 2.4594372984788695, 1.509833732812153],
        [2.935528136511182, 3.276698579178266, 3.511798808802409, 3.66998280185065, 3.7555268580201635, 3.8199193775669382, 3.873092596655399, 3.9197767740776563, 3.955919191877078, 3.9771151003911145, 3.98725248786083, 3.9705266492637556, 3.9345796099651884, 3.8841741142590833, 3.799783838358311, 3.7138299331536366, 3.6296498925614826, 3.451683929565446, 3.2816932089455793, 3.145121776943361, 3.0158798956745962, 2.935379066935353, 2.8738782884565874, 2.8324832090437657, 2.8107426870872754, 2.8023536972688445, 2.806279048769302, 2.8070777099544406, 2.7975005228054637, 2.7961606538914676, 1.8020251884969942],
        [3.187281762122078, 3.5266538558450904, 3.7152954015019417, 3.846097392745267, 3.9506510741774647, 4.036334301354879, 4.108705569624895, 4.1602372079182715, 4.193685280830559, 4.218775009964428, 4.229404275940248, 4.2115174462822855, 4.184433456063138, 4.124153174299281, 4.0155139829956035, 3.904844878783494, 3.7973154242948257, 3.696361322342476, 3.5843267043302665, 3.421426863847094, 3.3204974527058635, 3.25826686651512, 3.2105255265168284, 3.1801884757542638, 3.1650385433476957, 3.1613243150538506, 3.168213878514784, 3.1686024189966666, 3.1613506943900416, 3.1611158239630415, 2.0556220460165253],
        [3.3606512440849663, 3.6948638416470105, 3.866091605748427, 4.028817144116025, 4.148973001984391, 4.2203961342877685, 4.281927412099437, 4.3371265517701545, 4.383074914149, 4.419026705474146, 4.429238625697771, 4.41385614151912, 4.374752328651736, 4.297861428007413, 4.214745003336377, 4.124262559815389, 3.990594998719357, 3.8663915859809523, 3.7599029438405838, 3.674296641290177, 3.626408735408714, 3.561953103721167, 3.5088924078610875, 3.4791378979129672, 3.4661653310844884, 3.4667232029245345, 3.480310477014473, 3.4804814727028233, 3.4740764347024085, 3.4777024072786387, 2.251426428817372]
    ],