{
    "angle_tw_matrix_list": [
        [29.999999999999996, 35.0, 40.0, 45.0, 50.0, 55.0, 59.99999999999999, 65.0, 70.0, 75.0, 80.0, 85.0, 90.0, 95.0, 100.0, 105.00000000000001, 110.0, 115.0, 119.99999999999999, 125.00000000000001, 130.0, 135.0, 140.0, 145.0, 150.0, 155.0, 160.0, 165.0, 170.0, 175.0, 180.0],
        [29.999999999999996, 35.0, 40.0, 45.0, 50.0, 55.0, 59.99999999999999, 65.0, 70.0, 75.0, 80.0, 85.0, 90.0, 95.0, 100.0, 105.00000000000001, 110.0, 115.0, 119.99999999999999, 125.00000000000001, 130.0, 135.0, 140.0, 145.0, 150.0, 155.0, 160.0, 165.0, 170.0, 175.0, 180.0],
        [29.999999999999996, 35.0, 40.0, 45.0, 50.0, 55.0, 59.99999999999999, 65.0, 70.0, 75.0, 80.0, 85.0, 90.0, 95.0, 100.0, 105.00000000000001, 110.0, 115.0, 119.99999999999999, 125.00000000000001, 130.0, 135.0, 140.0, 145.0, 150.0, 155.0, 160.0, 165.0, 170.0, 175.0, 180.0],
        [29.999999999999996, 35.0, 40.0, 45.0, 50.0, 55.0, 59.99999999999999, 65.0, 70.0, 75.0, 80.0, 85.0, 90.0, 95.0, 100.0, 105.00000000000001, 110.0, 115.0, 119.99999999999999, 125.00000000000001, 130.0, 135.0, 140.0, 145.0, 150.0, 155.0, 160.0, 165.0, 170.0, 175.0, 180.0],
        [29.999999999999996, 35.0, 40.0, 45.0, 50.0, 55.0, 59.99999999999999, 65.0, 70.0, 75.0, 80.0, 85.0, 90.0, 95.0, 100.0, 105.00000000000001, 110.0, 115.0, 119.99999999999999, 125.00000000000001, 130.0, 135.0, 140.0, 145.0, 150.0, 155.0, 160.0, 165.0, 170.0, 175.0, 180.0],
        [29.999999999999996, 35.0, 40.0, 45.0, 50.0, 55.0, 59.99999999999999, 65.0, 70.0, 75.0, 80.0, 85.0, 90.0, 95.0, 100.0, 105.00000000000001, 110.0, 115.0, 119.99999999999999, 125.00000000000001, 130.0, 135.0, 140.0, 145.0, 150.0, 155.0, 160.0, 165.0, 170.0, 175.0, 180.0]
    ],
    "velocity_boat_matrix_list": [
        [2.018677857967114, 2.2518415201336563, 2.4711076265168477, 2.519962605795789, 2.644504609304508, 2.756913438577083, 2.821404174572399, 2.8725964298184303, 2.9066330692263067, 2.923204072210842, 2.9224924882067835, 2.904201223100498, 2.8710465621929706, 2.8242079370215043, 2.740857265580275, 2.643687183115849, 2.520584951092576, 2.471106118328221, 2.3289115922672194, 2.1459676316984257, 1.9958514344645775, 1.8323272218491071, 1.7494769754957322, 1.6912725219381555, 1.6529780692043323, 1.6313308046922441, 1.6214861772014262, 1.6218620348383406, 1.6096160411764682, 1.6051736008015083, 0.6637797253831745],
        [2.4327544332978657, 2.6153764426850366, 2.880951885273452, 3.0433610109349076, 3.1591035575084363, 3.2501588406106894, 3.312062257285776, 3.361107033125399, 3.3949346007736496, 3.413155589703145, 3.41582846568982, 3.4034658777283733, 3.376994089505094, 3.3122371102801407, 3.2336282466337396, 3.132371503327704, 3.0073856099996172, 2.8164955695822878, 2.6130844460304408, 2.471108216733517, 2.396911749436659, 2.2670580648097522, 2.1954803227047535, 2.14207415444865, 2.1086586081898533, 2.0899523962246715, 2.0830267646699085, 2.083761812763171, 2.071903445130092, 2.0680683571023604, 1.0773368221440638],
        [2.681277651760442, 3.015595983419355, 3.2156659914511194, 3.3887716894442566, 3.498032910979011, 3.5446956132372316, 3.5822567490692827, 3.6148267483499095, 3.6398214382273637, 3.6554522745939053, 3.660442763002425, 3.6573321250826054, 3.630173726403012, 3.5958024065809067, 3.546940433037424, 3.482768072136547, 3.343010811719203, 3.172865073344388, 3.0209078760302934, 2.8292427107329923, 2.6596097934501, 2.5755753057893793, 2.513285908458274, 2.4711112723607567, 2.4711092702948916, 2.471106146423917, 2.4711048227483383, 2.4711070915926907, 2.4711071897960837, 2.471107586329678, 1.4978073831652055],
        [2.9871573604382005, 3.2636133188979817, 3.484178946136942, 3.582122957955362, 3.6671990539043775, 3.731400795794363, 3.7852279970642204, 3.8327841238251663, 3.870748152528302, 3.8985616512551333, 3.9147802835598906, 3.899444949923021, 3.8662113573642136, 3.814306598280573, 3.7310815528588512, 3.645307116303592, 3.5608492514365, 3.48055120657304, 3.314531680490583, 3.152279583233512, 3.0373245087825063, 2.9747330442552142, 2.9039362259935086, 2.852736185596883, 2.825942539646828, 2.8152991315294384, 2.8192584071001177, 2.8204987126642997, 2.809530974983183, 2.808094896779775, 1.740851961863259],
        [3.1629526816617557, 3.4787258897883517, 3.615265593735411, 3.7409837651881235, 3.8454520589600536, 3.931234532523061, 3.986051952516237, 4.027738481373341, 4.062075363039461, 4.08870003216929, 4.101796063633899, 4.090642695320428, 4.067801033001833, 4.0127576323879985, 3.9458014068012086, 3.835698390238833, 3.7278506400075933, 3.626371667852426, 3.534817317930327, 3.461095885324291, 3.3413930212623866, 3.268479169982621, 3.2130504839696292, 3.1780548060231038, 3.1607189519695695, 3.156719231361092, 3.1647102489771, 3.1653709497114777, 3.157955717620748, 3.158255610937298, 1.9940651101168962],
        [3.3219474967521756, 3.5803085534631807, 3.7453701434606934, 3.90105043730595, 4.000747982603763, 4.070052589230572, 4.131185263215251, 4.1872978232388345, 4.235362026186859, 4.2740579278181565, 4.286964000722082, 4.28074047848137, 4.244444993117735, 4.1749583649485515, 4.097147985870654, 4.014880816563977, 3.920373105849267, 3.7953126597460485, 3.689289511414676, 3.6036766629535455, 3.558411675906079, 3.5229006931184697, 3.495533864917563, 3.479637836143104, 3.4724467147931364, 3.472783369969099, 3.480576802718303, 3.4809248011767058, 3.477918436244638, 3.4761897108354165, 2.190490858742915]
    ],