{
    "angle_tw_matrix_list": [
        [29.999999999999996, 35.0, 40.0, 45.0, 50.0, 55.0, 59.99999999999999, 65.0, 70.0, 75.0, 80.0, 85.0, 90.0, 95.0, 100.0, 105.00000000000001, 110.0, 115.0, 119.99999999999999, 125.00000000000001, 130.0, 135.0, 140.0, 145.0, 150.0, 155.0, 160.0, 165.0, 170.0, 175.0, 180.0],
        [29.999999999999996, 35.0, 40.0, 45.0, 50.0, 55.0, 59.99999999999999, 65.0, 70.0, 75.0, 80.0, 85.0, 90.0, 95.0, 100.0, 105.00000000000001, 110.0, 115.0, 119.99999999999999, 125.00000000000001, 130.0, 135.0, 140.0, 145.0, 150.0, 155.0, 160.0, 165.0, 170.0, 175.0, 180.0],
        [29.999999999999996, 35.0, 40.0, 45.0, 50.0, 55.0, 59.99999999999999, 65.0, 70.0, 75.0, 80.0, 85.0, 90.0, 95.0, 100.0, 105.00000000000001, 110.0, 115.0, 119.99999999999999, 125.00000000000001, 130.0, 135.0, 140.0, 145.0, 150.0, 155.0, 160.0, 165.0, 170.0, 175.0, 180.0],
        [29.999999999999996, 35.0, 40.0, 45.0, 50.0, 55.0, 59.99999999999999, 65.0, 70.0, 75.0, 80.0, 85.0, 90.0, 95.0, 100.0, 105.00000000000001, 110.0, 115.0, 119.99999999999999, 125.00000000000001, 130.0, 135.0, 140.0, 145.0, 150.0, 155.0, 160.0, 165.0, 170.0, 175.0, 180.0],
        [29.999999999999996, 35.0, 40.0, 45.0, 50.0, 55.0, 59.99999999999999, 65.0, 70.0, 75.0, 80.0, 85.0, 90.0, 95.0, 100.0, 105.00000000000001, 110.0, 115.0, 119.99999999999999, 125.00000000000001, 130.0, 135.0, 140.0, 145.0, 150.0, 155.0, 160.0, 165.0, 170.0, 175.0, 180.0],
        [29.999999999999996, 35.0, 40.0, 45.0, 50.0, 55.0, 59.99999999999999, 65.0, 70.0, 75.0, 80.0, 85.0, 90.0, 95.0, 100.0, 105.00000000000001, 110.0, 115.0, 119.99999999999999, 125.00000000000001, 130.0, 135.0, 140.0, 145.0, 150.0, 155.0, 160.0, 165.0, 170.0, 175.0, 180.0]
    ],
    "velocity_boat_matrix_list": [
        [2.127921053554041, 2.387241381331243, 2.5496541530729346, 2.7299763992990456, 2.8739641864379615, 2.967512494223405, 3.024530441029714, 3.059013345161266, 3.079936186136907, 3.0893171694772197, 3.087216664556661, 3.0740675768513297, 3.050560509339824, 3.017678691646847, 2.974772375485844, 2.896362251413374, 2.76521616934725, 2.5931004515280693, 2.4341503201746018, 2.289956340402168, 2.1067801598743743, 1.9725730747610246, 1.8642475982095814, 1.7948883787561891, 1.7463277484705888, 1.7180905471457464, 1.7031475724310092, 1.6999829136599296, 1.6884243964117023, 1.6825320679074842, 0.6122803593995447],
        [2.5033571215200054, 2.788510178512389, 3.0098848979892274, 3.1531493576434326, 3.2807552099665975, 3.398271780090524, 3.4387837634216107, 3.4697113999658225, 3.4928731415881926, 3.5080372624352005, 3.5147477211781237, 3.5128848437089775, 3.4988102983904565, 3.4685385097409682, 3.423211287487275, 3.3325757934884703, 3.1758268014734816, 3.0251029824730935, 2.857970912822248, 2.630865605175126, 2.456219079185729, 2.3638490982293794, 2.2807770762354473, 2.218654331641232, 2.1778685422102693, 2.154604904765306, 2.1444897267230987, 2.145220532203893, 2.1316877855512275, 2.126885112499656, 1.0431694251088286],
        [2.831393949561241, 3.094166549376509, 3.3251436528107234, 3.4649147409950087, 3.560639616087313, 3.6363594904056655, 3.6914279517560673, 3.739943134314867, 3.7778533937101177, 3.804877452343982, 3.820447339597101, 3.8244664109885274, 3.803568426510038, 3.7551436276640198, 3.6907272652114655, 3.5884247655227077, 3.486572850260393, 3.3668576107423362, 3.1724357121490185, 3.0055364284407955, 2.8474183935363873, 2.7200171113621896, 2.6427653711966257, 2.5857545003740454, 2.552416284297019, 2.5345204097172154, 2.5301151049713173, 2.531488378974084, 2.5192298222775857, 2.5161726458210194, 1.5694637348929996],
        [3.051768113734504, 3.3430750111916336, 3.5304232705465126, 3.664879447888822, 3.792545719791804, 3.8871747933819023, 3.9404635212167727, 3.986252935587812, 4.024097255252757, 4.053032965539044, 4.072292904846037, 4.075292701656594, 4.0532197212835355, 4.020304589705567, 3.9465362879313957, 3.842913892712224, 3.705746460130507, 3.576834415374302, 3.459961576167458, 3.307386886576398, 3.151713439460202, 3.0762509156343962, 3.0171169057110556, 2.9740415356163488, 2.949886648392685, 2.938522187241666, 2.9381669706441964, 2.939722152520224, 2.930247753850172, 2.9283156681355598, 1.8236157307778584],
        [3.2220175996899987, 3.50198840856216, 3.695029276423148, 3.86442270773199, 3.9801819056291254, 4.058300767441645, 4.127117043292, 4.1905721764125134, 4.244951530055821, 4.289256837044873, 4.322495465677994, 4.320535592592645, 4.298872847189447, 4.24530642002804, 4.15161081812314, 4.045695366498883, 3.9377535947682802, 3.7991978739996126, 3.6517423054198117, 3.5353136905174627, 3.454004576169101, 3.4049219738587997, 3.3371712201181327, 3.292062920762365, 3.26893450100439, 3.2609707185872123, 3.267648782115973, 3.2699965548054175, 3.2602436001907957, 3.2594132422578777, 2.0433586375942743],
        [3.3658670599665004, 3.6198119099052413, 3.848001185103945, 4.0003427586593405, 4.127079216713567, 4.2271036137629885, 4.317433157997277, 4.395618072411488, 4.439316259003945, 4.4763867999805, 4.5014217539390255, 4.502413125747396, 4.492220349896403, 4.445768440193809, 4.385554513812125, 4.255330567625204, 4.122031300817458, 3.9958098455784086, 3.879754928730982, 3.743165210958656, 3.6666134996386583, 3.6137436039379547, 3.573377560171429, 3.5483469752783745, 3.536769550054707, 3.533805804940634, 3.539233936938674, 3.537468055170589, 3.539104852850367, 3.5333947717616585, 2.2456497161223936]
    ],