{
    "angle_tw_matrix_list": [
        [29.999999999999996, 35.0, 40.0, 45.0, 50.0, 55.0, 59.99999999999999, 65.0, 70.0, 75.0, 80.0, 85.0, 90.0, 95.0, 100.0, 105.00000000000001, 110.0, 115.0, 119.99999999999999, 125.00000000000001, 130.0, 135.0, 140.0, 145.0, 150.0, 155.0, 160.0, 165.0, 170.0, 175.0, 180.0],
        [29.999999999999996, 35.0, 40.0, 45.0, 50.0, 55.0, 59.99999999999999, 65.0, 70.0, 75.0, 80.0, 85.0, 90.0, 95.0, 100.0, 105.00000000000001, 110.0, 115.0, 119.99999999999999, 125.00000000000001, 130.0, 135.0, 140.0, 145.0, 150.0, 155.0, 160.0, 165.0, 170.0, 175.0, 180.0],
        [29.999999999999996, 35.0, 40.0, 45.0, 50.0, 55.0, 59.99999999999999, 65.0, 70.0, 75.0, 80.0, 85.0, 90.0, 95.0, 100.0, 105.00000000000001, 110.0, 115.0, 119.99999999999999, 125.00000000000001, 130.0, 135.0, 140.0, 145.0, 150.0, 155.0, 160.0, 165.0, 170.0, 175.0, 180.0],
        [29.999999999999996, 35.0, 40.0, 45.0, 50.0, 55.0, 59.99999999999999, 65.0, 70.0, 75.0, 80.0, 85.0, 90.0, 95.0, 100.0, 105.00000000000001, 110.0, 115.0, 119.99999999999999, 125.00000000000001, 130.0, 135.0, 140.0, 145.0, 150.0, 155.0, 160.0, 165.0, 170.0, 175.0, 180.0],
        [29.999999999999996, 35.0, 40.0, 45.0, 50.0, 55.0, 59.99999999999999, 65.0, 70.0, 75.0, 80.0, 85.0, 90.0, 95.0, 100.0, 105.00000000000001, 110.0, 115.0, 119.99999999999999, 125.00000000000001, 130.0, 135.0, 140.0, 145.0, 150.0, 155.0, 160.0, 165.0, 170.0, 175.0, 180.0],
        [29.999999999999996, 35.0, 40.0, 45.0, 50.0, 55.0, 59.99999999999999, 65.0, 70.0, 75.0, 80.0, 85.0, 90.0, 95.0, 100.0, 105.00000000000001, 110.0, 115.0, 119.99999999999999, 125.00000000000001, 130.0, 135.0, 140.0, 145.0, 150.0, 155.0, 160.0, 165.0, 170.0, 175.0, 180.0]
    ],
    "velocity_boat_matrix_list": [
        [2.0316590101237897, 2.2942277394167863, 2.4094007483096407, 2.5238788310309626, 2.629343726612358, 2.7237164306976016, 2.770597407017481, 2.807973396032935, 2.8308372249191316, 2.838635819939636, 2.8319898452800105, 2.811962385809106, 2.779712162468297, 2.735009242109346, 2.654219151637974, 2.569058287060647, 2.457199649488611, 2.409392472324637, 2.2760172812123356, 2.0733274823346988, 1.90301208733519, 1.7285875088961427, 1.6506161003438253, 1.5949343022532874, 1.5618563221918944, 1.544146823694538, 1.5384118965215228, 1.538815108364493, 1.5279179836377532, 1.5246214390439579, 0.6221318561171736],
        [2.4093937705899466, 2.642007168037564, 2.871004223007631, 3.0206862605946014, 3.1560785092544656, 3.2603627150839105, 3.3283352037680314, 3.378129489770382, 3.394064647180183, 3.402759238547845, 3.4006313937468824, 3.3915856845369894, 3.3760280192560135, 3.2897679169087106, 3.1838534015509503, 3.043706123536915, 2.8840491217027764, 2.694702347497743, 2.5291238415333783, 2.4093936871829693, 2.349693107844566, 2.2200097110992587, 2.148135428911924, 2.09518847163744, 2.0634315018670746, 2.0460778581918926, 2.0407920206756383, 2.0414310651046437, 2.0301335429863263, 2.02677618580623, 1.1730253392993066],
        [2.724920780591452, 3.02365621111368, 3.2668926600272994, 3.416816423678313, 3.49970779326563, 3.5533301746854327, 3.596096393128921, 3.6326062226470257, 3.6594527749606827, 3.6762377501180366, 3.682725216340955, 3.6789218400152417, 3.6387775314907005, 3.587498315806408, 3.51770476246472, 3.4311622306879785, 3.3004990731940005, 3.086888533717961, 2.9016427629098005, 2.7129505135190817, 2.578554724901171, 2.5129100913539575, 2.4618679387301814, 2.425664243799545, 2.40939354377091, 2.409396475667971, 2.4093936497975537, 2.4093949426213537, 2.4093936246466763, 2.4093956736959803, 1.3491286510145584],
        [3.022056242579478, 3.3678375233563274, 3.508165265808826, 3.6293119019226263, 3.7310658654863613, 3.8063470893858073, 3.862766439303203, 3.8943969105894025, 3.918839351147612, 3.935683972833387, 3.9446390385348917, 3.9327691878935958, 3.907430372750545, 3.8670512244600954, 3.75845841132998, 3.6407616885948233, 3.5281087491130805, 3.423297731403845, 3.255943560750872, 3.063532318533098, 2.940364262146377, 2.8695339835053963, 2.8085156993344897, 2.769036831790851, 2.74882048618814, 2.7423738654546166, 2.7485560216714964, 2.74876258405247, 2.74022893360519, 2.7397561537417343, 1.5841180966231665],
        [3.284966306046659, 3.52924391320545, 3.6979640146418746, 3.8537673089585853, 3.927645922200269, 3.986685161892557, 4.03653597868925, 4.0809436133075, 4.116824023783622, 4.14357197836476, 4.15367540231601, 4.135861735357072, 4.106815462632206, 4.040834533738374, 3.957105939609305, 3.8728542264444332, 3.7414827533950823, 3.607854697192181, 3.4903243877742267, 3.3970041615215547, 3.2936985150613785, 3.213646467055297, 3.1540047165596365, 3.11818605620521, 3.1012683717045473, 3.098902129020764, 3.1099602352036424, 3.1097487010783653, 3.1020137778913246, 3.1025980512770848, 1.8650410379253062],
        [3.4468955799726793, 3.6857168282305435, 3.8752617581654465, 3.990769793659268, 4.078373580436555, 4.155320388096794, 4.221840488834544, 4.2819637613245245, 4.332301287702951, 4.371991176004908, 4.376942369806003, 4.3664962839304415, 4.320057702055381, 4.236412568306486, 4.134617613836059, 4.02988607213863, 3.9293374868953164, 3.821435268692879, 3.683211073894971, 3.573812359453982, 3.521186752764199, 3.479472446095405, 3.4479450288364997, 3.430542362023255, 3.423260078188077, 3.424585703152037, 3.4344913158566013, 3.433501712726095, 3.4283571548171055, 3.4283459965147367, 2.0832891722372384]
    ],