{
    "angle_tw_matrix_list": [
        [29.999999999999996, 35.0, 40.0, 45.0, 50.0, 55.0, 59.99999999999999, 65.0, 70.0, 75.0, 80.0, 85.0, 90.0, 95.0, 100.0, 105.00000000000001, 110.0, 115.0, 119.99999999999999, 125.00000000000001, 130.0, 135.0, 140.0, 145.0, 150.0, 155.0, 160.0, 165.0, 170.0, 175.0, 180.0],
        [29.999999999999996, 35.0, 40.0, 45.0, 50.0, 55.0, 59.99999999999999, 65.0, 70.0, 75.0, 80.0, 85.0, 90.0, 95.0, 100.0, 105.00000000000001, 110.0, 115.0, 119.99999999999999, 125.00000000000001, 130.0, 135.0, 140.0, 145.0, 150.0, 155.0, 160.0, 165.0, 170.0, 175.0, 180.0],
        [29.999999999999996, 35.0, 40.0, 45.0, 50.0, 55.0, 59.99999999999999, 65.0, 70.0, 75.0, 80.0, 85.0, 90.0, 95.0, 100.0, 105.00000000000001, 110.0, 115.0, 119.99999999999999, 125.00000000000001, 130.0, 135.0, 140.0, 145.0, 150.0, 155.0, 160.0, 165.0, 170.0, 175.0, 180.0],
        [29.999999999999996, 35.0, 40.0, 45.0, 50.0, 55.0, 59.99999999999999, 65.0, 70.0, 75.0, 80.0, 85.0, 90.0, 95.0, 100.0, 105.00000000000001, 110.0, 115.0, 119.99999999999999, 125.00000000000001, 130.0, 135.0, 140.0, 145.0, 150.0, 155.0, 160.0, 165.0, 170.0, 175.0, 180.0],
        [29.999999999999996, 35.0, 40.0, 45.0, 50.0, 55.0, 59.99999999999999, 65.0, 70.0, 75.0, 80.0, 85.0, 90.0, 95.0, 100.0, 105.00000000000001, 110.0, 115.0, 119.99999999999999, 125.00000000000001, 130.0, 135.0, 140.0, 145.0, 150.0, 155.0, 160.0, 165.0, 170.0, 175.0, 180.0],
        [29.999999999999996, 35.0, 40.0, 45.0, 50.0, 55.0, 59.99999999999999, 65.0, 70.0, 75.0, 80.0, 85.0, 90.0, 95.0, 100.0, 105.00000000000001, 110.0, 115.0, 119.99999999999999, 125.00000000000001, 130.0, 135.0, 140.0, 145.0, 150.0, 155.0, 160.0, 165.0, 170.0, 175.0, 180.0]
    ],
    "velocity_boat_matrix_list": [
        [2.0728439772186733, 2.3507258724190896, 2.552164805675562, 2.7141495458449403, 2.846304104894408, 2.9660651727155765, 3.0536650551690605, 3.0982654343744764, 3.1281217282860316, 3.1428593869089654, 3.142567942416954, 3.1277629867021792, 3.0993447944326764, 3.058613176473057, 2.9996607044003243, 2.8916507626448746, 2.7789335293822326, 2.6349923621264226, 2.528998218844495, 2.3048768848234182, 2.1017158873073756, 1.9144729769651716, 1.8018207162251818, 1.7338766180260647, 1.688451315791248, 1.6627034078129532, 1.6503317679859397, 1.649717807066282, 1.636747513410491, 1.6313939430213953, 0.7503830325145366],
        [2.5251598605805605, 2.7635298220214013, 3.021573857686304, 3.205518615887384, 3.368417141912976, 3.5186665314050503, 3.5765430771538176, 3.614030489718503, 3.642561604906812, 3.66178031131127, 3.6711198413521093, 3.6703871420645324, 3.6541857503808983, 3.6266902157600276, 3.573190747217302, 3.4772088584617626, 3.2861730000189078, 3.081321468302808, 2.8628959332405564, 2.666525476207447, 2.5290131662010604, 2.382583400264265, 2.2950120995216485, 2.229664167514314, 2.1866556687201117, 2.16214649824399, 2.1513566912898163, 2.152209256684102, 2.137950976777833, 2.132725944310687, 1.1877819654844037],
        [2.783997051587903, 3.113576006976961, 3.4027368811240564, 3.590324050518376, 3.702168011796195, 3.795507937388687, 3.8611470917026636, 3.919374847757777, 3.9655342223453283, 3.9990694934979785, 4.019239807196584, 4.025837689969797, 4.014679825167087, 3.963276492700694, 3.8882666391088603, 3.7798015942260146, 3.6568738325933765, 3.5392205234795564, 3.2746847851214973, 3.053226039829317, 2.857093209624715, 2.7418946295858078, 2.672121617195145, 2.6197511915810767, 2.5878856620007267, 2.5702879373847844, 2.5650011518126, 2.566436098873122, 2.5545374726966594, 2.5508522241831906, 1.5348398257387668],
        [3.0416461034849993, 3.4053272870377285, 3.6538503076815876, 3.80954869189505, 3.9577123264283958, 4.063195099389406, 4.120564961493529, 4.172744700090161, 4.216183393523998, 4.249648598446221, 4.272431632513792, 4.284311537782889, 4.262206071644913, 4.227393240095134, 4.161289246675491, 4.066602293036865, 3.915642385799177, 3.7597022731242364, 3.6188980216358253, 3.437816137912091, 3.233281115952545, 3.1319392404531343, 3.0598761417701725, 3.0033575446252945, 2.9702067705622706, 2.954115668158941, 2.95347128484618, 2.9557210933095455, 2.9429478383948378, 2.940003163922197, 1.8167139633463791],
        [3.2350822311527208, 3.6094475698970787, 3.831020434031538, 4.026035828458428, 4.152319090217613, 4.240702026233176, 4.318194749975967, 4.389962873749517, 4.451747816185815, 4.502383828420309, 4.540623239393675, 4.554501697044639, 4.527878436553815, 4.485089549316101, 4.389713118346772, 4.269224650980829, 4.1471904586427595, 4.020003232777514, 3.841763844383108, 3.697082672926408, 3.59018300157241, 3.527249242549646, 3.442742862205583, 3.3848013191799984, 3.354537936071223, 3.34203868588438, 3.3465594432658063, 3.350051052308058, 3.3386643224005215, 3.3320368921579244, 2.0881189160776548],
        [3.394702898500449, 3.7336915548626184, 3.99409886456568, 4.16381364630912, 4.306087867992475, 4.417822120702717, 4.518924734580992, 4.602135793086115, 4.6637963387288774, 4.715664626096218, 4.756799305217387, 4.760238825590032, 4.747153149152357, 4.697175965330377, 4.620836047066851, 4.501449374322448, 4.350458185052864, 4.207446327235881, 4.079232349806364, 3.93418114316575, 3.8297025032000116, 3.7669728032307304, 3.7184107506614423, 3.6866387423082303, 3.6706313417368213, 3.6671979791397993, 3.6708708410633895, 3.6694903520084727, 3.654073506471644, 3.6579727048565522, 2.3184050302012604]
    ],