{
    "angle_tw_matrix_list": [
        [29.999999999999996, 35.0, 40.0, 45.0, 50.0, 55.0, 59.99999999999999, 65.0, 70.0, 75.0, 80.0, 85.0, 90.0, 95.0, 100.0, 105.00000000000001, 110.0, 115.0, 119.99999999999999, 125.00000000000001, 130.0, 135.0, 140.0, 145.0, 150.0, 155.0, 160.0, 165.0, 170.0, 175.0, 180.0],
        [29.999999999999996, 35.0, 40.0, 45.0, 50.0, 55.0, 59.99999999999999, 65.0, 70.0, 75.0, 80.0, 85.0, 90.0, 95.0, 100.0, 105.00000000000001, 110.0, 115.0, 119.99999999999999, 125.00000000000001, 130.0, 135.0, 140.0, 145.0, 150.0, 155.0, 160.0, 165.0, 170.0, 175.0, 180.0],
        [29.999999999999996, 35.0, 40.0, 45.0, 50.0, 55.0, 59.99999999999999, 65.0, 70.0, 75.0, 80.0, 85.0, 90.0, 95.0, 100.0, 105.00000000000001, 110.0, 115.0, 119.99999999999999, 125.00000000000001, 130.0, 135.0, 140.0, 145.0, 150.0, 155.0, 160.0, 165.0, 170.0, 175.0, 180.0],
        [29.999999999999996, 35.0, 40.0, 45.0, 50.0, 55.0, 59.99999999999999, 65.0, 70.0, 75.0, 80.0, 85.0, 90.0, 95.0, 100.0, 105.00000000000001, 110.0, 115.0, 119.99999999999999, 125.00000000000001, 130.0, 135.0, 140.0, 145.0, 150.0, 155.0, 160.0, 165.0, 170.0, 175.0, 180.0],
        [29.999999999999996, 35.0, 40.0, 45.0, 50.0, 55.0, 59.99999999999999, 65.0, 70.0, 75.0, 80.0, 85.0, 90.0, 95.0, 100.0, 105.00000000000001, 110.0, 115.0, 119.99999999999999, 125.00000000000001, 130.0, 135.0, 140.0, 145.0, 150.0, 155.0, 160.0, 165.0, 170.0, 175.0, 180.0],
        [29.999999999999996, 35.0, 40.0, 45.0, 50.0, 55.0, 59.99999999999999, 65.0, 70.0, 75.0, 80.0, 85.0, 90.0, 95.0, 100.0, 105.00000000000001, 110.0, 115.0, 119.99999999999999, 125.00000000000001, 130.0, 135.0, 140.0, 145.0, 150.0, 155.0, 160.0, 165.0, 170.0, 175.0, 180.0]
    ],
    "velocity_boat_matrix_list": [
        [2.107243911801853, 2.380114165624608, 2.5631554538276764, 2.7236226714552756, 2.8546806160338827, 2.9722284833393138, 3.0467784846785233, 3.086038889359036, 3.110620272798453, 3.1204502200010813, 3.115832505545968, 3.0973829486579567, 3.0651913861201696, 3.021752701825191, 2.9541182355689886, 2.8430498983935175, 2.729373385585642, 2.577577902942793, 2.474332532262177, 2.2431875937481913, 2.0580732562601005, 1.8735314236901777, 1.7724431830150937, 1.7072628340037774, 1.664428874219889, 1.6403255143251805, 1.6292460600016574, 1.6295510936889444, 1.6163477617564594, 1.611427348209811, 0.7138463670142466],
        [2.5331968204013853, 2.823071278207312, 3.0987219125401935, 3.281813853160429, 3.44664123858741, 3.554587050427314, 3.5984733542258014, 3.6348910303502113, 3.660686860192456, 3.6738474598586954, 3.671398449196159, 3.657996744509665, 3.6343738910230328, 3.598071240769119, 3.5358096784115958, 3.4219879187659457, 3.226710799233184, 3.028717978362403, 2.805632531709007, 2.6115907809894665, 2.5046617307256676, 2.3360348944719975, 2.2538696867004617, 2.1926663416232817, 2.1531994352221537, 2.1308617316650076, 2.1216201212019095, 2.1223535302664196, 2.109013484111484, 2.1043360585367386, 1.108389183748006],
        [2.911496483108622, 3.2421779285986725, 3.530954989852834, 3.662582131602062, 3.785566103724058, 3.8809758162162007, 3.9471311145562296, 4.004362337292008, 4.0325076776177715, 4.048986862343599, 4.056116035543782, 4.053827699467496, 4.037437927972873, 3.9771698639539177, 3.887177322804677, 3.7594685533289427, 3.6212690352423107, 3.470548713569657, 3.216255051149067, 3.0019278101265408, 2.8068562188685804, 2.6983215833495167, 2.62932358695054, 2.577937679140352, 2.547707060185924, 2.5312591411275145, 2.5270548909460384, 2.528112442456545, 2.5165648648080947, 2.513212955904079, 1.476366367282237],
        [3.21927236509692, 3.570463560603415, 3.7784559674461016, 3.953878681048401, 4.077467825496555, 4.147437942253524, 4.204063187350279, 4.253722326009913, 4.292585905270578, 4.3200975200924026, 4.335604327406088, 4.338289634356374, 4.302522500026288, 4.251794622626251, 4.164986016985385, 4.057709034944419, 3.906692331304555, 3.733106364695816, 3.5782985132148317, 3.3783810176994047, 3.18224007556744, 3.08851992812718, 3.0183011617011233, 2.9611694751517073, 2.9290387604794597, 2.9138729645980885, 2.9140364313700915, 2.915651722926499, 2.903056276228034, 2.900388856604864, 1.7399579097831233],
        [3.4969522607975896, 3.7757390026184376, 4.022068419705103, 4.1600468588532955, 4.283922395666064, 4.375338256416959, 4.453614372261432, 4.521607433488871, 4.557201520521582, 4.5838904314369575, 4.601190351706388, 4.595808484499077, 4.571235644403505, 4.533027512442079, 4.413925770673353, 4.275285948262756, 4.1405687057423295, 4.015149065210605, 3.821568081410889, 3.664099047001294, 3.5509036384532195, 3.474911634659721, 3.3926440099305064, 3.3372168608571533, 3.3082798985934962, 3.2971708703186167, 3.301677707112771, 3.30321922624632, 3.291221046440017, 3.2894941311236647, 2.014833909916485],
        [3.6466947956761655, 3.975663564501364, 4.178157617636669, 4.347531213743283, 4.494895743246426, 4.578505156592157, 4.643850520486423, 4.7033202690995575, 4.753223491436839, 4.7919306995811395, 4.817125145165614, 4.805372887161947, 10.813387564674878, 10.847793350348331, 4.625116729309707, 4.522796273457572, 4.357107870564127, 4.2023159403115855, 4.0651525028541515, 3.920743826644415, 3.807907255545637, 3.7395437211420135, 3.6871832330403502, 3.6537585103918504, 3.6370248834322156, 3.6326162864761518, 3.640537294903664, 3.6419619335537483, 3.634719037553874, 3.6359161629752057, 2.2240159936117774]
    ],