{
    "angle_tw_matrix_list": [
        [29.999999999999996, 35.0, 40.0, 45.0, 50.0, 55.0, 59.99999999999999, 65.0, 70.0, 75.0, 80.0, 85.0, 90.0, 95.0, 100.0, 105.00000000000001, 110.0, 115.0, 119.99999999999999, 125.00000000000001, 130.0, 135.0, 140.0, 145.0, 150.0, 155.0, 160.0, 165.0, 170.0, 175.0, 180.0],
        [29.999999999999996, 35.0, 40.0, 45.0, 50.0, 55.0, 59.99999999999999, 65.0, 70.0, 75.0, 80.0, 85.0, 90.0, 95.0, 100.0, 105.00000000000001, 110.0, 115.0, 119.99999999999999, 125.00000000000001, 130.0, 135.0, 140.0, 145.0, 150.0, 155.0, 160.0, 165.0, 170.0, 175.0, 180.0],
        [29.999999999999996, 35.0, 40.0, 45.0, 50.0, 55.0, 59.99999999999999, 65.0, 70.0, 75.0, 80.0, 85.0, 90.0, 95.0, 100.0, 105.00000000000001, 110.0, 115.0, 119.99999999999999, 125.00000000000001, 130.0, 135.0, 140.0, 145.0, 150.0, 155.0, 160.0, 165.0, 170.0, 175.0, 180.0],
        [29.999999999999996, 35.0, 40.0, 45.0, 50.0, 55.0, 59.99999999999999, 65.0, 70.0, 75.0, 80.0, 85.0, 90.0, 95.0, 100.0, 105.00000000000001, 110.0, 115.0, 119.99999999999999, 125.00000000000001, 130.0, 135.0, 140.0, 145.0, 150.0, 155.0, 160.0, 165.0, 170.0, 175.0, 180.0],
        [29.999999999999996, 35.0, 40.0, 45.0, 50.0, 55.0, 59.99999999999999, 65.0, 70.0, 75.0, 80.0, 85.0, 90.0, 95.0, 100.0, 105.00000000000001, 110.0, 115.0, 119.99999999999999, 125.00000000000001, 130.0, 135.0, 140.0, 145.0, 150.0, 155.0, 160.0, 165.0, 170.0, 175.0, 180.0],
        [29.999999999999996, 35.0, 40.0, 45.0, 50.0, 55.0, 59.99999999999999, 65.0, 70.0, 75.0, 80.0, 85.0, 90.0, 95.0, 100.0, 105.00000000000001, 110.0, 115.0, 119.99999999999999, 125.00000000000001, 130.0, 135.0, 140.0, 145.0, 150.0, 155.0, 160.0, 165.0, 170.0, 175.0, 180.0]
    ],
    "velocity_boat_matrix_list": [
        [1.9824998949394892, 2.2117785642046406, 2.4173601392998236, 2.434488858967002, 2.5180104185696583, 2.585136590311551, 2.6224837745931104, 2.6519376491592657, 2.6701450999739706, 2.677134778260755, 2.6732197946065623, 2.6589874471426125, 2.6352739440820323, 2.5919541289928776, 2.532190015789087, 2.467866786144094, 2.4173642601800256, 2.365254156416612, 2.174231489057174, 2.0119228158838713, 1.8404554320249868, 1.701935244711284, 1.6328075457301638, 1.5828851818822978, 1.5532881691242846, 1.5373722521711977, 1.5323959167127825, 1.5328061359065, 1.5227209876032262, 1.519763505827051, 0.4277366519173972],
        [2.4173625697058694, 2.538280959149654, 2.72079991074869, 2.8729994218792707, 2.9911010364081525, 3.0643006218131674, 3.115410049532507, 3.1565977591857886, 3.183043008242784, 3.1947575802594748, 3.192359114778131, 3.1754463044972976, 3.132910719124443, 3.0626853799987908, 2.9851393427172637, 2.8526611510087845, 2.701536699871993, 2.562981850451684, 2.4393209288309903, 2.4173618339943954, 2.2637922256373586, 2.16350627532538, 2.1012447423870184, 2.0552771520933284, 2.028596839129381, 2.014206048964382, 2.0106408132419973, 2.011204379829036, 2.001245891332988, 1.9985541644536964, 0.841942176869034],
        [2.620482597443203, 2.8994537308436827, 3.0933768142808518, 3.2652465568796494, 3.399575694085717, 3.4485028257864028, 3.487192478493619, 3.519926532399829, 3.5436631743236036, 3.5581109128082713, 3.5611303939187, 3.5478545761156393, 3.5104361190767537, 3.4658870473694328, 3.398832649078993, 3.237044435132536, 3.0658218653087586, 2.9101544769987298, 2.7358607965005284, 2.596339249383642, 2.5001790574805542, 2.447444193700307, 2.417365499607862, 2.4172945464928954, 2.4173588260574213, 2.41736149846268, 2.4173450703304606, 2.4173521941969094, 2.414252684635286, 2.411893106742318, 1.3600350401759485],
        [2.9034992579556436, 3.199830890827606, 3.4159462599089423, 3.5281238450441954, 3.6168539155103185, 3.685927790621837, 3.7421888017953604, 3.790799047838347, 3.827776420802008, 3.852558944951037, 3.864806967189728, 3.840110018701927, 3.7921347566279886, 3.716320034838438, 3.6131674228123374, 3.511057935990451, 3.413028201730043, 3.2385459549825777, 3.0542757853294735, 2.915314378750412, 2.815014579737435, 2.751468215624073, 2.7036384347979485, 2.67451098492554, 2.6603284817717596, 2.657647726009002, 2.665633924144106, 2.6650100732114845, 2.6585529073259124, 2.6589627884595473, 1.5724012018380502],
        [3.1352169549324764, 3.446244052318771, 3.5991191568229457, 3.744524030992977, 3.853285312939833, 3.909212897791247, 3.950136482549428, 3.9861734845894086, 4.0146902287826425, 4.035241849383478, 4.0383428486508155, 4.022251951534358, 3.99645899431125, 3.9329032282573735, 3.864422862017816, 3.7313892999448135, 3.6050783050678805, 3.488626650505611, 3.38713321036854, 3.217058473698896, 3.1292990617769636, 3.067332051274955, 3.0214896752664466, 2.9965179750049287, 2.9858457955270445, 2.987256306728467, 2.999918594909249, 2.998753887788053, 2.9931457226194005, 2.994634703683124, 1.827573394030747],
        [3.362772196963216, 3.5983553577069043, 3.7884843416823277, 3.922852838995772, 3.993065204371507, 4.0566877641353685, 4.110963593452813, 4.159593961667127, 4.199553680081158, 4.2300891215737755, 4.228526059728884, 4.212314135138087, 4.167669795890463, 4.092444529269651, 4.009450439872518, 3.926622122217022, 3.826500861935107, 3.6820734471168564, 3.5638474813919014, 3.4729830398443293, 3.4266790978721535, 3.3896905625958658, 3.3426886067750945, 3.3180310995744335, 3.3096374353328035, 3.315907066091266, 3.3348111546290067, 3.3327899897458275, 3.327887192257181, 3.3310457356685363, 2.0417305780913124]
    ],