{
    "angle_tw_matrix_list": [
        [29.999999999999996, 35.0, 40.0, 45.0, 50.0, 55.0, 59.99999999999999, 65.0, 70.0, 75.0, 80.0, 85.0, 90.0, 95.0, 100.0, 105.00000000000001, 110.0, 115.0, 119.99999999999999, 125.00000000000001, 130.0, 135.0, 140.0, 145.0, 150.0, 155.0, 160.0, 165.0, 170.0, 175.0, 180.0],
        [29.999999999999996, 35.0, 40.0, 45.0, 50.0, 55.0, 59.99999999999999, 65.0, 70.0, 75.0, 80.0, 85.0, 90.0, 95.0, 100.0, 105.00000000000001, 110.0, 115.0, 119.99999999999999, 125.00000000000001, 130.0, 135.0, 140.0, 145.0, 150.0, 155.0, 160.0, 165.0, 170.0, 175.0, 180.0],
        [29.999999999999996, 35.0, 40.0, 45.0, 50.0, 55.0, 59.99999999999999, 65.0, 70.0, 75.0, 80.0, 85.0, 90.0, 95.0, 100.0, 105.00000000000001, 110.0, 115.0, 119.99999999999999, 125.00000000000001, 130.0, 135.0, 140.0, 145.0, 150.0, 155.0, 160.0, 165.0, 170.0, 175.0, 180.0],
        [29.999999999999996, 35.0, 40.0, 45.0, 50.0, 55.0, 59.99999999999999, 65.0, 70.0, 75.0, 80.0, 85.0, 90.0, 95.0, 100.0, 105.00000000000001, 110.0, 115.0, 119.99999999999999, 125.00000000000001, 130.0, 135.0, 140.0, 145.0, 150.0, 155.0, 160.0, 165.0, 170.0, 175.0, 180.0],
        [29.999999999999996, 35.0, 40.0, 45.0, 50.0, 55.0, 59.99999999999999, 65.0, 70.0, 75.0, 80.0, 85.0, 90.0, 95.0, 100.0, 105.00000000000001, 110.0, 115.0, 119.99999999999999, 125.00000000000001, 130.0, 135.0, 140.0, 145.0, 150.0, 155.0, 160.0, 165.0, 170.0, 175.0, 180.0],
        [29.999999999999996, 35.0, 40.0, 45.0, 50.0, 55.0, 59.99999999999999, 65.0, 70.0, 75.0, 80.0, 85.0, 90.0, 95.0, 100.0, 105.00000000000001, 110.0, 115.0, 119.99999999999999, 125.00000000000001, 130.0, 135.0, 140.0, 145.0, 150.0, 155.0, 160.0, 165.0, 170.0, 175.0, 180.0]
    ],
    "velocity_boat_matrix_list": [
        [1.9228047155036476, 2.133764608732581, 2.3422859834285137, 2.393104884626385, 2.464476525106829, 2.558225480862988, 2.616532832862703, 2.6647903570882097, 2.695924661627521, 2.7106947695345274, 2.7094145335966906, 2.692860480839874, 2.662240486564725, 2.60327157611364, 2.517923314594928, 2.4187784508563737, 2.393104366538392, 2.303783098972293, 2.139998868270955, 1.998820269712342, 1.8645307768093393, 1.74067602255302, 1.6785555622037405, 1.6323064629502173, 1.60280608176651, 1.586205075704693, 1.5795263687325314, 1.5800108366726875, 1.5698313136688757, 1.5663898321840404, 0.6287781431010332],
        [2.316626979023966, 2.478979925921136, 2.7250255621046855, 2.9041576397776714, 2.999478838800482, 3.0611335798551003, 3.106458169212934, 3.14383985608268, 3.169264888386303, 3.1826005262528945, 3.1840204009490614, 3.174160092481279, 3.1418502737797316, 3.087117926416557, 3.0259734611279714, 2.9316107055281364, 2.78759346042234, 2.577121918542355, 2.39479425288745, 2.393102097624512, 2.24108088461291, 2.1536362462246452, 2.097461435179953, 2.0556109840761314, 2.0311657498768634, 2.0178859938074774, 2.0145440417743843, 2.015240492166474, 2.0057221229743476, 2.0030654313762586, 1.0752557117640436],
        [2.5712033474204805, 2.908682850357918, 3.0697403283460942, 3.2153422657525095, 3.340782589411738, 3.3835283591057803, 3.413355954109597, 3.438906865651158, 3.4580333991495626, 3.468977193601542, 3.4718203735084097, 3.462120924173375, 3.438236428786399, 3.4088001535026153, 3.361072198504452, 3.236663711698198, 3.0996644554481927, 2.9729681335966234, 2.842394031627241, 2.6359301891445193, 2.501704035343211, 2.4328404413986786, 2.3931056016128935, 2.3931067059331026, 2.393103256872369, 2.393102680439377, 2.393104163427834, 2.393103782185565, 2.393101577830389, 2.3930865006696855, 1.4866263315780521],
        [2.900461109611668, 3.1502651659343184, 3.3525579271664365, 3.435497855284062, 3.4989975990875197, 3.550801511693393, 3.5936942294161254, 3.6311764157037314, 3.660445953802176, 3.6810646532460582, 3.68944850602085, 3.667173722112746, 3.636501288956231, 3.5802883392880003, 3.5116962488251957, 3.442663239999299, 3.3754147558661733, 3.247250638097139, 3.095995837212109, 2.97958559029719, 2.9022002617719362, 2.841958272117059, 2.7771709562010845, 2.736702117400609, 2.716884791448279, 2.7117415668980493, 2.7199238217158803, 2.720150089216136, 2.711290991240867, 2.711192711017261, 1.7188971449794144],
        [3.0844656392504053, 3.3692181810310364, 3.4812066529986754, 3.588478215609882, 3.665580985732662, 3.734875554977131, 3.7936168087179225, 3.8394494542965654, 3.8656124715098206, 3.8852126480525637, 3.886732841520306, 3.8745878245115364, 3.846733981528834, 3.7757040711092382, 3.6874440078521924, 3.598915948282041, 3.513377802326062, 3.433292537874547, 3.3628670407421337, 3.239392295457334, 3.163420542560388, 3.1101971817933234, 3.0701321148660385, 3.0472511444829253, 3.037109827678358, 3.0374968874419346, 3.0475113171999677, 3.047103797632101, 3.041849549366784, 3.0429080104343744, 1.9533248748861345],
        [3.26265665898201, 3.474712366812159, 3.6139254544250443, 3.743773458344184, 3.836953699271117, 3.892318606521976, 3.9402080145090226, 3.983608103603951, 4.019924780793308, 4.046479831201352, 4.045855116417527, 4.035083072018068, 3.9905209537284225, 3.929734653587723, 3.864707327292663, 3.7784528717504, 3.6725074331378655, 3.574314586564127, 3.494126644321861, 3.4322678527220876, 3.399569563229936, 3.373194170738552, 3.3533161572529275, 3.3356585218483343, 3.3286597981892836, 3.333595545811888, 3.3506188544474194, 3.349916833880552, 3.3457392833930446, 3.3486680507576674, 2.144012944818049]
    ],